observation_date,NASDAQ100,GOLD,USDJPY,TBILL3M,SP500
1986-01-31,132.93,347.0,192.3,0.0697,
1986-02-03,134.24,347.0,191.55,0.07,
1986-02-04,134.6,347.0,192.05,0.0698,
1986-02-05,135.72,347.0,190.65,0.0701,
1986-02-06,136.64,347.0,190.48,0.071,
1986-02-07,137.42,347.0,191.35,0.0721,
1986-02-10,138.13,347.0,188.15,0.07200000000000001,
1986-02-11,138.26,347.0,187.45,0.0711,
1986-02-12,138.66,347.0,186.72,0.0711,
1986-02-13,139.16,347.0,182.3,0.071,
1986-02-14,140.16,347.0,182.0,0.0702,
1986-02-18,140.74,347.0,181.05,0.0702,
1986-02-19,139.64,347.0,179.4,0.0708,
1986-02-20,139.94,347.0,181.1,0.0711,
1986-02-21,141.15,347.0,182.98,0.0698,
1986-02-24,140.2,347.0,182.15,0.0702,
1986-02-25,139.4,347.0,180.95,0.0705,
1986-02-26,138.88,347.0,181.15,0.0707,
1986-02-27,140.53,347.0,180.15,0.0703,
1986-02-28,140.43,339.0,180.55,0.0702,
1986-03-03,139.74,339.0,179.65,0.0697,
1986-03-04,140.54,339.0,179.0,0.0684,
1986-03-05,140.25,339.0,181.45,0.06849999999999999,
1986-03-06,140.8,339.0,179.3,0.0669,
1986-03-07,140.53,339.0,179.45,0.0661,
1986-03-10,142.44,339.0,180.7,0.0661,
1986-03-11,145.34,339.0,179.9,0.06570000000000001,
1986-03-12,146.62,339.0,180.2,0.0662,
1986-03-13,147.01,339.0,179.9,0.0659,
1986-03-14,147.0,339.0,177.15,0.0654,
1986-03-17,146.37,339.0,175.73,0.06559999999999999,
1986-03-18,147.63,339.0,175.0,0.0654,
1986-03-19,147.47,339.0,177.1,0.0649,
1986-03-20,147.8,339.0,176.37,0.0644,
1986-03-21,148.0,339.0,175.8,0.0641,
1986-03-24,147.09,339.0,178.9,0.0641,
1986-03-25,147.49,339.0,180.2,0.0638,
1986-03-26,147.25,339.0,179.8,0.0641,
1986-03-27,148.38,339.0,179.52,0.0634,
1986-03-31,148.86,346.0,177.6,0.0634,
1986-04-01,148.45,346.0,178.15,0.0633,
1986-04-02,148.92,346.0,179.5,0.0634,
1986-04-03,148.71,346.0,179.9,0.0633,
1986-04-04,147.03,346.0,180.35,0.0623,
1986-04-07,146.06,346.0,182.85,0.062400000000000004,
1986-04-08,148.93,346.0,180.05,0.0613,
1986-04-09,149.06,346.0,180.05,0.0601,
1986-04-10,151.76,346.0,178.8,0.0602,
1986-04-11,152.66,346.0,178.35,0.0596,
1986-04-14,153.93,346.0,179.12,0.0591,
1986-04-15,154.92,346.0,178.25,0.0581,
1986-04-16,158.9,346.0,176.5,0.057699999999999994,
1986-04-17,159.06,346.0,175.15,0.0584,
1986-04-18,157.66,346.0,173.8,0.0587,
1986-04-21,158.53,346.0,172.0,0.0587,
1986-04-22,157.86,346.0,170.15,0.059500000000000004,
1986-04-23,157.46,346.0,169.35,0.060899999999999996,
1986-04-24,159.85,346.0,169.0,0.0611,
1986-04-25,160.46,346.0,168.1,0.061399999999999996,
1986-04-28,159.9,346.0,167.15,0.061,
1986-04-29,158.25,346.0,167.85,0.060899999999999996,
1986-04-30,154.91,340.0,167.6,0.061,
1986-05-01,154.21,340.0,169.65,0.0611,
1986-05-02,155.01,340.0,169.9,0.061500000000000006,
1986-05-05,157.14,340.0,165.62,0.060599999999999994,
1986-05-06,157.13,340.0,166.25,0.0605,
1986-05-07,156.25,340.0,165.1,0.0604,
1986-05-08,157.16,340.0,163.62,0.0604,
1986-05-09,157.91,340.0,162.35,0.0605,
1986-05-12,157.75,340.0,161.15,0.0613,
1986-05-13,157.05,340.0,163.0,0.060899999999999996,
1986-05-14,157.0,340.0,163.3,0.060899999999999996,
1986-05-15,155.76,340.0,163.6,0.0617,
1986-05-16,155.0,340.0,165.4,0.0621,
1986-05-19,155.31,340.0,168.15,0.062,
1986-05-20,157.01,340.0,168.6,0.0623,
1986-05-21,157.44,340.0,168.77,0.062,
1986-05-22,159.63,340.0,169.3,0.062,
1986-05-23,160.16,340.0,169.6,0.061799999999999994,
1986-05-27,161.18,340.0,169.2,0.0616,
1986-05-28,161.31,340.0,169.0,0.061900000000000004,
1986-05-29,161.62,340.0,171.6,0.063,
1986-05-30,163.16,340.0,174.5,0.063,
1986-06-02,162.03,340.0,174.9,0.0636,
1986-06-03,162.11,340.0,171.6,0.0641,
1986-06-04,161.82,340.0,171.53,0.0652,
1986-06-05,162.36,340.0,168.9,0.06509999999999999,
1986-06-06,161.88,340.0,167.7,0.0632,
1986-06-09,158.61,340.0,167.87,0.0636,
1986-06-10,158.1,340.0,166.9,0.06280000000000001,
1986-06-11,160.03,340.0,166.35,0.0634,
1986-06-12,160.37,340.0,165.85,0.06280000000000001,
1986-06-13,162.35,340.0,165.25,0.0617,
1986-06-16,160.8,340.0,165.5,0.061200000000000004,
1986-06-17,158.57,340.0,167.8,0.060899999999999996,
1986-06-18,158.48,340.0,167.65,0.060899999999999996,
1986-06-19,159.28,340.0,166.88,0.0611,
1986-06-20,159.59,340.0,167.7,0.061,
1986-06-23,159.56,340.0,167.9,0.0611,
1986-06-24,160.8,340.0,166.65,0.0608,
1986-06-25,162.0,340.0,166.1,0.0608,
1986-06-26,161.72,340.0,166.1,0.0608,
1986-06-27,161.62,340.0,165.45,0.0602,
1986-06-30,162.62,343.0,163.8,0.0596,
1986-07-01,163.32,343.0,162.7,0.0599,
1986-07-02,163.96,343.0,163.35,0.06,
1986-07-03,164.51,343.0,161.4,0.0591,
1986-07-07,157.63,343.0,160.7,0.0587,
1986-07-08,153.26,343.0,161.0,0.0594,
1986-07-09,155.41,343.0,161.08,0.0588,
1986-07-10,154.29,343.0,160.5,0.058499999999999996,
1986-07-11,152.85,343.0,161.35,0.0575,
1986-07-14,149.28,343.0,160.25,0.057699999999999994,
1986-07-15,146.25,343.0,159.5,0.057699999999999994,
1986-07-16,147.4,343.0,158.4,0.057699999999999994,
1986-07-17,148.47,343.0,157.35,0.0575,
1986-07-18,147.76,343.0,156.45,0.0571,
1986-07-21,147.07,343.0,155.05,0.0572,
1986-07-22,147.41,343.0,156.8,0.057300000000000004,
1986-07-23,147.18,343.0,157.45,0.0581,
1986-07-24,147.28,343.0,156.7,0.0581,
1986-07-25,148.26,343.0,157.7,0.0581,
1986-07-28,145.5,343.0,155.95,0.058899999999999994,
1986-07-29,144.21,343.0,155.7,0.058600000000000006,
1986-07-30,144.52,343.0,156.1,0.058499999999999996,
1986-07-31,144.52,348.0,153.85,0.0579,
1986-08-01,144.19,348.0,153.85,0.057699999999999994,
1986-08-04,142.53,348.0,154.0,0.0571,
1986-08-05,141.86,348.0,154.95,0.0571,
1986-08-06,140.54,348.0,154.4,0.0572,
1986-08-07,140.69,348.0,153.8,0.0572,
1986-08-08,142.29,348.0,154.15,0.057,
1986-08-11,145.44,348.0,153.77,0.0567,
1986-08-12,147.06,348.0,154.7,0.056100000000000004,
1986-08-13,148.84,348.0,154.3,0.0557,
1986-08-14,150.0,348.0,153.73,0.0559,
1986-08-15,149.57,348.0,154.2,0.0556,
1986-08-18,149.07,348.0,154.2,0.056100000000000004,
1986-08-19,148.59,348.0,153.5,0.0556,
1986-08-20,149.75,348.0,153.4,0.055,
1986-08-21,150.01,348.0,153.25,0.0537,
1986-08-22,150.94,348.0,153.45,0.0536,
1986-08-25,149.91,348.0,153.84,0.0527,
1986-08-26,151.16,348.0,154.95,0.0529,
1986-08-27,152.02,348.0,154.68,0.053200000000000004,
1986-08-28,152.04,348.0,156.05,0.0529,
1986-08-29,151.7,348.0,154.55,0.051699999999999996,
1986-09-02,149.34,348.0,154.25,0.0519,
1986-09-03,149.82,348.0,154.7,0.0524,
1986-09-04,151.4,348.0,154.9,0.0519,
1986-09-05,149.67,348.0,155.4,0.052300000000000006,
1986-09-08,146.55,348.0,156.15,0.0524,
1986-09-09,145.76,348.0,155.7,0.052000000000000005,
1986-09-10,144.74,348.0,154.8,0.0516,
1986-09-11,138.46,348.0,156.4,0.0521,
1986-09-12,135.03,348.0,155.35,0.051699999999999996,
1986-09-15,134.94,348.0,155.18,0.051699999999999996,
1986-09-16,135.21,348.0,156.35,0.0513,
1986-09-17,136.39,348.0,154.8,0.0512,
1986-09-18,138.13,348.0,153.65,0.052300000000000006,
1986-09-19,138.46,348.0,152.0,0.0525,
1986-09-22,140.12,348.0,153.6,0.0525,
1986-09-23,139.56,348.0,154.66,0.0525,
1986-09-24,139.24,348.0,154.57,0.0524,
1986-09-25,137.62,348.0,154.55,0.052300000000000006,
1986-09-26,137.59,348.0,154.35,0.0524,
1986-09-29,135.53,348.0,153.65,0.0526,
1986-09-30,137.5,418.0,154.35,0.052000000000000005,
1986-10-01,138.26,418.0,154.15,0.0519,
1986-10-02,138.22,418.0,153.92,0.0519,
1986-10-03,138.56,418.0,154.17,0.0509,
1986-10-06,139.12,418.0,154.06,0.050499999999999996,
1986-10-07,138.25,418.0,154.07,0.0506,
1986-10-08,139.26,418.0,154.35,0.0504,
1986-10-09,139.16,418.0,154.95,0.0506,
1986-10-10,139.87,418.0,154.45,0.0506,
1986-10-13,140.68,418.0,154.45,0.0506,
1986-10-14,140.97,418.0,153.97,0.051399999999999994,
1986-10-15,142.1,418.0,154.2,0.0518,
1986-10-16,141.88,418.0,154.2,0.052000000000000005,
1986-10-17,141.19,418.0,154.23,0.0527,
1986-10-20,140.1,418.0,154.75,0.053099999999999994,
1986-10-21,139.93,418.0,155.16,0.053099999999999994,
1986-10-22,140.3,418.0,155.8,0.053,
1986-10-23,142.15,418.0,158.13,0.0526,
1986-10-24,141.97,418.0,161.35,0.0527,
1986-10-27,141.76,418.0,160.7,0.0519,
1986-10-28,142.5,418.0,160.1,0.052000000000000005,
1986-10-29,143.13,418.0,160.5,0.052000000000000005,
1986-10-30,144.78,418.0,161.78,0.0518,
1986-10-31,144.48,423.51,163.4,0.052000000000000005,
1986-11-03,144.81,423.51,164.0,0.0521,
1986-11-04,145.97,423.51,163.92,0.0525,
1986-11-05,146.18,423.51,164.5,0.0526,
1986-11-06,145.41,423.51,163.3,0.0526,
1986-11-07,144.91,423.51,163.2,0.053200000000000004,
1986-11-10,144.29,423.51,162.85,0.0542,
1986-11-11,145.35,423.51,162.85,0.0542,
1986-11-12,145.58,423.51,160.62,0.054000000000000006,
1986-11-13,143.41,423.51,160.9,0.054000000000000006,
1986-11-14,143.5,423.51,161.45,0.054000000000000006,
1986-11-17,141.19,423.51,162.82,0.054000000000000006,
1986-11-18,140.66,423.51,162.8,0.0535,
1986-11-19,139.54,423.51,162.4,0.0533,
1986-11-20,141.31,423.51,162.75,0.0538,
1986-11-21,142.9,423.51,164.05,0.0536,
1986-11-24,144.5,423.51,164.18,0.0538,
1986-11-25,145.77,423.51,162.55,0.053899999999999997,
1986-11-26,146.87,423.51,162.95,0.053899999999999997,
1986-11-28,147.94,423.51,162.05,0.053899999999999997,
1986-12-01,146.85,423.51,162.25,0.0542,
1986-12-02,148.85,423.51,162.0,0.0541,
1986-12-03,150.08,423.51,162.26,0.0541,
1986-12-04,149.98,423.51,162.77,0.054000000000000006,
1986-12-05,149.04,423.51,162.42,0.054400000000000004,
1986-12-08,147.84,423.51,162.4,0.055099999999999996,
1986-12-09,146.87,423.51,162.6,0.0548,
1986-12-10,146.96,423.51,162.75,0.054900000000000004,
1986-12-11,146.08,423.51,162.7,0.054900000000000004,
1986-12-12,144.98,423.51,163.05,0.054900000000000004,
1986-12-15,144.07,423.51,163.25,0.055,
1986-12-16,144.49,423.51,163.95,0.0558,
1986-12-17,143.04,423.51,163.65,0.0564,
1986-12-18,142.85,423.51,163.0,0.055999999999999994,
1986-12-19,143.77,423.51,162.2,0.055099999999999996,
1986-12-22,144.09,423.51,162.75,0.0553,
1986-12-23,142.81,423.51,162.7,0.0555,
1986-12-24,142.79,423.51,161.45,0.0557,
1986-12-26,142.94,423.51,159.75,0.0557,
1986-12-29,142.94,423.51,159.05,0.0567,
1986-12-30,141.53,423.51,159.9,0.056900000000000006,
1986-12-31,141.41,391.0,158.3,0.0567,
1987-01-02,142.86,391.0,158.25,0.0555,
1987-01-05,147.41,391.0,159.4,0.0555,
1987-01-06,149.06,391.0,158.78,0.055099999999999996,
1987-01-07,152.97,391.0,158.05,0.054299999999999994,
1987-01-08,155.69,391.0,158.23,0.054299999999999994,
1987-01-09,156.99,391.0,158.2,0.0538,
1987-01-12,159.31,391.0,156.77,0.0537,
1987-01-13,159.62,391.0,155.75,0.0536,
1987-01-14,162.66,391.0,152.8,0.0535,
1987-01-15,164.15,391.0,153.55,0.0536,
1987-01-16,162.51,391.0,153.4,0.0533,
1987-01-19,166.46,391.0,153.4,0.0533,
1987-01-20,166.52,391.0,152.68,0.053,
1987-01-21,164.26,391.0,153.95,0.053099999999999994,
1987-01-22,167.94,391.0,151.9,0.0538,
1987-01-23,166.76,391.0,153.08,0.054000000000000006,
1987-01-26,164.14,391.0,152.65,0.054900000000000004,
1987-01-27,166.66,391.0,151.65,0.054900000000000004,
1987-01-28,167.63,391.0,151.75,0.0547,
1987-01-29,165.74,391.0,152.1,0.0548,
1987-01-30,166.68,391.0,153.65,0.055999999999999994,
1987-02-02,170.31,391.0,152.57,0.056100000000000004,
1987-02-03,171.56,391.0,152.5,0.0559,
1987-02-04,173.5,391.0,152.8,0.056299999999999996,
1987-02-05,174.63,391.0,153.63,0.0559,
1987-02-06,174.63,391.0,154.45,0.056600000000000004,
1987-02-09,173.63,391.0,152.55,0.0572,
1987-02-10,172.32,391.0,152.4,0.0582,
1987-02-11,175.98,391.0,153.7,0.058600000000000006,
1987-02-12,176.26,391.0,154.1,0.0572,
1987-02-13,179.06,391.0,153.7,0.0565,
1987-02-17,183.65,391.0,153.22,0.0572,
1987-02-18,181.21,391.0,153.85,0.055999999999999994,
1987-02-19,179.87,391.0,154.13,0.0545,
1987-02-20,178.69,391.0,153.65,0.054299999999999994,
1987-02-23,177.71,391.0,153.68,0.054400000000000004,
1987-02-24,178.94,391.0,153.78,0.054400000000000004,
1987-02-25,180.97,391.0,153.6,0.0545,
1987-02-26,182.19,391.0,153.15,0.0545,
1987-02-27,182.75,391.0,153.27,0.0545,
1987-03-02,181.06,391.0,153.5,0.0548,
1987-03-03,180.56,391.0,153.65,0.0554,
1987-03-04,183.28,391.0,153.71,0.055099999999999996,
1987-03-05,184.67,391.0,153.2,0.0552,
1987-03-06,184.28,391.0,153.47,0.0564,
1987-03-09,182.47,391.0,153.8,0.0564,
1987-03-10,184.47,391.0,153.65,0.056799999999999996,
1987-03-11,185.31,391.0,153.82,0.056900000000000006,
1987-03-12,184.77,391.0,153.63,0.0567,
1987-03-13,183.16,391.0,152.65,0.0562,
1987-03-16,182.73,391.0,151.65,0.0565,
1987-03-17,185.9,391.0,151.95,0.0557,
1987-03-18,186.04,391.0,151.95,0.0552,
1987-03-19,187.96,391.0,151.48,0.055,
1987-03-20,189.82,391.0,151.7,0.0552,
1987-03-23,189.4,391.0,150.25,0.0562,
1987-03-24,190.18,391.0,149.32,0.056100000000000004,
1987-03-25,190.19,391.0,149.15,0.0557,
1987-03-26,190.71,391.0,149.2,0.0557,
1987-03-27,189.05,391.0,147.72,0.056299999999999996,
1987-03-30,183.84,391.0,146.4,0.056600000000000004,
1987-03-31,186.04,408.91,145.68,0.056100000000000004,
1987-04-01,186.07,408.91,146.82,0.0554,
1987-04-02,187.66,408.91,146.5,0.055099999999999996,
1987-04-03,191.36,408.91,146.2,0.055,
1987-04-06,190.91,408.91,146.1,0.0547,
1987-04-07,187.44,408.91,145.35,0.055099999999999996,
1987-04-08,189.28,408.91,146.6,0.055,
1987-04-09,188.73,408.91,144.7,0.0575,
1987-04-10,188.28,408.91,142.55,0.058499999999999996,
1987-04-13,183.94,408.91,142.65,0.0602,
1987-04-14,179.72,408.91,141.13,0.0592,
1987-04-15,182.46,408.91,141.75,0.056799999999999996,
1987-04-16,183.75,408.91,143.0,0.0556,
1987-04-20,182.13,408.91,142.4,0.0554,
1987-04-21,184.63,408.91,142.35,0.055,
1987-04-22,183.96,408.91,142.35,0.0542,
1987-04-23,183.77,408.91,141.2,0.054900000000000004,
1987-04-24,180.38,408.91,139.75,0.0576,
1987-04-27,179.55,408.91,138.4,0.057800000000000004,
1987-04-28,181.26,408.91,139.9,0.0582,
1987-04-29,182.22,408.91,140.2,0.0571,
1987-04-30,184.83,438.0,140.67,0.0553,
1987-05-01,185.83,438.0,140.35,0.055999999999999994,
1987-05-04,186.45,438.0,139.1,0.0567,
1987-05-05,189.74,438.0,138.67,0.0581,
1987-05-06,189.29,438.0,139.2,0.055,
1987-05-07,190.01,438.0,139.4,0.0553,
1987-05-08,190.36,438.0,139.6,0.0553,
1987-05-11,189.24,438.0,139.5,0.0565,
1987-05-12,188.97,438.0,139.6,0.055999999999999994,
1987-05-13,190.29,438.0,139.76,0.0553,
1987-05-14,190.74,438.0,139.5,0.057300000000000004,
1987-05-15,187.91,438.0,139.8,0.059500000000000004,
1987-05-18,185.46,438.0,139.95,0.0587,
1987-05-19,181.47,438.0,140.0,0.057800000000000004,
1987-05-20,181.7,438.0,139.78,0.056900000000000006,
1987-05-21,182.66,438.0,140.45,0.0553,
1987-05-22,181.64,438.0,140.6,0.0555,
1987-05-26,185.17,438.0,143.3,0.056100000000000004,
1987-05-27,185.96,438.0,143.52,0.0576,
1987-05-28,188.11,438.0,143.4,0.056299999999999996,
1987-05-29,188.77,438.0,144.1,0.056799999999999996,
1987-06-01,185.86,438.0,145.45,0.057,
1987-06-02,184.5,438.0,142.25,0.0576,
1987-06-03,185.76,438.0,142.8,0.056900000000000006,
1987-06-04,186.25,438.0,144.3,0.056600000000000004,
1987-06-05,185.69,438.0,143.8,0.056799999999999996,
1987-06-08,187.53,438.0,143.45,0.056600000000000004,
1987-06-09,189.47,438.0,142.5,0.055099999999999996,
1987-06-10,190.02,438.0,142.45,0.0548,
1987-06-11,189.66,438.0,142.55,0.0554,
1987-06-12,190.36,438.0,143.85,0.0555,
1987-06-15,189.6,438.0,144.8,0.0565,
1987-06-16,189.19,438.0,144.45,0.056299999999999996,
1987-06-17,191.03,438.0,144.65,0.0565,
1987-06-18,192.37,438.0,144.6,0.0565,
1987-06-19,192.05,438.0,145.05,0.056600000000000004,
1987-06-22,192.41,438.0,145.9,0.056600000000000004,
1987-06-23,191.84,438.0,146.03,0.0572,
1987-06-24,191.91,438.0,145.08,0.0583,
1987-06-25,191.34,438.0,146.33,0.0584,
1987-06-26,191.06,438.0,146.3,0.057800000000000004,
1987-06-29,190.7,438.0,146.7,0.0567,
1987-06-30,189.24,450.0,146.8,0.057300000000000004,
1987-07-01,189.47,450.0,146.85,0.0564,
1987-07-02,190.38,450.0,147.3,0.056600000000000004,
1987-07-06,189.03,450.0,149.13,0.0567,
1987-07-07,187.75,450.0,149.7,0.055999999999999994,
1987-07-08,187.38,450.0,150.57,0.0557,
1987-07-09,187.97,450.0,149.98,0.056100000000000004,
1987-07-10,188.74,450.0,150.65,0.0559,
1987-07-13,190.42,450.0,150.98,0.056100000000000004,
1987-07-14,194.99,450.0,151.08,0.0555,
1987-07-15,194.87,450.0,148.65,0.0558,
1987-07-16,196.04,450.0,150.55,0.0558,
1987-07-17,195.87,450.0,152.76,0.0556,
1987-07-20,193.86,450.0,152.85,0.0555,
1987-07-21,193.19,450.0,152.66,0.056900000000000006,
1987-07-22,193.63,450.0,152.34,0.056600000000000004,
1987-07-23,191.5,450.0,150.78,0.0567,
1987-07-24,193.03,450.0,149.95,0.0575,
1987-07-27,193.19,450.0,150.45,0.0581,
1987-07-28,193.75,450.0,150.38,0.058600000000000006,
1987-07-29,194.72,450.0,150.78,0.0588,
1987-07-30,196.56,450.0,149.65,0.060700000000000004,
1987-07-31,196.35,451.0,149.9,0.060700000000000004,
1987-08-03,195.24,451.0,150.5,0.0605,
1987-08-04,195.88,451.0,152.1,0.058499999999999996,
1987-08-05,198.25,451.0,150.75,0.058499999999999996,
1987-08-06,201.87,451.0,151.45,0.0574,
1987-08-07,203.73,451.0,151.57,0.058499999999999996,
1987-08-10,206.03,451.0,151.12,0.0591,
1987-08-11,208.39,451.0,151.77,0.0594,
1987-08-12,207.06,451.0,151.25,0.059500000000000004,
1987-08-13,206.47,451.0,151.45,0.0596,
1987-08-14,206.47,451.0,150.0,0.0596,
1987-08-17,206.83,451.0,149.92,0.059800000000000006,
1987-08-18,203.9,451.0,146.07,0.0602,
1987-08-19,205.39,451.0,145.1,0.0604,
1987-08-20,208.93,451.0,144.15,0.0611,
1987-08-21,210.57,451.0,142.75,0.061,
1987-08-24,209.48,451.0,142.0,0.0617,
1987-08-25,210.72,451.0,143.22,0.061799999999999994,
1987-08-26,211.16,451.0,143.05,0.0625,
1987-08-27,210.63,451.0,142.05,0.0629,
1987-08-28,208.84,451.0,142.0,0.06309999999999999,
1987-08-31,209.57,461.15,141.75,0.0625,
1987-09-01,206.89,461.15,141.83,0.061200000000000004,
1987-09-02,205.73,461.15,141.03,0.060899999999999996,
1987-09-03,205.01,461.15,141.03,0.061900000000000004,
1987-09-04,204.06,461.15,141.75,0.0638,
1987-09-08,199.9,461.15,141.75,0.0644,
1987-09-09,201.6,461.15,141.6,0.0643,
1987-09-10,205.16,461.15,142.57,0.0633,
1987-09-11,206.37,461.15,142.8,0.0635,
1987-09-14,205.16,461.15,144.5,0.0634,
1987-09-15,202.25,461.15,144.05,0.0634,
1987-09-16,201.3,461.15,144.36,0.0634,
1987-09-17,202.06,461.15,143.4,0.0638,
1987-09-18,201.68,461.15,142.67,0.0642,
1987-09-21,197.26,461.15,143.55,0.06509999999999999,
1987-09-22,201.43,461.15,144.15,0.0649,
1987-09-23,204.07,461.15,143.9,0.0647,
1987-09-24,204.64,461.15,143.73,0.0641,
1987-09-25,205.12,461.15,143.67,0.065,
1987-09-28,204.63,461.15,144.07,0.0653,
1987-09-29,204.15,461.15,146.2,0.0669,
1987-09-30,205.5,460.0,146.5,0.0661,
1987-10-01,209.71,460.0,146.9,0.0663,
1987-10-02,213.81,460.0,146.4,0.0666,
1987-10-05,212.15,460.0,146.85,0.0668,
1987-10-06,208.07,460.0,146.71,0.0655,
1987-10-07,206.89,460.0,145.65,0.06559999999999999,
1987-10-08,203.63,460.0,144.89,0.0669,
1987-10-09,202.47,460.0,143.85,0.0675,
1987-10-12,199.63,460.0,143.85,0.0675,
1987-10-13,201.23,460.0,143.75,0.0674,
1987-10-14,197.5,460.0,142.75,0.0719,
1987-10-15,193.06,460.0,142.15,0.0707,
1987-10-16,183.28,460.0,142.75,0.0693,
1987-10-19,155.65,460.0,141.83,0.0639,
1987-10-20,143.96,460.0,143.9,0.058600000000000006,
1987-10-21,158.78,460.0,144.2,0.055999999999999994,
1987-10-22,149.99,460.0,144.68,0.0536,
1987-10-23,145.42,460.0,142.85,0.0529,
1987-10-26,128.43,460.0,142.2,0.052199999999999996,
1987-10-27,129.87,460.0,141.58,0.052300000000000006,
1987-10-28,131.21,460.0,139.18,0.051,
1987-10-29,144.0,460.0,138.25,0.050300000000000004,
1987-10-30,150.07,460.0,138.4,0.0527,
1987-11-02,152.19,460.0,137.0,0.0562,
1987-11-03,147.13,460.0,137.38,0.056299999999999996,
1987-11-04,147.94,460.0,137.28,0.0554,
1987-11-05,153.03,460.0,134.7,0.0558,
1987-11-06,150.68,460.0,135.4,0.057300000000000004,
1987-11-09,146.49,460.0,134.3,0.057,
1987-11-10,143.44,460.0,134.55,0.0567,
1987-11-11,145.48,460.0,134.55,0.0567,
1987-11-12,149.84,460.0,136.45,0.0583,
1987-11-13,147.95,460.0,135.85,0.0591,
1987-11-16,147.46,460.0,136.6,0.0587,
1987-11-17,143.57,460.0,135.72,0.0588,
1987-11-18,144.84,460.0,135.55,0.057699999999999994,
1987-11-19,141.06,460.0,135.15,0.056600000000000004,
1987-11-20,140.84,460.0,135.45,0.0572,
1987-11-23,141.84,460.0,134.73,0.057800000000000004,
1987-11-24,144.66,460.0,135.52,0.057699999999999994,
1987-11-25,145.0,460.0,134.8,0.057,
1987-11-27,143.35,460.0,133.7,0.056299999999999996,
1987-11-30,137.13,468.0,132.42,0.0521,
1987-12-01,137.16,468.0,133.0,0.0555,
1987-12-02,137.96,468.0,132.7,0.054900000000000004,
1987-12-03,132.95,468.0,132.9,0.0536,
1987-12-04,130.44,468.0,132.85,0.054299999999999994,
1987-12-07,133.15,468.0,132.8,0.0582,
1987-12-08,136.69,468.0,132.72,0.058600000000000006,
1987-12-09,139.76,468.0,132.4,0.0583,
1987-12-10,139.01,468.0,129.4,0.0592,
1987-12-11,139.82,468.0,128.5,0.058600000000000006,
1987-12-14,146.08,468.0,128.02,0.058499999999999996,
1987-12-15,146.89,468.0,127.6,0.0593,
1987-12-16,151.06,468.0,127.28,0.0594,
1987-12-17,149.91,468.0,126.25,0.0593,
1987-12-18,154.75,468.0,127.1,0.0587,
1987-12-21,156.02,468.0,127.08,0.0587,
1987-12-22,155.56,468.0,126.55,0.0593,
1987-12-23,158.06,468.0,126.75,0.057800000000000004,
1987-12-24,158.19,468.0,126.12,0.0574,
1987-12-28,152.78,468.0,123.15,0.057,
1987-12-29,154.34,468.0,123.5,0.0584,
1987-12-30,157.28,468.0,123.4,0.0571,
1987-12-31,156.25,486.0,121.25,0.056799999999999996,
1988-01-04,161.81,486.0,122.7,0.0588,
1988-01-05,164.28,486.0,126.9,0.0593,
1988-01-06,166.18,486.0,129.65,0.0584,
1988-01-07,168.7,486.0,128.58,0.057800000000000004,
1988-01-08,158.19,486.0,129.15,0.0587,
1988-01-11,158.88,486.0,128.2,0.056900000000000006,
1988-01-12,155.72,486.0,127.38,0.0581,
1988-01-13,155.54,486.0,126.65,0.0579,
1988-01-14,156.03,486.0,126.73,0.0588,
1988-01-15,159.82,486.0,130.5,0.0588,
1988-01-18,159.03,486.0,130.5,0.0588,
1988-01-19,158.01,486.0,128.6,0.0596,
1988-01-20,152.47,486.0,127.75,0.0581,
1988-01-21,152.95,486.0,127.2,0.0582,
1988-01-22,154.35,486.0,127.85,0.0581,
1988-01-25,157.06,486.0,127.78,0.0583,
1988-01-26,155.23,486.0,127.88,0.0582,
1988-01-27,155.43,486.0,127.6,0.0574,
1988-01-28,157.66,486.0,127.17,0.056799999999999996,
1988-01-29,159.13,486.0,127.75,0.0564,
1988-02-01,158.62,486.0,129.38,0.056600000000000004,
1988-02-02,158.97,486.0,128.28,0.0571,
1988-02-03,156.58,486.0,127.9,0.0571,
1988-02-04,157.38,486.0,128.5,0.0565,
1988-02-05,158.01,486.0,129.05,0.0564,
1988-02-08,157.88,486.0,128.6,0.0564,
1988-02-09,158.93,486.0,129.18,0.055999999999999994,
1988-02-10,162.24,486.0,129.02,0.056100000000000004,
1988-02-11,162.96,486.0,129.14,0.056299999999999996,
1988-02-12,163.94,486.0,131.15,0.0575,
1988-02-16,165.54,486.0,130.25,0.0575,
1988-02-17,165.81,486.0,130.3,0.0574,
1988-02-18,165.75,486.0,130.23,0.056900000000000006,
1988-02-19,167.07,486.0,130.05,0.056799999999999996,
1988-02-22,170.2,486.0,129.28,0.056600000000000004,
1988-02-23,171.28,486.0,128.78,0.056299999999999996,
1988-02-24,172.47,486.0,128.8,0.0562,
1988-02-25,170.78,486.0,128.8,0.056299999999999996,
1988-02-26,170.65,486.0,128.19,0.0559,
1988-02-29,172.64,442.07,128.45,0.0562,
1988-03-01,172.63,442.07,128.27,0.0562,
1988-03-02,175.12,442.07,129.2,0.056100000000000004,
1988-03-03,176.5,442.07,129.25,0.055999999999999994,
1988-03-04,177.39,442.07,128.75,0.0571,
1988-03-07,178.47,442.07,128.17,0.0572,
1988-03-08,179.63,442.07,128.09,0.0574,
1988-03-09,181.24,442.07,128.02,0.057300000000000004,
1988-03-10,178.44,442.07,128.1,0.0575,
1988-03-11,177.89,442.07,127.38,0.057300000000000004,
1988-03-14,179.21,442.07,126.92,0.057,
1988-03-15,178.31,442.07,127.15,0.056100000000000004,
1988-03-16,180.42,442.07,127.43,0.056100000000000004,
1988-03-17,181.24,442.07,128.65,0.055999999999999994,
1988-03-18,181.03,442.07,128.35,0.056600000000000004,
1988-03-21,178.9,442.07,127.08,0.0574,
1988-03-22,180.01,442.07,127.12,0.057800000000000004,
1988-03-23,179.25,442.07,126.8,0.0583,
1988-03-24,174.76,442.07,125.75,0.0579,
1988-03-25,172.88,442.07,125.35,0.057,
1988-03-28,172.84,442.07,124.2,0.0574,
1988-03-29,173.66,442.07,124.65,0.0574,
1988-03-30,172.13,442.07,124.84,0.0575,
1988-03-31,173.26,444.0,124.1,0.0571,
1988-04-04,171.41,444.0,124.4,0.058499999999999996,
1988-04-05,172.9,444.0,125.18,0.06,
1988-04-06,176.6,444.0,125.5,0.0605,
1988-04-07,177.33,444.0,125.82,0.0605,
1988-04-08,178.93,444.0,125.55,0.0602,
1988-04-11,179.94,444.0,126.68,0.0604,
1988-04-12,180.1,444.0,126.56,0.0593,
1988-04-13,180.38,444.0,126.33,0.058600000000000006,
1988-04-14,173.27,444.0,123.65,0.0574,
1988-04-15,173.13,444.0,123.88,0.0588,
1988-04-18,173.55,444.0,124.06,0.058499999999999996,
1988-04-19,174.35,444.0,124.18,0.0581,
1988-04-20,172.94,444.0,123.98,0.0584,
1988-04-21,172.07,444.0,124.15,0.0583,
1988-04-22,173.32,444.0,124.7,0.0583,
1988-04-25,174.4,444.0,124.82,0.058499999999999996,
1988-04-26,176.75,444.0,124.79,0.059000000000000004,
1988-04-27,177.21,444.0,125.1,0.0587,
1988-04-28,176.73,444.0,124.6,0.0596,
1988-04-29,175.92,444.0,124.92,0.059800000000000006,
1988-05-02,176.75,444.0,124.95,0.0608,
1988-05-03,179.0,444.0,124.88,0.0613,
1988-05-04,178.63,444.0,125.0,0.061399999999999996,
1988-05-05,177.68,444.0,124.65,0.061799999999999994,
1988-05-06,177.18,444.0,124.88,0.0629,
1988-05-09,174.93,444.0,124.82,0.06309999999999999,
1988-05-10,174.32,444.0,124.44,0.0634,
1988-05-11,170.8,444.0,124.25,0.0626,
1988-05-12,171.71,444.0,124.39,0.0621,
1988-05-13,173.84,444.0,124.68,0.061799999999999994,
1988-05-16,174.99,444.0,124.95,0.062,
1988-05-17,174.07,444.0,125.73,0.063,
1988-05-18,170.28,444.0,125.4,0.0621,
1988-05-19,170.34,444.0,124.87,0.061500000000000006,
1988-05-20,169.88,444.0,124.84,0.062400000000000004,
1988-05-23,167.65,444.0,124.55,0.0625,
1988-05-24,169.21,444.0,124.35,0.06309999999999999,
1988-05-25,169.01,444.0,124.35,0.0633,
1988-05-26,169.85,444.0,124.44,0.0642,
1988-05-27,169.59,444.0,125.0,0.0644,
1988-05-31,173.34,451.0,125.11,0.0643,
1988-06-01,176.68,451.0,125.2,0.0647,
1988-06-02,176.45,451.0,126.55,0.0644,
1988-06-03,178.0,451.0,125.97,0.0646,
1988-06-06,179.75,451.0,126.18,0.0646,
1988-06-07,179.76,451.0,125.72,0.0643,
1988-06-08,183.01,451.0,125.25,0.0639,
1988-06-09,182.78,451.0,125.2,0.0644,
1988-06-10,184.74,451.0,124.92,0.0645,
1988-06-13,184.74,451.0,125.2,0.0644,
1988-06-14,185.78,451.0,126.4,0.0635,
1988-06-15,186.1,451.0,126.27,0.0634,
1988-06-16,184.5,451.0,125.78,0.0629,
1988-06-17,183.94,451.0,125.87,0.0637,
1988-06-20,183.19,451.0,126.25,0.0637,
1988-06-21,184.79,451.0,126.47,0.06559999999999999,
1988-06-22,186.98,451.0,128.63,0.0652,
1988-06-23,187.18,451.0,128.67,0.0652,
1988-06-24,187.35,451.0,130.6,0.06509999999999999,
1988-06-27,185.12,451.0,130.88,0.06559999999999999,
1988-06-28,188.19,451.0,130.95,0.066,
1988-06-29,187.78,451.0,133.75,0.0658,
1988-06-30,189.03,451.0,133.53,0.06559999999999999,
1988-07-01,189.96,451.0,134.1,0.0655,
1988-07-05,191.91,451.0,134.29,0.06559999999999999,
1988-07-06,190.43,451.0,133.6,0.0653,
1988-07-07,189.38,451.0,131.77,0.0655,
1988-07-08,188.15,451.0,133.23,0.0666,
1988-07-11,187.69,451.0,132.9,0.0661,
1988-07-12,187.24,451.0,132.63,0.0673,
1988-07-13,188.12,451.0,132.9,0.0672,
1988-07-14,188.68,451.0,133.13,0.0673,
1988-07-15,188.51,451.0,135.3,0.0672,
1988-07-18,188.79,451.0,134.75,0.0666,
1988-07-19,185.78,451.0,133.9,0.0669,
1988-07-20,185.25,451.0,133.18,0.06709999999999999,
1988-07-21,182.41,451.0,132.25,0.0678,
1988-07-22,181.86,451.0,130.7,0.0674,
1988-07-25,181.59,451.0,132.1,0.068,
1988-07-26,179.71,451.0,132.55,0.0689,
1988-07-27,177.37,451.0,131.7,0.07,
1988-07-28,178.22,451.0,132.4,0.0699,
1988-07-29,181.16,451.0,133.05,0.0695,
1988-08-01,181.44,451.0,132.8,0.0691,
1988-08-02,180.53,451.0,132.92,0.069,
1988-08-03,181.07,451.0,132.87,0.069,
1988-08-04,181.18,451.0,133.02,0.0684,
1988-08-05,179.9,451.0,133.68,0.0692,
1988-08-08,179.81,451.0,133.75,0.0684,
1988-08-09,177.27,451.0,134.75,0.0706,
1988-08-10,172.68,451.0,134.45,0.0699,
1988-08-11,174.63,451.0,133.86,0.0701,
1988-08-12,173.75,451.0,133.15,0.0701,
1988-08-15,170.09,451.0,133.25,0.0699,
1988-08-16,172.65,451.0,132.92,0.0706,
1988-08-17,172.91,451.0,134.07,0.0703,
1988-08-18,173.55,451.0,133.35,0.0702,
1988-08-19,172.81,451.0,133.45,0.0706,
1988-08-22,169.9,451.0,134.1,0.0706,
1988-08-23,169.6,451.0,133.85,0.0716,
1988-08-24,171.96,451.0,134.25,0.0718,
1988-08-25,170.53,451.0,133.35,0.0725,
1988-08-26,170.98,451.0,133.66,0.0733,
1988-08-29,172.76,451.0,134.13,0.0732,
1988-08-30,172.37,451.0,134.47,0.073,
1988-08-31,171.0,431.28,136.52,0.073,
1988-09-01,168.22,431.28,136.35,0.0728,
1988-09-02,171.47,431.28,136.1,0.0722,
1988-09-06,171.94,431.28,135.3,0.0726,
1988-09-07,172.09,431.28,133.67,0.0733,
1988-09-08,172.97,431.28,133.87,0.0732,
1988-09-09,175.48,431.28,133.62,0.0728,
1988-09-12,175.59,431.28,133.5,0.0723,
1988-09-13,175.87,431.28,133.3,0.0717,
1988-09-14,176.98,431.28,134.6,0.0716,
1988-09-15,175.41,431.28,133.67,0.0717,
1988-09-16,176.65,431.28,134.3,0.07150000000000001,
1988-09-19,176.11,431.28,133.55,0.0713,
1988-09-20,176.81,431.28,133.9,0.07200000000000001,
1988-09-21,177.81,431.28,134.25,0.0719,
1988-09-22,178.28,431.28,134.63,0.07200000000000001,
1988-09-23,177.47,431.28,134.47,0.0723,
1988-09-26,175.87,431.28,134.65,0.073,
1988-09-27,175.8,431.28,134.45,0.0733,
1988-09-28,177.06,431.28,134.23,0.07339999999999999,
1988-09-29,178.82,431.28,134.36,0.0729,
1988-09-30,179.37,413.0,133.9,0.0725,
1988-10-03,176.79,413.0,133.65,0.0724,
1988-10-04,176.29,413.0,133.26,0.0723,
1988-10-05,175.86,413.0,133.5,0.0722,
1988-10-06,176.24,413.0,133.41,0.073,
1988-10-07,176.0,413.0,133.3,0.0727,
1988-10-10,174.94,413.0,133.3,0.0727,
1988-10-11,175.63,413.0,131.07,0.0729,
1988-10-12,173.29,413.0,128.96,0.0728,
1988-10-13,174.84,413.0,128.03,0.07339999999999999,
1988-10-14,175.37,413.0,127.15,0.0732,
1988-10-17,175.78,413.0,127.28,0.0733,
1988-10-18,176.99,413.0,126.67,0.0736,
1988-10-19,176.99,413.0,127.3,0.07429999999999999,
1988-10-20,180.37,413.0,127.2,0.0745,
1988-10-21,179.74,413.0,126.35,0.07440000000000001,
1988-10-24,178.41,413.0,126.83,0.0751,
1988-10-25,177.4,413.0,126.7,0.07440000000000001,
1988-10-26,176.35,413.0,125.7,0.0741,
1988-10-27,174.28,413.0,125.9,0.0738,
1988-10-28,174.88,413.0,125.85,0.0737,
1988-10-31,174.78,407.0,125.5,0.0736,
1988-11-01,174.59,407.0,125.3,0.07339999999999999,
1988-11-02,174.01,407.0,124.6,0.0737,
1988-11-03,174.25,407.0,124.2,0.07400000000000001,
1988-11-04,173.56,407.0,125.32,0.0745,
1988-11-07,171.34,407.0,124.72,0.0748,
1988-11-08,173.75,407.0,125.57,0.0759,
1988-11-09,173.5,407.0,124.25,0.0757,
1988-11-10,173.28,407.0,123.98,0.0764,
1988-11-11,169.24,407.0,123.98,0.0764,
1988-11-14,168.96,407.0,123.43,0.07780000000000001,
1988-11-15,168.1,407.0,123.42,0.0795,
1988-11-16,165.53,407.0,122.55,0.0794,
1988-11-17,166.21,407.0,122.73,0.07919999999999999,
1988-11-18,166.53,407.0,122.65,0.0794,
1988-11-21,163.81,407.0,121.95,0.0799,
1988-11-22,164.35,407.0,121.35,0.08,
1988-11-23,167.19,407.0,121.3,0.0801,
1988-11-25,165.72,407.0,121.1,0.0803,
1988-11-28,166.0,407.0,122.22,0.07980000000000001,
1988-11-29,167.17,407.0,121.5,0.0799,
1988-11-30,169.19,420.0,121.9,0.0783,
1988-12-01,171.33,420.0,121.6,0.0785,
1988-12-02,171.62,420.0,121.47,0.08070000000000001,
1988-12-05,172.85,420.0,121.5,0.0801,
1988-12-06,174.01,420.0,121.75,0.0795,
1988-12-07,172.84,420.0,123.5,0.0799,
1988-12-08,171.88,420.0,122.57,0.07980000000000001,
1988-12-09,171.79,420.0,122.35,0.0788,
1988-12-12,171.11,420.0,122.85,0.079,
1988-12-13,170.25,420.0,123.15,0.081,
1988-12-14,170.87,420.0,122.71,0.0812,
1988-12-15,171.62,420.0,123.37,0.0819,
1988-12-16,174.01,420.0,124.5,0.0816,
1988-12-19,175.39,420.0,124.1,0.0819,
1988-12-20,175.07,420.0,125.1,0.0818,
1988-12-21,174.66,420.0,124.35,0.081,
1988-12-22,174.76,420.0,124.71,0.0805,
1988-12-23,175.61,420.0,124.85,0.0805,
1988-12-27,175.22,420.0,124.85,0.0815,
1988-12-28,175.13,420.0,125.58,0.08259999999999999,
1988-12-29,176.68,420.0,125.85,0.08130000000000001,
1988-12-30,177.41,420.0,125.05,0.081,
1989-01-03,174.63,420.0,123.6,0.0814,
1989-01-04,177.56,420.0,125.05,0.0825,
1989-01-05,177.49,420.0,125.59,0.0827,
1989-01-06,177.52,420.0,126.62,0.08289999999999999,
1989-01-09,177.65,420.0,126.45,0.0828,
1989-01-10,177.06,420.0,126.3,0.083,
1989-01-11,177.59,420.0,126.13,0.0824,
1989-01-12,179.0,420.0,126.17,0.08259999999999999,
1989-01-13,179.1,420.0,126.7,0.0821,
1989-01-16,179.2,420.0,126.7,0.0821,
1989-01-17,177.09,420.0,127.75,0.0824,
1989-01-18,178.65,420.0,128.5,0.08259999999999999,
1989-01-19,180.57,420.0,129.7,0.0823,
1989-01-20,180.32,420.0,128.27,0.0824,
1989-01-23,178.21,420.0,127.8,0.0827,
1989-01-24,180.18,420.0,127.65,0.0821,
1989-01-25,181.56,420.0,127.73,0.08289999999999999,
1989-01-26,184.0,420.0,128.15,0.0834,
1989-01-27,183.54,420.0,129.24,0.0833,
1989-01-30,184.78,420.0,129.35,0.0828,
1989-01-31,186.47,404.0,130.5,0.0839,
1989-02-01,188.37,404.0,129.6,0.0837,
1989-02-02,189.87,404.0,129.15,0.08380000000000001,
1989-02-03,189.97,404.0,129.65,0.0848,
1989-02-06,189.47,404.0,129.65,0.08529999999999999,
1989-02-07,192.06,404.0,129.29,0.08529999999999999,
1989-02-08,190.05,404.0,129.6,0.08529999999999999,
1989-02-09,188.69,404.0,128.58,0.0848,
1989-02-10,185.71,404.0,128.49,0.0855,
1989-02-13,185.91,404.0,128.4,0.0855,
1989-02-14,185.63,404.0,126.73,0.08560000000000001,
1989-02-15,187.41,404.0,126.4,0.0849,
1989-02-16,187.82,404.0,126.32,0.085,
1989-02-17,188.51,404.0,125.9,0.0848,
1989-02-21,188.17,404.0,126.75,0.08470000000000001,
1989-02-22,185.76,404.0,126.58,0.08529999999999999,
1989-02-23,186.47,404.0,126.2,0.0861,
1989-02-24,184.59,404.0,126.32,0.08650000000000001,
1989-02-27,183.81,404.0,126.53,0.0868,
1989-02-28,183.79,388.0,126.87,0.08710000000000001,
1989-03-01,183.79,388.0,128.1,0.0866,
1989-03-02,185.46,388.0,127.88,0.0866,
1989-03-03,185.81,388.0,127.7,0.0863,
1989-03-06,187.5,388.0,128.85,0.0857,
1989-03-07,186.7,388.0,128.74,0.0862,
1989-03-08,186.25,388.0,128.7,0.0861,
1989-03-09,185.35,388.0,129.05,0.0866,
1989-03-10,185.0,388.0,129.5,0.0874,
1989-03-13,185.88,388.0,129.88,0.0876,
1989-03-14,185.35,388.0,129.68,0.087,
1989-03-15,185.37,388.0,130.6,0.0867,
1989-03-16,187.13,388.0,131.22,0.087,
1989-03-17,182.01,388.0,131.6,0.0885,
1989-03-20,179.88,388.0,131.7,0.08990000000000001,
1989-03-21,182.04,388.0,131.28,0.0909,
1989-03-22,180.59,388.0,131.15,0.0901,
1989-03-23,181.04,388.0,131.2,0.0904,
1989-03-27,181.15,388.0,132.7,0.091,
1989-03-28,182.01,388.0,133.08,0.0907,
1989-03-29,183.34,388.0,132.83,0.08960000000000001,
1989-03-30,184.37,388.0,132.95,0.0895,
1989-03-31,185.87,390.0,132.77,0.08900000000000001,
1989-04-03,185.83,390.0,132.05,0.0882,
1989-04-04,185.53,390.0,130.9,0.08810000000000001,
1989-04-05,186.09,390.0,131.8,0.0882,
1989-04-06,186.2,390.0,131.93,0.08839999999999999,
1989-04-07,188.4,390.0,132.45,0.08800000000000001,
1989-04-10,189.28,390.0,132.63,0.0873,
1989-04-11,190.91,390.0,132.75,0.0868,
1989-04-12,192.53,390.0,132.98,0.0866,
1989-04-13,191.82,390.0,132.2,0.0877,
1989-04-14,194.63,390.0,132.15,0.0861,
1989-04-17,194.59,390.0,131.95,0.0861,
1989-04-18,196.83,390.0,131.52,0.0843,
1989-04-19,198.07,390.0,132.34,0.0843,
1989-04-20,197.65,390.0,131.35,0.0864,
1989-04-21,198.86,390.0,131.45,0.0864,
1989-04-24,198.31,390.0,131.6,0.0867,
1989-04-25,197.24,390.0,131.39,0.0863,
1989-04-26,197.25,390.0,132.25,0.08529999999999999,
1989-04-27,199.57,390.0,132.19,0.08410000000000001,
1989-04-28,200.47,390.0,132.85,0.08410000000000001,
1989-05-01,200.75,390.0,134.07,0.0862,
1989-05-02,200.75,390.0,133.81,0.0858,
1989-05-03,201.59,390.0,134.2,0.08529999999999999,
1989-05-04,202.09,390.0,133.95,0.08529999999999999,
1989-05-05,203.44,390.0,134.33,0.0843,
1989-05-08,203.04,390.0,134.8,0.0849,
1989-05-09,202.69,390.0,134.83,0.085,
1989-05-10,203.01,390.0,134.43,0.0852,
1989-05-11,203.51,390.0,135.3,0.0842,
1989-05-12,207.16,390.0,135.95,0.0821,
1989-05-15,208.9,390.0,137.24,0.0824,
1989-05-16,208.25,390.0,137.3,0.0823,
1989-05-17,210.73,390.0,139.25,0.0828,
1989-05-18,211.06,390.0,138.65,0.08380000000000001,
1989-05-19,212.61,390.0,138.8,0.08349999999999999,
1989-05-22,212.37,390.0,142.05,0.0832,
1989-05-23,210.63,390.0,142.0,0.0828,
1989-05-24,211.99,390.0,142.8,0.0837,
1989-05-25,212.84,390.0,142.0,0.08539999999999999,
1989-05-26,214.44,390.0,141.43,0.0852,
1989-05-30,213.59,390.0,143.48,0.0858,
1989-05-31,214.54,371.0,142.33,0.0861,
1989-06-01,215.59,371.0,142.73,0.0861,
1989-06-02,217.79,371.0,141.75,0.0836,
1989-06-05,213.4,371.0,141.82,0.08259999999999999,
1989-06-06,214.4,371.0,142.95,0.0816,
1989-06-07,219.88,371.0,142.5,0.0814,
1989-06-08,219.39,371.0,143.4,0.0812,
1989-06-09,218.79,371.0,146.15,0.08220000000000001,
1989-06-12,218.6,371.0,148.8,0.0819,
1989-06-13,216.54,371.0,149.2,0.0816,
1989-06-14,216.66,371.0,149.05,0.0812,
1989-06-15,213.09,371.0,149.62,0.0809,
1989-06-16,212.81,371.0,145.55,0.0814,
1989-06-19,212.28,371.0,144.45,0.0815,
1989-06-20,211.04,371.0,144.07,0.0815,
1989-06-21,210.91,371.0,143.85,0.08130000000000001,
1989-06-22,212.22,371.0,141.07,0.0815,
1989-06-23,214.26,371.0,138.5,0.0805,
1989-06-26,213.62,371.0,140.82,0.081,
1989-06-27,213.94,371.0,141.1,0.0805,
1989-06-28,211.07,371.0,142.8,0.08039999999999999,
1989-06-29,206.77,371.0,143.4,0.0795,
1989-06-30,204.59,368.0,144.0,0.0799,
1989-07-03,205.47,368.0,141.25,0.0797,
1989-07-05,206.37,368.0,138.9,0.07780000000000001,
1989-07-06,207.67,368.0,139.4,0.07769999999999999,
1989-07-07,209.58,368.0,139.8,0.07730000000000001,
1989-07-10,209.33,368.0,139.0,0.0775,
1989-07-11,209.94,368.0,140.3,0.0776,
1989-07-12,210.87,368.0,139.85,0.07730000000000001,
1989-07-13,211.48,368.0,139.45,0.07769999999999999,
1989-07-14,212.87,368.0,140.5,0.0784,
1989-07-17,213.74,368.0,141.55,0.07919999999999999,
1989-07-18,211.38,368.0,141.3,0.0791,
1989-07-19,213.61,368.0,141.95,0.0793,
1989-07-20,211.09,368.0,141.45,0.0797,
1989-07-21,210.87,368.0,141.92,0.0812,
1989-07-24,208.12,368.0,143.18,0.081,
1989-07-25,208.01,368.0,142.55,0.0803,
1989-07-26,209.9,368.0,140.65,0.0802,
1989-07-27,212.75,368.0,138.95,0.079,
1989-07-28,213.15,368.0,139.58,0.0786,
1989-07-31,214.28,375.0,136.95,0.078,
1989-08-01,214.28,375.0,136.82,0.07629999999999999,
1989-08-02,212.84,375.0,136.15,0.07629999999999999,
1989-08-03,214.56,375.0,136.95,0.0764,
1989-08-04,215.14,375.0,139.45,0.0787,
1989-08-07,218.76,375.0,139.5,0.0795,
1989-08-08,219.73,375.0,138.8,0.0794,
1989-08-09,217.85,375.0,139.25,0.0791,
1989-08-10,217.42,375.0,139.08,0.0786,
1989-08-11,216.31,375.0,141.94,0.0796,
1989-08-14,214.81,375.0,141.7,0.0806,
1989-08-15,215.87,375.0,142.19,0.0803,
1989-08-16,214.87,375.0,142.15,0.0794,
1989-08-17,216.15,375.0,143.8,0.0788,
1989-08-18,216.72,375.0,145.85,0.0786,
1989-08-21,214.19,375.0,142.42,0.07919999999999999,
1989-08-22,215.38,375.0,142.58,0.0805,
1989-08-23,217.49,375.0,143.23,0.08,
1989-08-24,220.4,375.0,143.34,0.0796,
1989-08-25,220.82,375.0,143.3,0.0796,
1989-08-28,221.46,375.0,144.2,0.07980000000000001,
1989-08-29,220.3,375.0,143.13,0.079,
1989-08-30,221.4,375.0,143.73,0.0787,
1989-08-31,222.0,365.0,144.6,0.0789,
1989-09-01,223.51,365.0,145.85,0.0786,
1989-09-05,223.58,365.0,147.05,0.0788,
1989-09-06,221.67,365.0,146.25,0.0782,
1989-09-07,221.2,365.0,146.9,0.078,
1989-09-08,222.66,365.0,146.3,0.07780000000000001,
1989-09-11,222.96,365.0,146.82,0.07690000000000001,
1989-09-12,224.32,365.0,147.15,0.0762,
1989-09-13,224.62,365.0,146.95,0.0759,
1989-09-14,222.41,365.0,146.55,0.0758,
1989-09-15,221.96,365.0,148.75,0.0753,
1989-09-18,221.75,365.0,145.85,0.0761,
1989-09-19,221.94,365.0,145.65,0.0766,
1989-09-20,222.31,365.0,145.05,0.0781,
1989-09-21,225.66,365.0,145.35,0.0783,
1989-09-22,223.89,365.0,145.6,0.0776,
1989-09-25,223.89,365.0,142.7,0.0782,
1989-09-26,223.87,365.0,141.88,0.0776,
1989-09-27,223.81,365.0,140.6,0.0783,
1989-09-28,226.25,365.0,140.55,0.0787,
1989-09-29,226.41,365.0,139.6,0.0791,
1989-10-02,228.11,365.0,139.48,0.0789,
1989-10-03,228.74,365.0,141.13,0.07780000000000001,
1989-10-04,230.9,365.0,141.05,0.07780000000000001,
1989-10-05,231.74,365.0,142.4,0.0776,
1989-10-06,234.41,365.0,142.8,0.0758,
1989-10-09,236.78,365.0,142.8,0.0758,
1989-10-10,236.09,365.0,143.95,0.07629999999999999,
1989-10-11,235.09,365.0,144.8,0.077,
1989-10-12,234.54,365.0,144.2,0.077,
1989-10-13,224.66,365.0,143.2,0.0761,
1989-10-16,224.94,365.0,141.8,0.07440000000000001,
1989-10-17,224.25,365.0,141.5,0.07429999999999999,
1989-10-18,226.53,365.0,141.7,0.075,
1989-10-19,231.53,365.0,141.95,0.0757,
1989-10-20,231.05,365.0,142.3,0.0755,
1989-10-23,228.76,365.0,142.35,0.0757,
1989-10-24,226.18,365.0,141.55,0.075,
1989-10-25,226.12,365.0,141.65,0.0756,
1989-10-26,222.06,365.0,141.65,0.076,
1989-10-27,218.84,365.0,142.0,0.0776,
1989-10-30,219.07,365.0,142.15,0.0775,
1989-10-31,222.62,367.0,142.73,0.07769999999999999,
1989-11-01,223.31,367.0,143.11,0.07780000000000001,
1989-11-02,219.45,367.0,143.7,0.07730000000000001,
1989-11-03,219.06,367.0,143.18,0.0784,
1989-11-06,215.19,367.0,143.7,0.0787,
1989-11-07,217.65,367.0,143.44,0.0775,
1989-11-08,220.37,367.0,143.14,0.07690000000000001,
1989-11-09,220.65,367.0,142.86,0.077,
1989-11-10,222.53,367.0,143.3,0.0771,
1989-11-13,222.75,367.0,143.88,0.077,
1989-11-14,221.37,367.0,143.68,0.0766,
1989-11-15,222.34,367.0,143.75,0.0764,
1989-11-16,221.7,367.0,143.8,0.0766,
1989-11-17,222.63,367.0,144.4,0.0768,
1989-11-20,223.41,367.0,144.5,0.0768,
1989-11-21,222.76,367.0,143.75,0.07629999999999999,
1989-11-22,223.63,367.0,143.85,0.0759,
1989-11-24,224.84,367.0,143.5,0.0751,
1989-11-27,223.65,367.0,143.4,0.0766,
1989-11-28,223.59,367.0,143.72,0.0771,
1989-11-29,223.5,367.0,142.65,0.0766,
1989-11-30,224.44,394.0,142.91,0.0759,
1989-12-01,225.31,394.0,143.1,0.0753,
1989-12-04,226.72,394.0,143.58,0.0755,
1989-12-05,227.31,394.0,143.8,0.0756,
1989-12-06,224.16,394.0,143.85,0.0764,
1989-12-07,224.76,394.0,144.32,0.07690000000000001,
1989-12-08,224.03,394.0,144.28,0.0761,
1989-12-11,220.26,394.0,144.5,0.0764,
1989-12-12,217.81,394.0,143.9,0.0766,
1989-12-13,217.91,394.0,144.17,0.07690000000000001,
1989-12-14,216.35,394.0,144.1,0.0762,
1989-12-15,214.14,394.0,144.15,0.0762,
1989-12-18,210.85,394.0,144.1,0.076,
1989-12-19,211.19,394.0,143.85,0.0767,
1989-12-20,213.24,394.0,144.02,0.0757,
1989-12-21,216.23,394.0,143.7,0.0756,
1989-12-22,217.63,394.0,142.88,0.0759,
1989-12-26,217.62,394.0,142.15,0.0776,
1989-12-27,221.57,394.0,142.1,0.07730000000000001,
1989-12-28,221.58,394.0,143.35,0.0768,
1989-12-29,223.84,394.0,143.8,0.0755,
1990-01-02,227.72,394.0,146.25,0.0758,
1990-01-03,226.1,394.0,145.7,0.07629999999999999,
1990-01-04,224.72,394.0,143.37,0.0759,
1990-01-05,223.14,394.0,143.82,0.0754,
1990-01-08,223.54,394.0,144.1,0.0754,
1990-01-09,221.18,394.0,145.2,0.0755,
1990-01-10,216.56,394.0,145.25,0.075,
1990-01-11,213.5,394.0,145.4,0.0755,
1990-01-12,208.79,394.0,145.4,0.075,
1990-01-15,207.62,394.0,145.4,0.075,
1990-01-16,211.91,394.0,145.48,0.07629999999999999,
1990-01-17,210.6,394.0,145.49,0.0771,
1990-01-18,210.57,394.0,146.12,0.07780000000000001,
1990-01-19,213.91,394.0,145.65,0.0774,
1990-01-22,208.06,394.0,146.43,0.07730000000000001,
1990-01-23,207.48,394.0,146.09,0.0767,
1990-01-24,206.75,394.0,145.32,0.0767,
1990-01-25,205.78,394.0,144.42,0.07690000000000001,
1990-01-26,203.25,394.0,143.35,0.0768,
1990-01-29,202.06,394.0,143.13,0.0774,
1990-01-30,197.66,394.0,144.1,0.0774,
1990-01-31,201.94,410.0,144.55,0.0774,
1990-02-01,203.04,410.0,144.9,0.0776,
1990-02-02,205.62,410.0,145.38,0.0781,
1990-02-05,206.49,410.0,145.39,0.0782,
1990-02-06,205.07,410.0,145.13,0.0782,
1990-02-07,206.81,410.0,145.47,0.0781,
1990-02-08,207.25,410.0,145.4,0.0781,
1990-02-09,208.5,410.0,145.2,0.0776,
1990-02-12,206.88,410.0,144.2,0.07730000000000001,
1990-02-13,207.2,410.0,144.4,0.0758,
1990-02-14,208.06,410.0,144.27,0.0761,
1990-02-15,209.93,410.0,144.4,0.0771,
1990-02-16,208.35,410.0,144.15,0.07690000000000001,
1990-02-20,205.06,410.0,145.45,0.078,
1990-02-21,204.75,410.0,145.32,0.0775,
1990-02-22,204.19,410.0,145.89,0.07730000000000001,
1990-02-23,201.79,410.0,146.92,0.0768,
1990-02-26,204.63,410.0,148.85,0.0771,
1990-02-27,205.78,410.0,148.63,0.07730000000000001,
1990-02-28,207.91,417.0,148.82,0.07769999999999999,
1990-03-01,209.1,417.0,149.67,0.0781,
1990-03-02,211.54,417.0,150.28,0.0776,
1990-03-05,210.39,417.0,149.78,0.0782,
1990-03-06,210.96,417.0,149.8,0.079,
1990-03-07,210.16,417.0,151.22,0.0791,
1990-03-08,213.11,417.0,150.83,0.0791,
1990-03-09,213.82,417.0,151.34,0.0799,
1990-03-12,213.53,417.0,152.38,0.0799,
1990-03-13,211.51,417.0,152.55,0.07980000000000001,
1990-03-14,212.31,417.0,152.24,0.0795,
1990-03-15,213.48,417.0,152.55,0.0794,
1990-03-16,217.96,417.0,152.38,0.07919999999999999,
1990-03-19,219.87,417.0,153.5,0.0794,
1990-03-20,216.93,417.0,153.88,0.0797,
1990-03-21,215.85,417.0,154.16,0.0795,
1990-03-22,212.54,417.0,155.1,0.079,
1990-03-23,214.49,417.0,153.9,0.0788,
1990-03-26,216.44,417.0,156.5,0.0786,
1990-03-27,217.47,417.0,157.4,0.079,
1990-03-28,214.23,417.0,158.75,0.0785,
1990-03-29,213.11,417.0,156.75,0.0783,
1990-03-30,213.15,417.0,157.82,0.078,
1990-04-02,212.67,417.0,158.9,0.07780000000000001,
1990-04-03,216.81,417.0,159.13,0.0782,
1990-04-04,215.48,417.0,158.6,0.0775,
1990-04-05,214.06,417.0,157.68,0.0776,
1990-04-06,212.47,417.0,157.65,0.0776,
1990-04-09,212.12,417.0,157.5,0.0782,
1990-04-10,213.22,417.0,158.58,0.07780000000000001,
1990-04-11,214.53,417.0,158.28,0.0776,
1990-04-12,216.04,417.0,158.19,0.0776,
1990-04-16,216.93,417.0,159.37,0.0774,
1990-04-17,216.5,417.0,159.9,0.0776,
1990-04-18,213.15,417.0,159.1,0.0781,
1990-04-19,210.87,417.0,156.5,0.0779,
1990-04-20,208.62,417.0,157.85,0.07690000000000001,
1990-04-23,205.63,417.0,157.7,0.07730000000000001,
1990-04-24,204.76,417.0,158.72,0.0776,
1990-04-25,205.58,417.0,158.73,0.0779,
1990-04-26,205.78,417.0,158.75,0.0782,
1990-04-27,203.67,417.0,158.9,0.0779,
1990-04-30,205.81,374.24,158.85,0.0779,
1990-05-01,207.04,374.24,158.85,0.07919999999999999,
1990-05-02,208.5,374.24,158.3,0.079,
1990-05-03,210.09,374.24,158.15,0.0788,
1990-05-04,212.71,374.24,158.35,0.0776,
1990-05-07,215.03,374.24,158.0,0.0782,
1990-05-08,215.17,374.24,157.9,0.0779,
1990-05-09,215.43,374.24,156.45,0.0775,
1990-05-10,216.81,374.24,157.0,0.0771,
1990-05-11,220.89,374.24,152.73,0.0762,
1990-05-14,223.86,374.24,152.77,0.07629999999999999,
1990-05-15,224.49,374.24,151.4,0.0765,
1990-05-16,225.13,374.24,151.43,0.0767,
1990-05-17,226.64,374.24,152.35,0.0767,
1990-05-18,228.51,374.24,152.85,0.0775,
1990-05-21,232.22,374.24,153.53,0.0775,
1990-05-22,232.84,374.24,151.6,0.07730000000000001,
1990-05-23,236.06,374.24,151.23,0.0765,
1990-05-24,237.03,374.24,151.55,0.07690000000000001,
1990-05-25,232.2,374.24,149.69,0.0775,
1990-05-29,235.84,374.24,150.88,0.0775,
1990-05-30,236.35,374.24,151.32,0.0776,
1990-05-31,236.15,369.0,152.64,0.0775,
1990-06-01,237.88,369.0,151.39,0.0768,
1990-06-04,240.11,369.0,151.6,0.077,
1990-06-05,237.84,369.0,152.65,0.077,
1990-06-06,238.06,369.0,152.55,0.077,
1990-06-07,237.38,369.0,152.53,0.077,
1990-06-08,234.73,369.0,153.53,0.077,
1990-06-11,236.95,369.0,154.52,0.07730000000000001,
1990-06-12,240.11,369.0,154.44,0.07730000000000001,
1990-06-13,242.06,369.0,154.79,0.0767,
1990-06-14,240.51,369.0,154.07,0.0766,
1990-06-15,240.78,369.0,154.2,0.07690000000000001,
1990-06-18,236.71,369.0,153.7,0.0767,
1990-06-19,236.78,369.0,153.65,0.0774,
1990-06-20,237.31,369.0,154.0,0.0776,
1990-06-21,238.15,369.0,154.82,0.07769999999999999,
1990-06-22,235.74,369.0,154.75,0.07780000000000001,
1990-06-25,232.91,369.0,155.37,0.0779,
1990-06-26,232.94,369.0,155.15,0.078,
1990-06-27,234.95,369.0,154.38,0.07780000000000001,
1990-06-28,237.41,369.0,153.17,0.0774,
1990-06-29,238.46,369.0,152.35,0.0774,
1990-07-02,238.42,369.0,151.27,0.0774,
1990-07-03,238.19,369.0,151.2,0.077,
1990-07-05,237.3,369.0,150.77,0.0766,
1990-07-06,238.47,369.0,151.03,0.0775,
1990-07-09,239.6,369.0,151.1,0.078,
1990-07-10,238.66,369.0,148.9,0.078,
1990-07-11,240.78,369.0,148.68,0.07780000000000001,
1990-07-12,243.43,369.0,148.6,0.0768,
1990-07-13,244.74,369.0,147.5,0.076,
1990-07-16,246.18,369.0,148.05,0.0761,
1990-07-17,241.53,369.0,148.35,0.0761,
1990-07-18,238.22,369.0,147.3,0.0755,
1990-07-19,236.4,369.0,148.05,0.0754,
1990-07-20,232.44,369.0,148.97,0.0754,
1990-07-23,227.38,369.0,148.45,0.0748,
1990-07-24,226.49,369.0,148.35,0.0753,
1990-07-25,228.76,369.0,148.88,0.0756,
1990-07-26,227.2,369.0,150.45,0.0758,
1990-07-27,225.63,369.0,149.6,0.07519999999999999,
1990-07-30,223.92,369.0,148.2,0.075,
1990-07-31,223.38,363.0,146.13,0.07490000000000001,
1990-08-01,223.12,363.0,147.25,0.0742,
1990-08-02,218.97,363.0,149.6,0.07429999999999999,
1990-08-03,212.6,363.0,149.9,0.0729,
1990-08-06,201.46,363.0,149.75,0.073,
1990-08-07,202.66,363.0,149.8,0.0737,
1990-08-08,205.58,363.0,150.15,0.0738,
1990-08-09,209.13,363.0,149.82,0.0741,
1990-08-10,206.23,363.0,150.15,0.07400000000000001,
1990-08-13,207.42,363.0,150.35,0.0742,
1990-08-14,208.29,363.0,149.48,0.07429999999999999,
1990-08-15,208.47,363.0,147.45,0.0745,
1990-08-16,202.19,363.0,148.38,0.0748,
1990-08-17,196.84,363.0,147.57,0.0747,
1990-08-20,193.1,363.0,146.87,0.07519999999999999,
1990-08-21,188.25,363.0,146.4,0.0757,
1990-08-22,185.01,363.0,145.75,0.0759,
1990-08-23,178.29,363.0,146.6,0.0754,
1990-08-24,184.97,363.0,146.55,0.07490000000000001,
1990-08-27,193.97,363.0,144.45,0.0753,
1990-08-28,194.91,363.0,143.48,0.0748,
1990-08-29,192.91,363.0,143.62,0.0747,
1990-08-30,190.72,363.0,144.3,0.0745,
1990-08-31,193.62,395.0,143.93,0.0739,
1990-09-04,194.75,395.0,143.55,0.0739,
1990-09-05,193.81,395.0,141.68,0.0737,
1990-09-06,190.67,395.0,141.05,0.0738,
1990-09-07,191.8,395.0,140.1,0.0739,
1990-09-10,192.65,395.0,139.2,0.07429999999999999,
1990-09-11,190.97,395.0,139.85,0.0742,
1990-09-12,192.35,395.0,137.7,0.0737,
1990-09-13,189.72,395.0,137.35,0.0735,
1990-09-14,189.52,395.0,136.67,0.0735,
1990-09-17,189.6,395.0,137.0,0.0737,
1990-09-18,189.43,395.0,137.5,0.0737,
1990-09-19,188.78,395.0,137.5,0.0739,
1990-09-20,183.98,395.0,136.93,0.0739,
1990-09-21,183.2,395.0,136.9,0.0736,
1990-09-24,177.6,395.0,136.1,0.0738,
1990-09-25,180.71,395.0,137.38,0.0735,
1990-09-26,179.46,395.0,137.27,0.0733,
1990-09-27,174.19,395.0,138.37,0.0723,
1990-09-28,177.06,395.0,138.27,0.07139999999999999,
1990-10-01,184.74,395.0,136.9,0.0713,
1990-10-02,184.92,395.0,136.95,0.0718,
1990-10-03,180.5,395.0,136.13,0.07150000000000001,
1990-10-04,179.5,395.0,133.9,0.0713,
1990-10-05,178.37,395.0,132.4,0.0704,
1990-10-08,179.56,395.0,132.4,0.0704,
1990-10-09,173.63,395.0,130.33,0.0717,
1990-10-10,169.47,395.0,129.97,0.07200000000000001,
1990-10-11,165.19,395.0,129.95,0.0712,
1990-10-12,166.72,395.0,128.65,0.07139999999999999,
1990-10-15,169.35,395.0,128.15,0.0716,
1990-10-16,165.49,395.0,127.25,0.0716,
1990-10-17,167.27,395.0,125.27,0.07200000000000001,
1990-10-18,172.38,395.0,125.05,0.0725,
1990-10-19,174.62,395.0,125.75,0.0725,
1990-10-22,178.56,395.0,126.05,0.0723,
1990-10-23,178.4,395.0,127.5,0.0721,
1990-10-24,178.47,395.0,128.05,0.0722,
1990-10-25,177.34,395.0,127.3,0.0718,
1990-10-26,174.21,395.0,128.0,0.0713,
1990-10-29,171.75,395.0,128.4,0.07150000000000001,
1990-10-30,173.0,395.0,129.1,0.07139999999999999,
1990-10-31,172.56,381.0,129.95,0.0711,
1990-11-01,172.88,381.0,130.48,0.0705,
1990-11-02,176.87,381.0,128.6,0.0708,
1990-11-05,180.46,381.0,126.8,0.0708,
1990-11-06,180.26,381.0,127.3,0.0708,
1990-11-07,177.08,381.0,128.15,0.0709,
1990-11-08,177.71,381.0,129.9,0.0709,
1990-11-09,182.24,381.0,129.73,0.0705,
1990-11-12,188.67,381.0,129.73,0.0705,
1990-11-13,189.88,381.0,129.6,0.0704,
1990-11-14,192.45,381.0,129.62,0.0707,
1990-11-15,189.55,381.0,129.27,0.0709,
1990-11-16,184.96,381.0,129.43,0.0708,
1990-11-19,187.04,381.0,129.0,0.071,
1990-11-20,183.31,381.0,128.95,0.0709,
1990-11-21,183.94,381.0,127.65,0.0704,
1990-11-23,184.28,381.0,127.35,0.0703,
1990-11-26,185.12,381.0,128.75,0.0703,
1990-11-27,189.18,381.0,128.33,0.0704,
1990-11-28,189.69,381.0,129.85,0.0706,
1990-11-29,191.11,381.0,132.45,0.0703,
1990-11-30,192.66,382.0,133.1,0.0702,
1990-12-03,194.53,382.0,134.4,0.0705,
1990-12-04,195.6,382.0,134.05,0.0701,
1990-12-05,199.03,382.0,134.53,0.07,
1990-12-06,199.49,382.0,132.35,0.07,
1990-12-07,199.34,382.0,131.05,0.0689,
1990-12-10,199.44,382.0,131.9,0.06860000000000001,
1990-12-11,196.56,382.0,132.1,0.0684,
1990-12-12,198.03,382.0,131.82,0.0679,
1990-12-13,198.03,382.0,132.13,0.0683,
1990-12-14,196.13,382.0,132.95,0.06849999999999999,
1990-12-17,195.06,382.0,133.25,0.0681,
1990-12-18,199.26,382.0,133.23,0.0673,
1990-12-19,200.41,382.0,134.15,0.0662,
1990-12-20,201.51,382.0,134.85,0.0655,
1990-12-21,202.75,382.0,135.6,0.0659,
1990-12-24,201.22,382.0,136.05,0.0653,
1990-12-26,200.57,382.0,136.05,0.06480000000000001,
1990-12-27,199.16,382.0,136.45,0.0647,
1990-12-28,199.42,382.0,135.12,0.0645,
1990-12-31,200.53,377.0,135.75,0.0644,
1991-01-02,199.76,377.0,134.6,0.0646,
1991-01-03,196.4,377.0,133.05,0.0644,
1991-01-04,196.82,377.0,135.1,0.0653,
1991-01-07,192.35,377.0,136.7,0.06509999999999999,
1991-01-08,192.09,377.0,136.45,0.0644,
1991-01-09,191.69,377.0,134.05,0.0625,
1991-01-10,196.08,377.0,134.6,0.0621,
1991-01-11,196.19,377.0,134.25,0.0616,
1991-01-14,193.77,377.0,135.05,0.0605,
1991-01-15,195.34,377.0,135.9,0.0605,
1991-01-16,202.96,377.0,136.85,0.0604,
1991-01-17,209.26,377.0,132.88,0.061200000000000004,
1991-01-18,211.5,377.0,132.8,0.060700000000000004,
1991-01-21,214.37,377.0,132.8,0.060700000000000004,
1991-01-22,211.97,377.0,131.7,0.0605,
1991-01-23,215.83,377.0,132.41,0.061399999999999996,
1991-01-24,219.78,377.0,132.23,0.0613,
1991-01-25,221.01,377.0,132.27,0.0617,
1991-01-28,222.24,377.0,132.2,0.0625,
1991-01-29,224.47,377.0,131.53,0.0622,
1991-01-30,229.28,377.0,131.6,0.062,
1991-01-31,232.43,384.0,131.45,0.061900000000000004,
1991-02-01,234.45,384.0,131.45,0.06,
1991-02-04,236.87,384.0,131.08,0.059800000000000006,
1991-02-05,241.56,384.0,129.73,0.059699999999999996,
1991-02-06,247.06,384.0,128.35,0.0591,
1991-02-07,243.43,384.0,127.95,0.0594,
1991-02-08,244.47,384.0,127.9,0.0592,
1991-02-11,249.31,384.0,127.72,0.0588,
1991-02-12,248.2,384.0,128.3,0.058499999999999996,
1991-02-13,250.34,384.0,129.08,0.058600000000000006,
1991-02-14,245.59,384.0,129.8,0.058499999999999996,
1991-02-15,248.34,384.0,130.45,0.0591,
1991-02-19,250.81,384.0,131.55,0.0596,
1991-02-20,247.76,384.0,131.8,0.0594,
1991-02-21,246.85,384.0,131.4,0.0592,
1991-02-22,248.63,384.0,132.2,0.059500000000000004,
1991-02-25,250.04,384.0,133.35,0.0599,
1991-02-26,247.81,384.0,132.85,0.0604,
1991-02-27,249.72,384.0,132.27,0.0603,
1991-02-28,250.12,364.0,132.95,0.0604,
1991-03-01,252.39,364.0,134.55,0.060899999999999996,
1991-03-04,253.38,364.0,135.55,0.060599999999999994,
1991-03-05,262.18,364.0,135.39,0.0605,
1991-03-06,263.15,364.0,136.25,0.0608,
1991-03-07,264.56,364.0,135.8,0.060700000000000004,
1991-03-08,262.86,364.0,136.25,0.059699999999999996,
1991-03-11,255.18,364.0,138.1,0.058899999999999994,
1991-03-12,250.67,364.0,136.3,0.058600000000000006,
1991-03-13,257.07,364.0,136.4,0.0583,
1991-03-14,255.79,364.0,135.95,0.0576,
1991-03-15,254.63,364.0,137.2,0.057999999999999996,
1991-03-18,255.63,364.0,138.15,0.0584,
1991-03-19,253.85,364.0,138.15,0.058899999999999994,
1991-03-20,256.09,364.0,138.6,0.0588,
1991-03-21,252.97,364.0,137.6,0.0587,
1991-03-22,252.27,364.0,137.2,0.0587,
1991-03-25,255.78,364.0,138.43,0.0588,
1991-03-26,264.67,364.0,138.35,0.058600000000000006,
1991-03-27,266.56,364.0,139.1,0.0581,
1991-03-28,264.9,364.0,141.2,0.0574,
1991-04-01,264.6,364.0,140.2,0.0576,
1991-04-02,273.85,364.0,138.3,0.057699999999999994,
1991-04-03,275.15,364.0,137.4,0.057699999999999994,
1991-04-04,277.29,364.0,135.97,0.0574,
1991-04-05,275.44,364.0,136.9,0.0571,
1991-04-08,275.65,364.0,137.25,0.0565,
1991-04-09,272.94,364.0,135.1,0.056100000000000004,
1991-04-10,271.06,364.0,136.35,0.056100000000000004,
1991-04-11,278.45,364.0,135.95,0.0557,
1991-04-12,279.2,364.0,136.3,0.055099999999999996,
1991-04-15,278.29,364.0,134.48,0.0559,
1991-04-16,282.03,364.0,134.85,0.056100000000000004,
1991-04-17,283.38,364.0,136.35,0.0556,
1991-04-18,277.78,364.0,136.8,0.056600000000000004,
1991-04-19,274.0,364.0,138.58,0.0575,
1991-04-22,271.32,364.0,139.45,0.056900000000000006,
1991-04-23,272.14,364.0,137.94,0.0571,
1991-04-24,274.54,364.0,138.05,0.056600000000000004,
1991-04-25,271.96,364.0,138.05,0.056100000000000004,
1991-04-26,271.3,364.0,138.13,0.0562,
1991-04-29,266.14,364.0,137.7,0.0559,
1991-04-30,263.65,358.0,136.38,0.055099999999999996,
1991-05-01,264.22,358.0,137.6,0.0554,
1991-05-02,266.51,358.0,138.1,0.0546,
1991-05-03,267.11,358.0,138.55,0.0547,
1991-05-06,267.33,358.0,138.47,0.0546,
1991-05-07,266.25,358.0,137.95,0.055,
1991-05-08,267.17,358.0,138.35,0.055,
1991-05-09,271.24,358.0,139.3,0.0548,
1991-05-10,268.71,358.0,138.75,0.0548,
1991-05-13,268.99,358.0,139.42,0.0547,
1991-05-14,266.09,358.0,138.15,0.054900000000000004,
1991-05-15,258.11,358.0,137.99,0.0545,
1991-05-16,260.69,358.0,137.55,0.054000000000000006,
1991-05-17,260.46,358.0,138.5,0.054000000000000006,
1991-05-20,258.62,358.0,138.22,0.0545,
1991-05-21,261.25,358.0,137.5,0.055,
1991-05-22,265.69,358.0,138.05,0.0546,
1991-05-23,267.18,358.0,137.73,0.054000000000000006,
1991-05-24,269.5,358.0,138.4,0.054000000000000006,
1991-05-28,273.38,358.0,137.8,0.054000000000000006,
1991-05-29,274.36,358.0,138.2,0.0545,
1991-05-30,277.24,358.0,137.85,0.0545,
1991-05-31,279.0,357.0,138.45,0.0553,
1991-06-03,280.94,357.0,139.08,0.055999999999999994,
1991-06-04,281.13,357.0,138.66,0.0557,
1991-06-05,277.37,357.0,139.13,0.0559,
1991-06-06,274.21,357.0,139.18,0.0556,
1991-06-07,270.57,357.0,140.31,0.0556,
1991-06-10,268.38,357.0,141.9,0.0558,
1991-06-11,269.25,357.0,141.2,0.0557,
1991-06-12,265.29,357.0,141.9,0.0556,
1991-06-13,264.79,357.0,141.33,0.0558,
1991-06-14,267.8,357.0,140.55,0.0559,
1991-06-17,267.57,357.0,140.97,0.0559,
1991-06-18,265.48,357.0,140.9,0.0562,
1991-06-19,260.27,357.0,140.08,0.0557,
1991-06-20,260.56,357.0,138.74,0.0556,
1991-06-21,260.28,357.0,139.0,0.0557,
1991-06-24,250.88,357.0,138.9,0.0556,
1991-06-25,251.0,357.0,138.82,0.0558,
1991-06-26,252.45,357.0,138.3,0.0556,
1991-06-27,255.25,357.0,138.1,0.0555,
1991-06-28,254.19,357.0,137.9,0.0554,
1991-07-01,259.12,357.0,138.4,0.0558,
1991-07-02,256.09,357.0,138.78,0.0558,
1991-07-03,252.43,357.0,139.5,0.0556,
1991-07-05,251.97,357.0,138.35,0.0558,
1991-07-08,258.93,357.0,138.73,0.0557,
1991-07-09,260.68,357.0,138.65,0.0559,
1991-07-10,263.32,357.0,138.53,0.0558,
1991-07-11,263.84,357.0,138.58,0.0556,
1991-07-12,267.44,357.0,136.75,0.0555,
1991-07-15,268.9,357.0,136.7,0.0557,
1991-07-16,264.48,357.0,137.15,0.0559,
1991-07-17,263.38,357.0,136.8,0.056100000000000004,
1991-07-18,266.24,357.0,136.8,0.0559,
1991-07-19,266.93,357.0,136.45,0.0558,
1991-07-22,264.34,357.0,137.45,0.0557,
1991-07-23,259.32,357.0,136.98,0.0559,
1991-07-24,257.86,357.0,137.38,0.0558,
1991-07-25,261.2,357.0,138.85,0.0558,
1991-07-26,264.22,357.0,137.9,0.0558,
1991-07-29,264.63,357.0,138.18,0.0557,
1991-07-30,269.31,357.0,137.93,0.0556,
1991-07-31,272.15,368.0,137.42,0.0553,
1991-08-01,274.24,368.0,137.67,0.0555,
1991-08-02,275.47,368.0,136.74,0.0546,
1991-08-05,272.16,368.0,136.68,0.055,
1991-08-06,274.74,368.0,135.73,0.0541,
1991-08-07,276.54,368.0,135.85,0.0538,
1991-08-08,278.76,368.0,136.47,0.0537,
1991-08-09,278.15,368.0,136.9,0.053200000000000004,
1991-08-12,280.25,368.0,136.54,0.053099999999999994,
1991-08-13,282.47,368.0,136.52,0.0529,
1991-08-14,284.73,368.0,136.61,0.0529,
1991-08-15,281.81,368.0,136.47,0.053,
1991-08-16,279.51,368.0,137.25,0.0526,
1991-08-19,271.96,368.0,138.3,0.051100000000000007,
1991-08-20,274.2,368.0,137.45,0.051100000000000007,
1991-08-21,286.06,368.0,136.8,0.0528,
1991-08-22,284.56,368.0,136.43,0.053099999999999994,
1991-08-23,286.77,368.0,137.1,0.053899999999999997,
1991-08-26,286.7,368.0,137.0,0.0541,
1991-08-27,286.77,368.0,137.0,0.0538,
1991-08-28,289.88,368.0,136.6,0.053,
1991-08-29,288.59,368.0,137.0,0.0527,
1991-08-30,287.4,368.0,136.85,0.0533,
1991-09-03,284.33,368.0,136.02,0.053399999999999996,
1991-09-04,281.81,368.0,135.3,0.0533,
1991-09-05,280.74,368.0,135.87,0.053200000000000004,
1991-09-06,279.96,368.0,136.15,0.0529,
1991-09-09,281.34,368.0,134.95,0.0528,
1991-09-10,276.38,368.0,134.85,0.0524,
1991-09-11,279.65,368.0,134.95,0.0526,
1991-09-12,285.55,368.0,134.06,0.052199999999999996,
1991-09-13,279.5,368.0,133.98,0.0516,
1991-09-16,278.57,368.0,133.65,0.0518,
1991-09-17,278.09,368.0,133.82,0.0519,
1991-09-18,281.04,368.0,134.17,0.0518,
1991-09-19,283.51,368.0,134.5,0.052000000000000005,
1991-09-20,286.63,368.0,134.37,0.0519,
1991-09-23,284.87,368.0,133.05,0.0521,
1991-09-24,287.35,368.0,133.08,0.051699999999999996,
1991-09-25,288.99,368.0,133.3,0.051699999999999996,
1991-09-26,287.92,368.0,133.67,0.0513,
1991-09-27,285.94,368.0,133.4,0.0513,
1991-09-30,287.54,348.74,132.85,0.051100000000000007,
1991-10-01,288.37,348.74,133.2,0.051,
1991-10-02,285.06,348.74,132.68,0.0509,
1991-10-03,280.41,348.74,130.77,0.0504,
1991-10-04,280.51,348.74,130.03,0.050199999999999995,
1991-10-07,278.89,348.74,129.3,0.050199999999999995,
1991-10-08,280.02,348.74,130.1,0.050199999999999995,
1991-10-09,276.51,348.74,130.25,0.0501,
1991-10-10,279.12,348.74,130.35,0.050300000000000004,
1991-10-11,281.5,348.74,129.73,0.0499,
1991-10-14,287.17,348.74,129.73,0.0499,
1991-10-15,293.31,348.74,130.22,0.0496,
1991-10-16,297.65,348.74,130.02,0.049699999999999994,
1991-10-17,292.46,348.74,129.83,0.050300000000000004,
1991-10-18,293.11,348.74,129.77,0.050300000000000004,
1991-10-21,290.86,348.74,130.73,0.0504,
1991-10-22,290.79,348.74,131.2,0.0506,
1991-10-23,289.35,348.74,131.55,0.0504,
1991-10-24,285.65,348.74,131.18,0.049699999999999994,
1991-10-25,282.94,348.74,131.4,0.0496,
1991-10-28,286.38,348.74,132.25,0.049400000000000006,
1991-10-29,290.08,348.74,130.75,0.0489,
1991-10-30,294.72,348.74,131.08,0.0484,
1991-10-31,292.5,359.0,130.6,0.0482,
1991-11-01,290.0,359.0,130.3,0.0475,
1991-11-04,286.94,359.0,128.9,0.047400000000000005,
1991-11-05,289.05,359.0,129.8,0.047599999999999996,
1991-11-06,289.43,359.0,129.9,0.0463,
1991-11-07,292.88,359.0,129.7,0.0463,
1991-11-08,295.55,359.0,130.32,0.0462,
1991-11-11,297.85,359.0,130.32,0.0462,
1991-11-12,301.96,359.0,129.65,0.0462,
1991-11-13,302.83,359.0,130.12,0.0463,
1991-11-14,301.05,359.0,129.87,0.0463,
1991-11-15,284.52,359.0,130.05,0.045899999999999996,
1991-11-18,288.59,359.0,129.3,0.0458,
1991-11-19,284.39,359.0,129.95,0.0453,
1991-11-20,285.2,359.0,129.77,0.0449,
1991-11-21,288.61,359.0,129.62,0.0443,
1991-11-22,286.32,359.0,129.53,0.044199999999999996,
1991-11-25,283.01,359.0,127.77,0.0443,
1991-11-26,284.13,359.0,128.1,0.044000000000000004,
1991-11-27,285.23,359.0,130.28,0.043899999999999995,
1991-11-29,284.79,359.0,130.08,0.0435,
1991-12-02,293.93,359.0,129.95,0.0438,
1991-12-03,293.94,359.0,129.55,0.0436,
1991-12-04,295.11,359.0,129.55,0.0431,
1991-12-05,294.33,359.0,128.77,0.0431,
1991-12-06,296.14,359.0,128.2,0.0424,
1991-12-09,295.77,359.0,128.4,0.0415,
1991-12-10,296.32,359.0,128.7,0.042,
1991-12-11,294.84,359.0,129.15,0.0415,
1991-12-12,297.98,359.0,129.24,0.0415,
1991-12-13,301.33,359.0,128.8,0.0415,
1991-12-16,303.02,359.0,128.47,0.0414,
1991-12-17,298.88,359.0,128.6,0.041100000000000005,
1991-12-18,299.61,359.0,128.45,0.0412,
1991-12-19,294.53,359.0,128.33,0.0404,
1991-12-20,295.82,359.0,127.57,0.0374,
1991-12-23,303.3,359.0,126.55,0.037599999999999995,
1991-12-24,307.08,359.0,127.55,0.0381,
1991-12-26,313.68,359.0,126.78,0.0382,
1991-12-27,316.77,359.0,125.57,0.038599999999999995,
1991-12-30,326.74,359.0,125.75,0.0387,
1991-12-31,330.86,362.0,124.9,0.0388,
1992-01-02,333.37,362.0,124.5,0.038599999999999995,
1992-01-03,334.82,362.0,124.8,0.0385,
1992-01-06,336.89,362.0,124.1,0.0381,
1992-01-07,339.64,362.0,124.4,0.0375,
1992-01-08,344.29,362.0,124.9,0.037200000000000004,
1992-01-09,350.32,362.0,125.4,0.0377,
1992-01-10,347.11,362.0,127.05,0.0382,
1992-01-13,348.26,362.0,126.85,0.0381,
1992-01-14,352.59,362.0,126.8,0.0382,
1992-01-15,355.6,362.0,128.4,0.0384,
1992-01-16,351.93,362.0,128.28,0.0379,
1992-01-17,349.73,362.0,127.45,0.0379,
1992-01-20,341.81,362.0,127.45,0.0379,
1992-01-21,331.92,362.0,123.2,0.0373,
1992-01-22,346.32,362.0,123.22,0.0375,
1992-01-23,346.07,362.0,123.9,0.0377,
1992-01-24,345.45,362.0,123.42,0.0381,
1992-01-27,340.48,362.0,125.4,0.0385,
1992-01-28,340.85,362.0,125.62,0.0383,
1992-01-29,337.29,362.0,125.45,0.038599999999999995,
1992-01-30,341.19,362.0,126.0,0.0383,
1992-01-31,338.31,354.0,125.55,0.0384,
1992-02-03,341.38,354.0,125.95,0.0384,
1992-02-04,346.92,354.0,126.15,0.0384,
1992-02-05,350.86,354.0,125.83,0.0384,
1992-02-06,349.07,354.0,125.65,0.0381,
1992-02-07,346.81,354.0,125.22,0.0374,
1992-02-10,345.24,354.0,126.7,0.0373,
1992-02-11,344.4,354.0,126.93,0.0375,
1992-02-12,355.98,354.0,127.68,0.0375,
1992-02-13,349.81,354.0,127.68,0.0379,
1992-02-14,346.69,354.0,127.93,0.0379,
1992-02-18,338.55,354.0,128.0,0.0381,
1992-02-19,338.06,354.0,128.4,0.0385,
1992-02-20,345.33,354.0,128.65,0.0388,
1992-02-21,342.39,354.0,128.72,0.0393,
1992-02-24,338.96,354.0,129.1,0.0393,
1992-02-25,338.33,354.0,129.45,0.039599999999999996,
1992-02-26,347.81,354.0,129.68,0.0394,
1992-02-27,347.39,354.0,129.41,0.0393,
1992-02-28,345.88,354.0,129.15,0.0393,
1992-03-02,346.63,354.0,129.63,0.0403,
1992-03-03,345.7,354.0,130.84,0.0404,
1992-03-04,341.61,354.0,132.11,0.0403,
1992-03-05,337.52,354.0,131.85,0.0404,
1992-03-06,333.0,354.0,131.76,0.0404,
1992-03-09,333.31,354.0,131.92,0.0401,
1992-03-10,340.32,354.0,132.88,0.0401,
1992-03-11,335.05,354.0,133.45,0.0401,
1992-03-12,334.83,354.0,134.25,0.04019999999999999,
1992-03-13,336.47,354.0,133.6,0.0406,
1992-03-16,338.27,354.0,133.98,0.0406,
1992-03-17,342.92,354.0,133.45,0.0406,
1992-03-18,342.63,354.0,132.05,0.0405,
1992-03-19,342.55,354.0,133.27,0.0405,
1992-03-20,340.87,354.0,134.15,0.0406,
1992-03-23,339.04,354.0,133.7,0.0408,
1992-03-24,339.04,354.0,133.69,0.0405,
1992-03-25,337.65,354.0,133.35,0.0401,
1992-03-26,333.3,354.0,133.95,0.0401,
1992-03-27,324.22,354.0,133.12,0.0401,
1992-03-30,322.35,354.0,133.06,0.0401,
1992-03-31,323.05,344.0,132.92,0.0405,
1992-04-01,323.92,344.0,134.5,0.0401,
1992-04-02,317.67,344.0,133.83,0.04019999999999999,
1992-04-03,316.38,344.0,133.25,0.039599999999999996,
1992-04-06,324.55,344.0,132.72,0.039599999999999996,
1992-04-07,312.95,344.0,133.28,0.0387,
1992-04-08,310.85,344.0,132.6,0.0387,
1992-04-09,319.54,344.0,132.23,0.0366,
1992-04-10,312.99,344.0,132.9,0.0365,
1992-04-13,317.15,344.0,133.28,0.0362,
1992-04-14,320.55,344.0,132.79,0.0362,
1992-04-15,326.07,344.0,133.39,0.0362,
1992-04-16,319.24,344.0,133.9,0.0365,
1992-04-20,307.88,344.0,134.5,0.0369,
1992-04-21,305.63,344.0,134.23,0.0368,
1992-04-22,309.54,344.0,134.15,0.0368,
1992-04-23,307.52,344.0,134.53,0.036699999999999997,
1992-04-24,303.81,344.0,134.53,0.036699999999999997,
1992-04-27,299.65,344.0,133.13,0.0371,
1992-04-28,294.63,344.0,133.33,0.0371,
1992-04-29,302.98,344.0,133.5,0.0371,
1992-04-30,307.86,339.0,133.3,0.037000000000000005,
1992-05-01,307.48,339.0,132.75,0.0363,
1992-05-04,310.71,339.0,132.7,0.0364,
1992-05-05,314.77,339.0,133.07,0.0364,
1992-05-06,315.11,339.0,132.5,0.0362,
1992-05-07,312.73,339.0,132.7,0.0362,
1992-05-08,311.26,339.0,133.4,0.0363,
1992-05-11,311.9,339.0,133.17,0.0364,
1992-05-12,310.04,339.0,130.5,0.0362,
1992-05-13,308.75,339.0,130.4,0.0359,
1992-05-14,304.55,339.0,130.2,0.035699999999999996,
1992-05-15,303.01,339.0,130.25,0.0358,
1992-05-18,304.57,339.0,128.8,0.036000000000000004,
1992-05-19,306.41,339.0,129.1,0.0354,
1992-05-20,309.55,339.0,129.58,0.035699999999999996,
1992-05-21,307.94,339.0,130.25,0.036699999999999997,
1992-05-22,308.38,339.0,129.4,0.0368,
1992-05-26,305.89,339.0,129.33,0.0374,
1992-05-27,308.07,339.0,129.95,0.037000000000000005,
1992-05-28,311.98,339.0,129.62,0.0368,
1992-05-29,315.3,339.0,127.75,0.037000000000000005,
1992-06-01,318.98,339.0,127.45,0.0375,
1992-06-02,317.24,339.0,127.53,0.0374,
1992-06-03,317.34,339.0,127.8,0.0371,
1992-06-04,315.94,339.0,127.57,0.0369,
1992-06-05,313.25,339.0,126.8,0.0368,
1992-06-08,310.23,339.0,127.2,0.0368,
1992-06-09,304.86,339.0,127.55,0.0368,
1992-06-10,302.6,339.0,127.65,0.0368,
1992-06-11,302.57,339.0,126.75,0.0366,
1992-06-12,304.11,339.0,126.65,0.0366,
1992-06-15,303.87,339.0,126.8,0.0365,
1992-06-16,299.2,339.0,126.7,0.0364,
1992-06-17,293.4,339.0,127.05,0.0362,
1992-06-18,291.94,339.0,126.65,0.0361,
1992-06-19,296.87,339.0,126.93,0.0365,
1992-06-22,295.25,339.0,127.1,0.0364,
1992-06-23,297.44,339.0,127.23,0.0368,
1992-06-24,295.29,339.0,126.68,0.0364,
1992-06-25,291.25,339.0,125.45,0.0362,
1992-06-26,290.03,339.0,125.72,0.0362,
1992-06-29,300.8,339.0,125.25,0.035699999999999996,
1992-06-30,301.23,341.0,125.87,0.035699999999999996,
1992-07-01,306.03,341.0,124.92,0.0355,
1992-07-02,300.88,341.0,124.6,0.032400000000000005,
1992-07-06,302.4,341.0,124.55,0.0322,
1992-07-07,296.26,341.0,124.42,0.0321,
1992-07-08,297.56,341.0,124.85,0.0322,
1992-07-09,302.19,341.0,125.8,0.0321,
1992-07-10,302.83,341.0,125.4,0.0322,
1992-07-13,304.98,341.0,124.95,0.0321,
1992-07-14,309.25,341.0,126.0,0.0321,
1992-07-15,309.39,341.0,125.0,0.0318,
1992-07-16,311.28,341.0,125.45,0.0317,
1992-07-17,305.54,341.0,124.55,0.0316,
1992-07-20,300.44,341.0,125.25,0.0318,
1992-07-21,305.1,341.0,125.3,0.0319,
1992-07-22,301.17,341.0,126.9,0.0317,
1992-07-23,302.5,341.0,126.63,0.0316,
1992-07-24,303.43,341.0,127.67,0.0316,
1992-07-27,301.84,341.0,127.73,0.0319,
1992-07-28,306.75,341.0,127.58,0.0319,
1992-07-29,310.11,341.0,127.93,0.0318,
1992-07-30,310.94,341.0,127.65,0.0318,
1992-07-31,310.89,353.0,127.35,0.0318,
1992-08-03,312.75,353.0,127.28,0.0317,
1992-08-04,311.07,353.0,127.25,0.0317,
1992-08-05,306.58,353.0,127.4,0.0317,
1992-08-06,304.56,353.0,127.75,0.0316,
1992-08-07,303.31,353.0,127.5,0.031400000000000004,
1992-08-10,304.23,353.0,128.05,0.0313,
1992-08-11,302.51,353.0,128.05,0.0313,
1992-08-12,300.95,353.0,127.72,0.031200000000000002,
1992-08-13,301.27,353.0,127.27,0.030899999999999997,
1992-08-14,302.23,353.0,126.25,0.030600000000000002,
1992-08-17,300.38,353.0,125.75,0.030699999999999998,
1992-08-18,300.44,353.0,126.25,0.030699999999999998,
1992-08-19,298.31,353.0,126.3,0.0308,
1992-08-20,299.43,353.0,126.32,0.0308,
1992-08-21,295.69,353.0,126.07,0.030699999999999998,
1992-08-24,290.71,353.0,124.68,0.0315,
1992-08-25,292.08,353.0,124.9,0.0317,
1992-08-26,296.2,353.0,124.95,0.0316,
1992-08-27,299.46,353.0,124.9,0.0316,
1992-08-28,299.13,353.0,123.26,0.0316,
1992-08-31,299.26,343.0,122.95,0.0316,
1992-09-01,301.97,343.0,122.95,0.0315,
1992-09-02,306.56,343.0,123.0,0.031400000000000004,
1992-09-03,308.17,343.0,124.0,0.031400000000000004,
1992-09-04,306.39,343.0,123.22,0.0292,
1992-09-08,305.77,343.0,122.68,0.028999999999999998,
1992-09-09,309.99,343.0,123.23,0.0291,
1992-09-10,314.81,343.0,122.98,0.0291,
1992-09-11,315.19,343.0,124.23,0.0292,
1992-09-14,324.63,343.0,124.25,0.028900000000000002,
1992-09-15,319.88,343.0,124.38,0.0292,
1992-09-16,318.44,343.0,124.95,0.028999999999999998,
1992-09-17,319.24,343.0,124.43,0.0288,
1992-09-18,319.91,343.0,124.63,0.0288,
1992-09-21,319.25,343.0,123.72,0.0291,
1992-09-22,314.27,343.0,121.2,0.0292,
1992-09-23,315.81,343.0,120.15,0.0292,
1992-09-24,317.54,343.0,120.7,0.028900000000000002,
1992-09-25,310.23,343.0,120.5,0.027999999999999997,
1992-09-28,307.87,343.0,119.58,0.0278,
1992-09-29,310.65,343.0,119.75,0.0273,
1992-09-30,313.19,345.0,120.0,0.0269,
1992-10-01,309.04,345.0,120.0,0.026099999999999998,
1992-10-02,304.39,345.0,119.35,0.0263,
1992-10-05,303.69,345.0,119.65,0.0264,
1992-10-06,307.96,345.0,119.92,0.0273,
1992-10-07,305.38,345.0,120.02,0.028300000000000002,
1992-10-08,308.35,345.0,120.97,0.0279,
1992-10-09,305.63,345.0,122.0,0.028300000000000002,
1992-10-12,308.11,345.0,122.0,0.028300000000000002,
1992-10-13,310.13,345.0,121.5,0.0286,
1992-10-14,309.58,345.0,121.02,0.029300000000000003,
1992-10-15,312.13,345.0,120.4,0.0292,
1992-10-16,316.38,345.0,119.85,0.028999999999999998,
1992-10-19,322.79,345.0,119.85,0.0297,
1992-10-20,323.38,345.0,121.95,0.0302,
1992-10-21,326.07,345.0,121.8,0.029300000000000003,
1992-10-22,326.1,345.0,120.75,0.0291,
1992-10-23,325.44,345.0,121.77,0.029300000000000003,
1992-10-26,327.17,345.0,122.03,0.0292,
1992-10-27,323.93,345.0,122.48,0.0294,
1992-10-28,326.68,345.0,122.5,0.0294,
1992-10-29,331.09,345.0,123.36,0.029500000000000002,
1992-10-30,329.15,345.0,123.3,0.0296,
1992-11-02,330.33,345.0,123.95,0.0301,
1992-11-03,325.96,345.0,122.25,0.030299999999999997,
1992-11-04,327.76,345.0,122.8,0.0302,
1992-11-05,336.49,345.0,122.67,0.0301,
1992-11-06,338.14,345.0,123.2,0.030600000000000002,
1992-11-09,340.58,345.0,123.9,0.0308,
1992-11-10,344.39,345.0,124.4,0.0308,
1992-11-11,347.86,345.0,124.4,0.0308,
1992-11-12,346.8,345.0,124.12,0.030600000000000002,
1992-11-13,348.49,345.0,123.85,0.0308,
1992-11-16,344.63,345.0,124.85,0.031200000000000002,
1992-11-17,338.23,345.0,124.55,0.0317,
1992-11-18,344.31,345.0,124.38,0.0315,
1992-11-19,346.75,345.0,123.55,0.0315,
1992-11-20,348.81,345.0,124.22,0.032,
1992-11-23,343.44,345.0,124.18,0.032400000000000005,
1992-11-24,349.98,345.0,124.1,0.0322,
1992-11-25,349.66,345.0,123.93,0.032400000000000005,
1992-11-27,349.31,345.0,124.4,0.0325,
1992-11-30,350.96,335.02,124.42,0.0327,
1992-12-01,352.67,335.02,124.4,0.0333,
1992-12-02,351.57,335.02,124.41,0.0334,
1992-12-03,354.79,335.02,124.67,0.033,
1992-12-04,358.4,335.02,124.9,0.0325,
1992-12-07,361.83,335.02,124.44,0.0325,
1992-12-08,360.57,335.02,124.0,0.0326,
1992-12-09,357.81,335.02,124.1,0.0323,
1992-12-10,354.56,335.02,123.73,0.0322,
1992-12-11,350.89,335.02,123.89,0.0325,
1992-12-14,349.4,335.02,123.85,0.0326,
1992-12-15,346.94,335.02,124.1,0.0322,
1992-12-16,348.95,335.02,122.9,0.0321,
1992-12-17,356.85,335.02,123.1,0.032,
1992-12-18,357.89,335.02,123.28,0.0316,
1992-12-21,359.33,335.02,122.97,0.0317,
1992-12-22,355.64,335.02,123.52,0.032,
1992-12-23,356.5,335.02,123.85,0.0318,
1992-12-24,357.56,335.02,123.9,0.0316,
1992-12-28,359.06,335.02,124.75,0.0318,
1992-12-29,359.81,335.02,124.7,0.032,
1992-12-30,359.94,335.02,124.59,0.031200000000000002,
1992-12-31,360.19,334.82,124.85,0.0308,
1993-01-04,356.37,334.82,125.4,0.0308,
1993-01-05,360.24,334.82,125.11,0.0311,
1993-01-06,366.97,334.82,125.1,0.031,
1993-01-07,364.02,334.82,125.25,0.031200000000000002,
1993-01-08,365.54,334.82,125.27,0.030600000000000002,
1993-01-11,370.81,334.82,125.05,0.0305,
1993-01-12,367.91,334.82,125.3,0.0302,
1993-01-13,375.85,334.82,126.03,0.03,
1993-01-14,381.34,334.82,125.75,0.0298,
1993-01-15,379.24,334.82,126.1,0.0294,
1993-01-18,378.76,334.82,126.1,0.0294,
1993-01-19,376.02,334.82,125.55,0.029900000000000003,
1993-01-20,375.73,334.82,124.9,0.0301,
1993-01-21,379.34,334.82,125.0,0.029900000000000003,
1993-01-22,377.82,334.82,124.85,0.0297,
1993-01-25,381.06,334.82,123.28,0.029500000000000002,
1993-01-26,379.38,334.82,123.63,0.029500000000000002,
1993-01-27,372.61,334.82,124.1,0.0291,
1993-01-28,370.67,334.82,124.23,0.028999999999999998,
1993-01-29,370.56,334.82,124.97,0.028999999999999998,
1993-02-01,375.48,334.82,124.95,0.028999999999999998,
1993-02-02,377.44,334.82,124.86,0.0296,
1993-02-03,376.54,334.82,124.33,0.029300000000000003,
1993-02-04,374.25,334.82,124.58,0.028999999999999998,
1993-02-05,369.0,334.82,124.43,0.028999999999999998,
1993-02-08,365.73,334.82,124.02,0.0292,
1993-02-09,362.95,334.82,121.38,0.029300000000000003,
1993-02-10,367.3,334.82,120.97,0.0294,
1993-02-11,366.33,334.82,120.5,0.0292,
1993-02-12,361.19,334.82,120.9,0.029300000000000003,
1993-02-16,346.89,334.82,119.8,0.029300000000000003,
1993-02-17,345.91,334.82,119.4,0.0291,
1993-02-18,348.28,334.82,119.6,0.028900000000000002,
1993-02-19,347.92,334.82,119.11,0.029300000000000003,
1993-02-22,340.35,334.82,116.45,0.029500000000000002,
1993-02-23,341.24,334.82,116.65,0.0294,
1993-02-24,350.13,334.82,116.9,0.0296,
1993-02-25,351.67,334.82,117.5,0.029500000000000002,
1993-02-26,351.14,334.82,118.1,0.029500000000000002,
1993-03-01,349.1,334.82,118.75,0.029500000000000002,
1993-03-02,356.21,334.82,117.77,0.0297,
1993-03-03,359.96,334.82,117.25,0.0294,
1993-03-04,355.53,334.82,116.8,0.0291,
1993-03-05,355.57,334.82,117.65,0.03,
1993-03-08,359.44,334.82,116.62,0.03,
1993-03-09,359.4,334.82,117.4,0.029900000000000003,
1993-03-10,361.26,334.82,118.12,0.0298,
1993-03-11,361.74,334.82,117.57,0.0296,
1993-03-12,362.65,334.82,117.8,0.0297,
1993-03-15,364.32,334.82,118.45,0.029900000000000003,
1993-03-16,363.61,334.82,116.9,0.0298,
1993-03-17,355.66,334.82,117.25,0.0298,
1993-03-18,355.5,334.82,116.88,0.029500000000000002,
1993-03-19,351.56,334.82,115.95,0.0296,
1993-03-22,349.42,334.82,115.67,0.0294,
1993-03-23,348.14,334.82,115.7,0.0292,
1993-03-24,348.51,334.82,116.88,0.0292,
1993-03-25,354.38,334.82,117.3,0.0291,
1993-03-26,352.65,334.82,116.4,0.029300000000000003,
1993-03-29,351.41,334.82,116.77,0.0294,
1993-03-30,357.72,334.82,116.62,0.0291,
1993-03-31,359.42,330.0,114.9,0.028900000000000002,
1993-04-01,354.34,330.0,114.1,0.028999999999999998,
1993-04-02,341.18,330.0,114.2,0.0291,
1993-04-05,344.71,330.0,113.6,0.028999999999999998,
1993-04-06,340.56,330.0,114.0,0.0291,
1993-04-07,345.19,330.0,113.7,0.0292,
1993-04-08,341.56,330.0,113.45,0.028999999999999998,
1993-04-12,349.01,330.0,112.75,0.028900000000000002,
1993-04-13,345.87,330.0,113.4,0.0285,
1993-04-14,346.49,330.0,113.9,0.0282,
1993-04-15,343.9,330.0,113.4,0.028399999999999998,
1993-04-16,340.65,330.0,112.63,0.028399999999999998,
1993-04-19,337.46,330.0,111.03,0.0281,
1993-04-20,339.06,330.0,110.8,0.0279,
1993-04-21,340.2,330.0,111.1,0.027999999999999997,
1993-04-22,338.48,330.0,110.05,0.0282,
1993-04-23,333.66,330.0,110.62,0.028399999999999998,
1993-04-26,327.28,330.0,110.45,0.028900000000000002,
1993-04-27,334.6,330.0,111.25,0.0291,
1993-04-28,339.66,330.0,112.4,0.0292,
1993-04-29,338.98,330.0,111.75,0.028999999999999998,
1993-04-30,339.95,342.0,111.27,0.0291,
1993-05-03,344.97,342.0,110.9,0.0287,
1993-05-04,353.28,342.0,110.3,0.0287,
1993-05-05,355.35,342.0,110.25,0.028900000000000002,
1993-05-06,351.72,342.0,110.3,0.0286,
1993-05-07,353.23,342.0,110.35,0.0287,
1993-05-10,354.85,342.0,111.75,0.0287,
1993-05-11,353.01,342.0,111.05,0.028900000000000002,
1993-05-12,350.96,342.0,111.5,0.028999999999999998,
1993-05-13,347.71,342.0,111.7,0.029300000000000003,
1993-05-14,349.8,342.0,110.85,0.0296,
1993-05-17,352.67,342.0,111.4,0.03,
1993-05-18,356.0,342.0,111.59,0.0301,
1993-05-19,364.68,342.0,110.52,0.0297,
1993-05-20,370.46,342.0,110.5,0.0296,
1993-05-21,366.67,342.0,110.43,0.03,
1993-05-24,367.09,342.0,110.35,0.0304,
1993-05-25,366.22,342.0,109.5,0.030699999999999998,
1993-05-26,374.35,342.0,108.65,0.0305,
1993-05-27,372.73,342.0,107.8,0.030600000000000002,
1993-05-28,368.11,342.0,107.17,0.030600000000000002,
1993-06-01,372.53,342.0,107.23,0.0304,
1993-06-02,372.69,342.0,107.68,0.030699999999999998,
1993-06-03,372.06,342.0,107.4,0.030299999999999997,
1993-06-04,368.63,342.0,107.75,0.0311,
1993-06-07,364.36,342.0,107.36,0.031,
1993-06-08,360.74,342.0,106.3,0.0313,
1993-06-09,360.25,342.0,106.55,0.0311,
1993-06-10,359.55,342.0,106.16,0.0311,
1993-06-11,363.08,342.0,106.1,0.0305,
1993-06-14,367.15,342.0,105.15,0.0305,
1993-06-15,366.98,342.0,105.6,0.0305,
1993-06-16,365.02,342.0,106.6,0.0304,
1993-06-17,364.01,342.0,106.75,0.030299999999999997,
1993-06-18,357.96,342.0,109.5,0.030600000000000002,
1993-06-21,357.87,342.0,111.05,0.030600000000000002,
1993-06-22,356.2,342.0,111.35,0.030899999999999997,
1993-06-23,354.94,342.0,109.15,0.031200000000000002,
1993-06-24,357.83,342.0,109.25,0.031,
1993-06-25,362.23,342.0,106.15,0.0308,
1993-06-28,368.45,342.0,106.05,0.030699999999999998,
1993-06-29,365.96,342.0,107.13,0.030299999999999997,
1993-06-30,366.13,372.0,106.8,0.030299999999999997,
1993-07-01,363.73,372.0,107.85,0.029900000000000003,
1993-07-02,364.22,372.0,108.7,0.029500000000000002,
1993-07-06,360.8,372.0,108.28,0.0301,
1993-07-07,357.87,372.0,107.7,0.0304,
1993-07-08,360.7,372.0,108.75,0.0302,
1993-07-09,362.46,372.0,109.67,0.0302,
1993-07-12,362.87,372.0,109.65,0.0301,
1993-07-13,361.98,372.0,108.34,0.0304,
1993-07-14,363.74,372.0,107.5,0.0301,
1993-07-15,360.47,372.0,108.25,0.0301,
1993-07-16,351.07,372.0,107.8,0.0301,
1993-07-19,349.06,372.0,108.5,0.030299999999999997,
1993-07-20,355.76,372.0,108.4,0.030600000000000002,
1993-07-21,352.64,372.0,108.5,0.030699999999999998,
1993-07-22,348.35,372.0,106.9,0.030899999999999997,
1993-07-23,353.21,372.0,106.8,0.030899999999999997,
1993-07-26,356.41,372.0,106.9,0.0308,
1993-07-27,352.02,372.0,106.35,0.031,
1993-07-28,356.81,372.0,105.33,0.0308,
1993-07-29,357.33,372.0,106.3,0.0302,
1993-07-30,352.87,372.0,105.05,0.030299999999999997,
1993-08-02,355.25,372.0,104.35,0.030699999999999998,
1993-08-03,356.23,372.0,104.43,0.0308,
1993-08-04,360.12,372.0,104.8,0.0308,
1993-08-05,362.41,372.0,104.25,0.0305,
1993-08-06,363.15,372.0,104.45,0.0304,
1993-08-09,362.3,372.0,104.93,0.0302,
1993-08-10,358.65,372.0,104.67,0.030299999999999997,
1993-08-11,359.74,372.0,103.68,0.0302,
1993-08-12,359.41,372.0,103.17,0.0301,
1993-08-13,360.46,372.0,102.18,0.0302,
1993-08-16,370.6,372.0,101.1,0.0302,
1993-08-17,374.16,372.0,101.55,0.0301,
1993-08-18,375.82,372.0,101.6,0.029900000000000003,
1993-08-19,370.27,372.0,103.95,0.0298,
1993-08-20,370.87,372.0,104.85,0.029900000000000003,
1993-08-23,370.49,372.0,103.12,0.029900000000000003,
1993-08-24,371.0,372.0,103.73,0.029900000000000003,
1993-08-25,367.96,372.0,104.95,0.0298,
1993-08-26,364.67,372.0,104.4,0.03,
1993-08-27,366.5,372.0,104.0,0.0302,
1993-08-30,369.31,372.0,103.94,0.0302,
1993-08-31,372.65,379.0,104.73,0.0301,
1993-09-01,374.16,379.0,105.7,0.0301,
1993-09-02,374.57,379.0,106.0,0.029900000000000003,
1993-09-03,373.71,379.0,105.05,0.0294,
1993-09-07,366.68,379.0,104.05,0.029300000000000003,
1993-09-08,364.85,379.0,105.64,0.0296,
1993-09-09,368.3,379.0,105.2,0.0298,
1993-09-10,370.64,379.0,106.2,0.0296,
1993-09-13,367.59,379.0,106.3,0.0297,
1993-09-14,364.2,379.0,105.85,0.029900000000000003,
1993-09-15,367.32,379.0,106.3,0.0296,
1993-09-16,365.74,379.0,104.45,0.029500000000000002,
1993-09-17,366.19,379.0,104.5,0.029500000000000002,
1993-09-20,367.46,379.0,104.31,0.029500000000000002,
1993-09-21,365.65,379.0,106.5,0.0292,
1993-09-22,374.0,379.0,106.5,0.0292,
1993-09-23,377.07,379.0,106.07,0.029300000000000003,
1993-09-24,378.04,379.0,106.05,0.029300000000000003,
1993-09-27,382.51,379.0,105.9,0.0291,
1993-09-28,386.02,379.0,105.25,0.028999999999999998,
1993-09-29,386.89,379.0,105.2,0.029300000000000003,
1993-09-30,382.72,355.0,106.05,0.0292,
1993-10-01,382.81,355.0,106.05,0.0292,
1993-10-04,384.3,355.0,105.8,0.029300000000000003,
1993-10-05,381.28,355.0,105.57,0.03,
1993-10-06,380.42,355.0,105.6,0.0298,
1993-10-07,378.0,355.0,105.15,0.0298,
1993-10-08,381.32,355.0,105.57,0.0298,
1993-10-11,380.66,355.0,105.57,0.0298,
1993-10-12,382.57,355.0,105.95,0.0301,
1993-10-13,386.3,355.0,106.02,0.030299999999999997,
1993-10-14,391.99,355.0,107.43,0.0301,
1993-10-15,392.45,355.0,107.08,0.0301,
1993-10-18,389.85,355.0,107.47,0.0302,
1993-10-19,382.73,355.0,107.07,0.030600000000000002,
1993-10-20,383.93,355.0,107.31,0.0304,
1993-10-21,387.36,355.0,108.35,0.0305,
1993-10-22,388.19,355.0,108.16,0.0304,
1993-10-25,387.41,355.0,108.36,0.0304,
1993-10-26,384.6,355.0,108.14,0.030899999999999997,
1993-10-27,390.25,355.0,108.47,0.030899999999999997,
1993-10-28,389.25,355.0,108.5,0.0304,
1993-10-29,390.99,355.0,108.35,0.030299999999999997,
1993-11-01,395.03,355.0,108.28,0.030600000000000002,
1993-11-02,395.32,355.0,107.57,0.031200000000000002,
1993-11-03,387.93,355.0,107.3,0.030899999999999997,
1993-11-04,377.47,355.0,108.27,0.0308,
1993-11-05,383.64,355.0,108.2,0.030600000000000002,
1993-11-08,384.85,355.0,108.07,0.030600000000000002,
1993-11-09,385.92,355.0,108.26,0.0311,
1993-11-10,392.99,355.0,107.28,0.031200000000000002,
1993-11-11,394.66,355.0,107.28,0.031200000000000002,
1993-11-12,395.18,355.0,106.3,0.0311,
1993-11-15,391.12,355.0,106.9,0.0311,
1993-11-16,393.38,355.0,106.73,0.030899999999999997,
1993-11-17,385.8,355.0,107.0,0.030899999999999997,
1993-11-18,381.74,355.0,107.1,0.0311,
1993-11-19,380.57,355.0,108.3,0.0313,
1993-11-22,373.37,355.0,108.27,0.0313,
1993-11-23,381.22,355.0,108.45,0.031200000000000002,
1993-11-24,385.04,355.0,108.15,0.031200000000000002,
1993-11-26,386.32,355.0,108.75,0.0311,
1993-11-29,383.19,355.0,109.27,0.031200000000000002,
1993-11-30,386.76,373.83,109.08,0.031400000000000004,
1993-12-01,392.95,373.83,108.7,0.031200000000000002,
1993-12-02,396.17,373.83,108.74,0.0311,
1993-12-03,401.78,373.83,108.46,0.0311,
1993-12-06,399.01,373.83,108.23,0.030899999999999997,
1993-12-07,396.99,373.83,107.6,0.030899999999999997,
1993-12-08,394.81,373.83,108.62,0.0308,
1993-12-09,387.25,373.83,108.75,0.030600000000000002,
1993-12-10,386.96,373.83,109.18,0.0305,
1993-12-13,387.78,373.83,108.98,0.0305,
1993-12-14,382.83,373.83,109.38,0.0304,
1993-12-15,384.95,373.83,109.66,0.030299999999999997,
1993-12-16,386.18,373.83,109.72,0.030299999999999997,
1993-12-17,389.04,373.83,110.1,0.030299999999999997,
1993-12-20,389.72,373.83,110.55,0.0305,
1993-12-21,388.51,373.83,111.08,0.030699999999999998,
1993-12-22,388.41,373.83,110.57,0.030600000000000002,
1993-12-23,390.32,373.83,110.55,0.030600000000000002,
1993-12-27,391.84,373.83,111.53,0.030600000000000002,
1993-12-28,394.74,373.83,111.35,0.030600000000000002,
1993-12-29,395.38,373.83,111.6,0.0301,
1993-12-30,397.73,373.83,112.0,0.0298,
1993-12-31,398.28,383.0,111.7,0.0301,
1994-01-03,395.53,383.0,112.5,0.030299999999999997,
1994-01-04,398.19,383.0,112.75,0.0308,
1994-01-05,401.07,383.0,113.1,0.030699999999999998,
1994-01-06,404.21,383.0,112.75,0.0305,
1994-01-07,404.78,383.0,111.97,0.0301,
1994-01-10,408.91,383.0,112.38,0.029900000000000003,
1994-01-11,407.85,383.0,112.35,0.0298,
1994-01-12,408.47,383.0,112.4,0.0296,
1994-01-13,408.0,383.0,111.92,0.029500000000000002,
1994-01-14,411.75,383.0,111.24,0.0297,
1994-01-17,410.79,383.0,111.24,0.0297,
1994-01-18,410.95,383.0,110.75,0.0296,
1994-01-19,406.38,383.0,110.85,0.0297,
1994-01-20,411.53,383.0,111.6,0.029500000000000002,
1994-01-21,411.59,383.0,111.25,0.029500000000000002,
1994-01-24,409.23,383.0,111.8,0.029300000000000003,
1994-01-25,406.48,383.0,111.15,0.029300000000000003,
1994-01-26,407.19,383.0,110.28,0.0292,
1994-01-27,409.93,383.0,109.62,0.0292,
1994-01-28,412.52,383.0,109.45,0.029300000000000003,
1994-01-31,413.99,387.0,108.72,0.0296,
1994-02-01,410.22,387.0,108.05,0.030299999999999997,
1994-02-02,411.78,387.0,108.03,0.030600000000000002,
1994-02-03,410.05,387.0,108.18,0.0313,
1994-02-04,397.48,387.0,108.98,0.0323,
1994-02-07,399.62,387.0,108.56,0.0322,
1994-02-08,401.46,387.0,108.66,0.0325,
1994-02-09,403.91,387.0,107.89,0.0325,
1994-02-10,401.31,387.0,108.45,0.0326,
1994-02-11,401.83,387.0,107.67,0.0326,
1994-02-14,405.11,387.0,104.08,0.0326,
1994-02-15,408.28,387.0,103.95,0.0327,
1994-02-16,408.74,387.0,103.8,0.0327,
1994-02-17,407.39,387.0,104.2,0.032799999999999996,
1994-02-18,407.94,387.0,104.15,0.0329,
1994-02-22,410.48,387.0,105.27,0.0329,
1994-02-23,408.91,387.0,105.8,0.0338,
1994-02-24,402.79,387.0,105.15,0.0336,
1994-02-25,406.45,387.0,104.63,0.0337,
1994-02-28,412.17,382.0,104.22,0.0336,
1994-03-01,409.69,382.0,104.8,0.035,
1994-03-02,408.18,382.0,103.7,0.0347,
1994-03-03,408.17,382.0,103.73,0.0348,
1994-03-04,411.99,382.0,105.6,0.0353,
1994-03-07,415.3,382.0,105.73,0.0352,
1994-03-08,411.97,382.0,105.3,0.0355,
1994-03-09,413.08,382.0,105.88,0.0353,
1994-03-10,409.77,382.0,105.7,0.0349,
1994-03-11,409.43,382.0,105.05,0.0349,
1994-03-14,412.93,382.0,106.0,0.0354,
1994-03-15,412.83,382.0,105.97,0.0358,
1994-03-16,415.31,382.0,105.85,0.0353,
1994-03-17,418.45,382.0,105.82,0.0347,
1994-03-18,417.52,382.0,106.05,0.0348,
1994-03-21,412.99,382.0,106.25,0.0352,
1994-03-22,410.67,382.0,106.0,0.0352,
1994-03-23,410.5,382.0,106.4,0.0346,
1994-03-24,403.92,382.0,105.52,0.0345,
1994-03-25,399.86,382.0,104.85,0.0348,
1994-03-28,393.92,382.0,104.12,0.035,
1994-03-29,383.0,382.0,103.45,0.0351,
1994-03-30,380.25,382.0,103.07,0.0349,
1994-03-31,382.96,384.0,102.4,0.0348,
1994-04-04,375.42,384.0,103.3,0.0365,
1994-04-05,389.31,384.0,103.85,0.0366,
1994-04-06,388.76,384.0,104.45,0.0359,
1994-04-07,390.97,384.0,104.85,0.0353,
1994-04-08,384.9,384.0,105.02,0.0356,
1994-04-11,383.85,384.0,103.45,0.0354,
1994-04-12,375.46,384.0,103.62,0.0356,
1994-04-13,367.25,384.0,103.57,0.0356,
1994-04-14,365.65,384.0,104.15,0.0358,
1994-04-15,366.29,384.0,103.6,0.0359,
1994-04-18,360.46,384.0,103.4,0.037000000000000005,
1994-04-19,357.36,384.0,103.23,0.0374,
1994-04-20,355.38,384.0,103.3,0.0374,
1994-04-21,367.02,384.0,103.65,0.0374,
1994-04-22,369.08,384.0,103.6,0.0375,
1994-04-25,374.79,384.0,103.26,0.037599999999999995,
1994-04-26,375.46,384.0,102.95,0.0388,
1994-04-28,372.45,384.0,101.77,0.038900000000000004,
1994-04-29,373.25,384.0,102.05,0.0387,
1994-05-02,379.82,384.0,101.79,0.0392,
1994-05-03,377.07,384.0,101.2,0.04019999999999999,
1994-05-04,377.53,384.0,102.0,0.0405,
1994-05-05,378.23,384.0,102.7,0.0403,
1994-05-06,374.57,384.0,102.72,0.0418,
1994-05-09,368.0,384.0,102.7,0.0425,
1994-05-10,370.02,384.0,104.0,0.0424,
1994-05-11,365.18,384.0,104.42,0.042199999999999994,
1994-05-12,366.64,384.0,104.23,0.041299999999999996,
1994-05-13,364.82,384.0,104.9,0.0412,
1994-05-16,360.49,384.0,104.8,0.0415,
1994-05-17,360.5,384.0,104.37,0.042,
1994-05-18,368.59,384.0,103.55,0.04190000000000001,
1994-05-19,371.71,384.0,104.25,0.041299999999999996,
1994-05-20,370.37,384.0,103.97,0.0415,
1994-05-23,369.89,384.0,104.33,0.0416,
1994-05-24,377.0,384.0,104.9,0.042199999999999994,
1994-05-25,378.24,384.0,104.5,0.0418,
1994-05-26,375.8,384.0,104.45,0.0416,
1994-05-27,376.81,384.0,104.3,0.0418,
1994-05-31,378.85,381.43,104.74,0.0416,
1994-06-01,379.23,381.43,104.7,0.0418,
1994-06-02,380.66,381.43,104.98,0.041299999999999996,
1994-06-03,382.78,381.43,105.38,0.0412,
1994-06-06,382.8,381.43,105.25,0.0409,
1994-06-07,379.99,381.43,104.9,0.0412,
1994-06-08,371.0,381.43,104.05,0.041100000000000005,
1994-06-09,370.3,381.43,104.45,0.0412,
1994-06-10,374.64,381.43,103.7,0.041100000000000005,
1994-06-13,371.88,381.43,103.0,0.0412,
1994-06-14,377.38,381.43,102.5,0.041100000000000005,
1994-06-15,377.78,381.43,102.78,0.041299999999999996,
1994-06-16,377.8,381.43,103.28,0.041100000000000005,
1994-06-17,371.94,381.43,102.75,0.0412,
1994-06-20,367.83,381.43,101.9,0.0412,
1994-06-21,360.98,381.43,101.78,0.042,
1994-06-22,363.23,381.43,101.17,0.0418,
1994-06-23,353.49,381.43,101.1,0.0415,
1994-06-24,351.76,381.43,100.5,0.0417,
1994-06-27,361.16,381.43,100.05,0.0414,
1994-06-28,362.05,381.43,100.03,0.0418,
1994-06-29,362.73,381.43,98.82,0.0415,
1994-06-30,360.3,386.0,98.51,0.0415,
1994-07-01,360.03,386.0,98.51,0.042,
1994-07-05,356.91,386.0,98.87,0.0421,
1994-07-06,353.62,386.0,98.23,0.042800000000000005,
1994-07-07,359.23,386.0,98.86,0.0425,
1994-07-08,359.31,386.0,98.1,0.0437,
1994-07-11,358.79,386.0,97.37,0.0443,
1994-07-12,361.31,386.0,96.81,0.044500000000000005,
1994-07-13,369.14,386.0,97.9,0.0441,
1994-07-14,367.52,386.0,98.4,0.043,
1994-07-15,367.24,386.0,98.1,0.0426,
1994-07-18,368.18,386.0,98.51,0.0424,
1994-07-19,364.72,386.0,99.2,0.0426,
1994-07-20,359.53,386.0,98.55,0.043,
1994-07-21,362.21,386.0,98.55,0.0433,
1994-07-22,365.06,386.0,98.55,0.0438,
1994-07-25,366.11,386.0,98.95,0.0438,
1994-07-26,364.01,386.0,98.03,0.0441,
1994-07-27,361.81,386.0,98.18,0.0446,
1994-07-28,362.14,386.0,99.18,0.044199999999999996,
1994-07-29,370.16,386.0,100.05,0.042699999999999995,
1994-08-01,373.58,386.0,99.35,0.042800000000000005,
1994-08-02,372.78,386.0,100.37,0.0433,
1994-08-03,370.48,386.0,100.42,0.0433,
1994-08-04,367.55,386.0,100.2,0.0432,
1994-08-05,367.15,386.0,100.37,0.0446,
1994-08-08,368.89,386.0,101.33,0.0447,
1994-08-09,370.66,386.0,101.2,0.044500000000000005,
1994-08-10,373.93,386.0,101.2,0.0438,
1994-08-11,374.49,386.0,100.85,0.0434,
1994-08-12,376.96,386.0,100.27,0.0438,
1994-08-15,377.08,386.0,100.1,0.044500000000000005,
1994-08-16,380.53,386.0,100.31,0.0462,
1994-08-17,386.9,386.0,100.31,0.045700000000000005,
1994-08-18,385.63,386.0,98.85,0.045899999999999996,
1994-08-19,384.12,386.0,98.57,0.045599999999999995,
1994-08-22,382.81,386.0,98.01,0.0454,
1994-08-23,386.74,386.0,98.4,0.045700000000000005,
1994-08-24,388.44,386.0,98.62,0.0454,
1994-08-25,391.49,386.0,99.71,0.045599999999999995,
1994-08-26,399.26,386.0,100.4,0.045599999999999995,
1994-08-29,398.44,386.0,100.05,0.045700000000000005,
1994-08-30,401.74,386.0,99.63,0.045899999999999996,
1994-08-31,397.9,380.0,100.11,0.045599999999999995,
1994-09-01,391.61,380.0,99.63,0.0455,
1994-09-02,391.41,380.0,99.2,0.0455,
1994-09-06,393.69,380.0,98.77,0.0455,
1994-09-07,397.05,380.0,99.25,0.0454,
1994-09-08,400.75,380.0,99.48,0.0455,
1994-09-09,394.84,380.0,99.2,0.0458,
1994-09-12,391.67,380.0,99.0,0.045899999999999996,
1994-09-13,396.69,380.0,98.96,0.046,
1994-09-14,397.79,380.0,99.05,0.0458,
1994-09-15,407.1,380.0,99.45,0.0458,
1994-09-16,404.47,380.0,98.72,0.0461,
1994-09-19,403.88,380.0,98.58,0.0458,
1994-09-20,396.85,380.0,97.79,0.0462,
1994-09-21,393.71,380.0,97.92,0.0479,
1994-09-22,393.55,380.0,98.05,0.0479,
1994-09-23,390.2,380.0,97.7,0.0478,
1994-09-26,388.9,380.0,98.65,0.0478,
1994-09-27,389.33,380.0,98.37,0.0471,
1994-09-28,391.97,380.0,98.77,0.0454,
1994-09-29,391.22,380.0,98.67,0.0458,
1994-09-30,393.85,391.58,99.05,0.0467,
1994-10-03,392.72,391.58,99.5,0.0473,
1994-10-04,382.71,391.58,99.65,0.0496,
1994-10-05,386.99,391.58,99.47,0.0496,
1994-10-06,382.85,391.58,99.65,0.049699999999999994,
1994-10-07,387.36,391.58,100.37,0.048799999999999996,
1994-10-10,392.85,391.58,100.37,0.048799999999999996,
1994-10-11,400.29,391.58,100.5,0.0489,
1994-10-12,399.85,391.58,99.95,0.0499,
1994-10-13,399.86,391.58,99.75,0.049100000000000005,
1994-10-14,398.8,391.58,98.43,0.048600000000000004,
1994-10-17,396.85,391.58,97.68,0.048499999999999995,
1994-10-18,398.0,391.58,97.79,0.049100000000000005,
1994-10-19,403.73,391.58,97.3,0.0492,
1994-10-20,402.99,391.58,97.2,0.05,
1994-10-21,400.52,391.58,97.37,0.05,
1994-10-24,398.79,391.58,97.2,0.050199999999999995,
1994-10-25,398.48,391.58,96.95,0.0506,
1994-10-26,403.83,391.58,97.05,0.05,
1994-10-27,405.62,391.58,96.95,0.049800000000000004,
1994-10-28,411.84,391.58,97.4,0.0501,
1994-10-31,413.05,390.0,96.9,0.050300000000000004,
1994-11-01,410.06,390.0,96.77,0.0508,
1994-11-02,408.91,390.0,97.0,0.0509,
1994-11-03,408.17,390.0,98.2,0.051,
1994-11-04,401.46,390.0,97.65,0.0518,
1994-11-07,400.19,390.0,97.24,0.052199999999999996,
1994-11-08,407.44,390.0,96.93,0.052300000000000006,
1994-11-09,408.32,390.0,97.78,0.052000000000000005,
1994-11-10,406.12,390.0,97.92,0.052300000000000006,
1994-11-11,404.78,390.0,97.92,0.052300000000000006,
1994-11-14,412.17,390.0,98.07,0.0528,
1994-11-15,411.78,390.0,98.28,0.0538,
1994-11-16,412.72,390.0,98.37,0.0537,
1994-11-17,410.98,390.0,98.1,0.0535,
1994-11-18,412.43,390.0,98.5,0.053399999999999996,
1994-11-21,409.28,390.0,98.41,0.0533,
1994-11-22,397.93,390.0,98.19,0.053399999999999996,
1994-11-23,397.17,390.0,98.27,0.0529,
1994-11-25,401.17,390.0,98.75,0.0529,
1994-11-28,403.82,390.0,98.59,0.053899999999999997,
1994-11-29,409.1,390.0,98.95,0.0553,
1994-11-30,404.82,384.0,98.91,0.0556,
1994-12-01,398.56,384.0,99.4,0.0555,
1994-12-02,402.04,384.0,100.39,0.056299999999999996,
1994-12-05,402.71,384.0,100.32,0.0576,
1994-12-06,399.98,384.0,100.35,0.057699999999999994,
1994-12-07,395.75,384.0,100.13,0.056600000000000004,
1994-12-08,386.3,384.0,100.41,0.0567,
1994-12-09,388.63,384.0,100.22,0.056600000000000004,
1994-12-12,388.88,384.0,100.04,0.0572,
1994-12-13,387.53,384.0,100.32,0.057800000000000004,
1994-12-14,391.65,384.0,100.3,0.056799999999999996,
1994-12-15,393.7,384.0,100.26,0.0554,
1994-12-16,392.01,384.0,100.28,0.0556,
1994-12-19,390.42,384.0,100.15,0.0556,
1994-12-20,390.61,384.0,100.32,0.0548,
1994-12-21,397.8,384.0,100.23,0.0541,
1994-12-22,399.8,384.0,100.45,0.0546,
1994-12-23,401.15,384.0,100.22,0.0553,
1994-12-27,404.03,384.0,100.46,0.0553,
1994-12-28,400.26,384.0,100.33,0.0552,
1994-12-29,406.31,384.0,99.65,0.055099999999999996,
1994-12-30,404.27,384.0,99.6,0.0553,
1995-01-03,398.0,384.0,100.52,0.0553,
1995-01-04,399.65,384.0,101.4,0.056900000000000006,
1995-01-05,398.02,384.0,100.97,0.0572,
1995-01-06,401.59,384.0,101.37,0.0574,
1995-01-09,403.53,384.0,100.33,0.0575,
1995-01-10,407.57,384.0,100.4,0.0574,
1995-01-11,407.1,384.0,99.9,0.056299999999999996,
1995-01-12,407.32,384.0,98.8,0.0562,
1995-01-13,410.48,384.0,98.77,0.0557,
1995-01-16,413.65,384.0,98.77,0.0557,
1995-01-17,416.89,384.0,99.0,0.0562,
1995-01-18,419.26,384.0,99.55,0.0571,
1995-01-19,417.83,384.0,99.43,0.0571,
1995-01-20,410.13,384.0,99.4,0.0575,
1995-01-23,411.89,384.0,99.75,0.0576,
1995-01-24,413.6,384.0,99.64,0.0581,
1995-01-25,410.87,384.0,99.6,0.057699999999999994,
1995-01-26,406.5,384.0,99.31,0.057699999999999994,
1995-01-27,407.22,384.0,99.35,0.0576,
1995-01-30,401.71,384.0,98.4,0.057300000000000004,
1995-01-31,405.33,379.0,99.43,0.0583,
1995-02-01,407.06,379.0,99.4,0.059000000000000004,
1995-02-02,411.15,379.0,99.5,0.058499999999999996,
1995-02-03,416.14,379.0,99.75,0.057999999999999996,
1995-02-06,420.93,379.0,99.3,0.057999999999999996,
1995-02-07,420.57,379.0,99.42,0.0581,
1995-02-08,425.66,379.0,98.98,0.057699999999999994,
1995-02-09,426.43,379.0,98.85,0.057800000000000004,
1995-02-10,430.77,379.0,98.86,0.0581,
1995-02-13,428.77,379.0,98.66,0.057999999999999996,
1995-02-14,429.81,379.0,98.65,0.0579,
1995-02-15,432.49,379.0,98.52,0.057699999999999994,
1995-02-16,430.86,379.0,97.55,0.056900000000000006,
1995-02-17,425.66,379.0,97.48,0.057,
1995-02-21,424.82,379.0,97.3,0.0574,
1995-02-22,429.21,379.0,97.03,0.056900000000000006,
1995-02-23,431.03,379.0,96.8,0.0572,
1995-02-24,428.42,379.0,97.1,0.0572,
1995-02-27,424.75,379.0,96.75,0.0572,
1995-02-28,432.5,377.0,96.6,0.0576,
1995-03-01,429.8,377.0,96.75,0.0576,
1995-03-02,431.68,377.0,95.81,0.0575,
1995-03-03,436.68,377.0,94.4,0.0572,
1995-03-06,437.24,377.0,92.6,0.0574,
1995-03-07,432.12,377.0,90.85,0.057800000000000004,
1995-03-08,437.01,377.0,91.27,0.057699999999999994,
1995-03-09,437.02,377.0,90.57,0.057300000000000004,
1995-03-10,441.76,377.0,91.23,0.057699999999999994,
1995-03-13,440.82,377.0,90.5,0.0576,
1995-03-14,446.27,377.0,90.97,0.0575,
1995-03-15,443.57,377.0,89.4,0.0574,
1995-03-16,444.68,377.0,90.3,0.0574,
1995-03-17,443.94,377.0,89.19,0.0574,
1995-03-20,446.61,377.0,89.42,0.057300000000000004,
1995-03-21,447.13,377.0,89.38,0.0574,
1995-03-22,447.13,377.0,88.92,0.057300000000000004,
1995-03-23,448.82,377.0,88.31,0.0571,
1995-03-24,455.43,377.0,89.1,0.0567,
1995-03-27,457.12,377.0,89.07,0.056600000000000004,
1995-03-28,460.54,377.0,89.22,0.0571,
1995-03-29,451.87,377.0,88.31,0.056600000000000004,
1995-03-30,448.42,377.0,89.53,0.057,
1995-03-31,447.15,382.12,86.85,0.057,
1995-04-03,448.49,382.12,86.25,0.057,
1995-04-04,441.86,382.12,86.36,0.057300000000000004,
1995-04-05,444.66,382.12,86.25,0.057,
1995-04-06,439.92,382.12,85.47,0.0567,
1995-04-07,444.01,382.12,84.32,0.056799999999999996,
1995-04-10,449.36,382.12,83.1,0.0565,
1995-04-11,453.33,382.12,83.8,0.056600000000000004,
1995-04-12,456.98,382.12,84.0,0.0564,
1995-04-13,458.93,382.12,83.59,0.0558,
1995-04-17,457.06,382.12,82.1,0.0562,
1995-04-18,453.43,382.12,81.4,0.056100000000000004,
1995-04-19,447.06,382.12,81.12,0.0562,
1995-04-20,449.01,382.12,82.95,0.055999999999999994,
1995-04-21,451.34,382.12,82.92,0.0562,
1995-04-24,456.41,382.12,83.26,0.0562,
1995-04-25,459.1,382.12,81.95,0.0567,
1995-04-26,463.03,382.12,83.98,0.0567,
1995-04-27,465.34,382.12,83.58,0.056900000000000006,
1995-04-28,469.56,382.12,84.04,0.056900000000000006,
1995-05-01,466.05,382.12,83.53,0.0571,
1995-05-02,465.38,382.12,83.69,0.0571,
1995-05-03,474.93,382.12,83.45,0.056600000000000004,
1995-05-04,474.1,382.12,83.62,0.055999999999999994,
1995-05-05,470.3,382.12,84.03,0.0557,
1995-05-08,476.78,382.12,83.0,0.0558,
1995-05-09,476.0,382.12,82.95,0.056299999999999996,
1995-05-10,472.88,382.12,83.87,0.0564,
1995-05-11,479.57,382.12,85.8,0.056600000000000004,
1995-05-12,483.19,382.12,87.0,0.056900000000000006,
1995-05-15,486.34,382.12,86.86,0.057,
1995-05-16,491.04,382.12,86.2,0.056900000000000006,
1995-05-17,494.69,382.12,86.73,0.056799999999999996,
1995-05-18,488.02,382.12,87.43,0.056900000000000006,
1995-05-19,489.87,382.12,86.77,0.056900000000000006,
1995-05-22,495.09,382.12,87.47,0.0571,
1995-05-23,503.12,382.12,87.38,0.057300000000000004,
1995-05-24,500.5,382.12,87.15,0.056900000000000006,
1995-05-25,501.66,382.12,85.05,0.056600000000000004,
1995-05-26,496.06,382.12,82.85,0.056600000000000004,
1995-05-30,482.08,382.12,83.0,0.0565,
1995-05-31,488.1,385.0,84.65,0.056299999999999996,
1995-06-01,490.96,385.0,84.95,0.055,
1995-06-02,492.65,385.0,84.9,0.0542,
1995-06-05,500.81,385.0,84.63,0.055099999999999996,
1995-06-06,495.12,385.0,85.1,0.0552,
1995-06-07,497.15,385.0,84.24,0.0557,
1995-06-08,500.86,385.0,84.9,0.0559,
1995-06-09,500.41,385.0,84.4,0.055999999999999994,
1995-06-12,501.69,385.0,83.92,0.0556,
1995-06-13,505.32,385.0,84.33,0.054400000000000004,
1995-06-14,506.09,385.0,84.4,0.054400000000000004,
1995-06-15,511.99,385.0,84.82,0.0548,
1995-06-16,517.57,385.0,84.66,0.054900000000000004,
1995-06-19,530.53,385.0,84.95,0.0546,
1995-06-20,539.55,385.0,84.65,0.0548,
1995-06-21,535.52,385.0,84.38,0.054299999999999994,
1995-06-22,546.06,385.0,84.65,0.0537,
1995-06-23,544.66,385.0,84.5,0.0538,
1995-06-26,536.49,385.0,84.34,0.053899999999999997,
1995-06-27,527.84,385.0,84.08,0.0542,
1995-06-28,530.65,385.0,85.7,0.054000000000000006,
1995-06-29,536.21,385.0,84.7,0.055,
1995-06-30,538.03,387.56,84.78,0.054400000000000004,
1995-07-03,538.97,387.56,84.8,0.0546,
1995-07-05,543.39,387.56,84.94,0.055099999999999996,
1995-07-06,553.87,387.56,85.18,0.0537,
1995-07-07,567.56,387.56,86.77,0.0538,
1995-07-10,573.56,387.56,87.09,0.0536,
1995-07-11,563.98,387.56,87.45,0.053899999999999997,
1995-07-12,579.71,387.56,87.51,0.0538,
1995-07-13,583.25,387.56,87.4,0.053899999999999997,
1995-07-14,589.85,387.56,87.89,0.054299999999999994,
1995-07-17,596.91,387.56,88.65,0.0545,
1995-07-18,578.47,387.56,88.35,0.054400000000000004,
1995-07-19,557.03,387.56,87.75,0.0541,
1995-07-20,550.33,387.56,87.76,0.054299999999999994,
1995-07-21,547.78,387.56,88.55,0.054400000000000004,
1995-07-24,562.64,387.56,87.55,0.054400000000000004,
1995-07-25,572.71,387.56,87.88,0.0545,
1995-07-26,576.84,387.56,87.95,0.0546,
1995-07-27,584.25,387.56,87.95,0.0541,
1995-07-28,574.18,387.56,88.18,0.0542,
1995-07-31,568.88,386.23,88.34,0.0542,
1995-08-01,559.21,386.23,88.43,0.054400000000000004,
1995-08-02,551.56,386.23,90.82,0.0542,
1995-08-03,553.06,386.23,90.45,0.0542,
1995-08-04,560.58,386.23,91.25,0.0541,
1995-08-07,563.65,386.23,91.3,0.054000000000000006,
1995-08-08,565.71,386.23,91.77,0.0538,
1995-08-09,575.49,386.23,91.57,0.053899999999999997,
1995-08-10,569.75,386.23,92.83,0.054000000000000006,
1995-08-11,575.64,386.23,93.77,0.0542,
1995-08-14,584.73,386.23,93.61,0.054299999999999994,
1995-08-15,584.05,386.23,96.68,0.0545,
1995-08-16,596.43,386.23,97.8,0.054299999999999994,
1995-08-17,596.28,386.23,97.85,0.054400000000000004,
1995-08-18,595.52,386.23,96.95,0.054400000000000004,
1995-08-21,578.89,386.23,96.55,0.0545,
1995-08-22,589.25,386.23,96.73,0.0546,
1995-08-23,591.32,386.23,96.5,0.054299999999999994,
1995-08-24,583.16,386.23,96.55,0.0536,
1995-08-25,580.1,386.23,96.64,0.053399999999999996,
1995-08-28,566.05,386.23,96.6,0.053099999999999994,
1995-08-29,566.82,386.23,97.63,0.053399999999999996,
1995-08-30,572.83,386.23,98.95,0.053,
1995-08-31,576.77,384.0,97.75,0.0529,
1995-09-01,573.21,384.0,97.49,0.0529,
1995-09-05,595.36,384.0,97.77,0.053099999999999994,
1995-09-06,594.12,384.0,98.79,0.053200000000000004,
1995-09-07,599.14,384.0,98.58,0.053399999999999996,
1995-09-08,604.27,384.0,99.75,0.0536,
1995-09-11,609.75,384.0,99.78,0.0535,
1995-09-12,605.99,384.0,100.87,0.053099999999999994,
1995-09-13,607.7,384.0,102.5,0.053099999999999994,
1995-09-14,604.12,384.0,102.55,0.0528,
1995-09-15,589.01,384.0,103.52,0.053,
1995-09-18,591.13,384.0,103.55,0.0529,
1995-09-19,601.02,384.0,104.2,0.052000000000000005,
1995-09-20,603.19,384.0,103.25,0.0518,
1995-09-21,594.85,384.0,100.1,0.0524,
1995-09-22,592.64,384.0,98.5,0.0519,
1995-09-25,587.93,384.0,99.88,0.0524,
1995-09-26,580.77,384.0,100.83,0.0529,
1995-09-27,576.22,384.0,100.17,0.0526,
1995-09-28,595.44,384.0,99.73,0.0528,
1995-09-29,585.08,384.0,99.1,0.0524,
1995-10-02,573.87,384.0,100.72,0.0526,
1995-10-03,573.16,384.0,101.65,0.0535,
1995-10-04,558.99,384.0,100.73,0.053099999999999994,
1995-10-05,572.75,384.0,100.25,0.0528,
1995-10-06,567.42,384.0,100.85,0.053099999999999994,
1995-10-09,546.93,384.0,100.85,0.053099999999999994,
1995-10-10,550.76,384.0,100.64,0.0529,
1995-10-11,564.33,384.0,100.9,0.053099999999999994,
1995-10-12,573.1,384.0,100.28,0.053,
1995-10-13,570.0,384.0,100.8,0.0529,
1995-10-16,568.46,384.0,100.45,0.053200000000000004,
1995-10-17,589.43,384.0,100.33,0.0527,
1995-10-18,597.97,384.0,100.62,0.0525,
1995-10-19,601.26,384.0,100.59,0.0525,
1995-10-20,591.75,384.0,100.25,0.0527,
1995-10-23,593.27,384.0,99.7,0.0527,
1995-10-24,594.23,384.0,100.17,0.052199999999999996,
1995-10-25,584.33,384.0,101.27,0.052300000000000006,
1995-10-26,582.47,384.0,101.8,0.052199999999999996,
1995-10-27,593.53,384.0,101.71,0.0525,
1995-10-30,607.1,384.0,101.65,0.0528,
1995-10-31,598.78,383.0,102.26,0.053200000000000004,
1995-11-01,600.91,383.0,103.07,0.053200000000000004,
1995-11-02,614.69,383.0,103.59,0.053099999999999994,
1995-11-03,621.71,383.0,103.88,0.053099999999999994,
1995-11-06,615.72,383.0,103.2,0.053399999999999996,
1995-11-07,596.23,383.0,103.18,0.0537,
1995-11-08,598.72,383.0,102.5,0.0536,
1995-11-09,616.95,383.0,100.75,0.053899999999999997,
1995-11-10,613.61,383.0,100.95,0.0542,
1995-11-13,608.32,383.0,101.7,0.0542,
1995-11-14,591.68,383.0,101.68,0.0538,
1995-11-15,593.48,383.0,100.9,0.053899999999999997,
1995-11-16,591.7,383.0,102.15,0.0536,
1995-11-17,588.81,383.0,102.03,0.0535,
1995-11-20,571.67,383.0,101.35,0.0535,
1995-11-21,574.22,383.0,101.63,0.0536,
1995-11-22,569.04,383.0,100.5,0.0536,
1995-11-24,578.32,383.0,101.5,0.053200000000000004,
1995-11-27,573.91,383.0,101.8,0.053399999999999996,
1995-11-28,598.0,383.0,101.12,0.0537,
1995-11-29,599.58,383.0,101.46,0.053399999999999996,
1995-11-30,593.72,385.0,101.8,0.053200000000000004,
1995-12-01,587.02,385.0,101.2,0.0529,
1995-12-04,598.0,385.0,101.05,0.053099999999999994,
1995-12-05,591.23,385.0,101.42,0.053099999999999994,
1995-12-06,589.98,385.0,101.37,0.053200000000000004,
1995-12-07,587.13,385.0,101.4,0.053399999999999996,
1995-12-08,599.38,385.0,100.95,0.053399999999999996,
1995-12-11,596.11,385.0,101.07,0.0533,
1995-12-12,585.04,385.0,101.85,0.0525,
1995-12-13,587.54,385.0,101.75,0.0526,
1995-12-14,566.29,385.0,101.5,0.0526,
1995-12-15,563.28,385.0,102.14,0.052000000000000005,
1995-12-18,548.04,385.0,101.7,0.052000000000000005,
1995-12-19,575.01,385.0,101.85,0.0509,
1995-12-20,565.15,385.0,102.0,0.05,
1995-12-21,580.76,385.0,101.81,0.049100000000000005,
1995-12-22,585.18,385.0,102.6,0.049,
1995-12-26,585.09,385.0,102.38,0.048600000000000004,
1995-12-27,580.37,385.0,102.8,0.049,
1995-12-28,571.96,385.0,102.87,0.0484,
1995-12-29,576.23,385.0,103.28,0.0496,
1996-01-02,585.94,385.0,103.92,0.049699999999999994,
1996-01-03,572.29,385.0,104.35,0.050499999999999996,
1996-01-04,563.48,385.0,106.41,0.0504,
1996-01-05,565.14,385.0,105.13,0.050300000000000004,
1996-01-08,563.15,385.0,105.8,0.050300000000000004,
1996-01-09,534.42,385.0,104.9,0.0501,
1996-01-10,535.29,385.0,105.28,0.0504,
1996-01-11,555.2,385.0,104.8,0.0504,
1996-01-12,552.71,385.0,105.07,0.050499999999999996,
1996-01-15,534.44,385.0,105.07,0.050499999999999996,
1996-01-16,546.05,385.0,105.88,0.05,
1996-01-17,545.51,385.0,105.38,0.0499,
1996-01-18,554.32,385.0,105.44,0.0496,
1996-01-19,564.64,385.0,105.4,0.0496,
1996-01-22,571.25,385.0,105.76,0.049800000000000004,
1996-01-23,567.35,385.0,105.8,0.049699999999999994,
1996-01-24,582.14,385.0,106.92,0.049699999999999994,
1996-01-25,572.26,385.0,106.9,0.049699999999999994,
1996-01-26,577.05,385.0,106.6,0.049699999999999994,
1996-01-29,576.23,385.0,106.8,0.05,
1996-01-30,583.99,385.0,107.29,0.0499,
1996-01-31,591.82,399.45,106.95,0.049100000000000005,
1996-02-01,601.88,399.45,107.08,0.0489,
1996-02-02,601.42,399.45,106.7,0.048499999999999995,
1996-02-05,615.47,399.45,105.02,0.048600000000000004,
1996-02-06,619.2,399.45,105.54,0.0484,
1996-02-07,615.07,399.45,106.2,0.048,
1996-02-08,623.8,399.45,106.9,0.0478,
1996-02-09,623.01,399.45,107.1,0.0479,
1996-02-12,625.29,399.45,106.67,0.048,
1996-02-13,618.54,399.45,106.93,0.0479,
1996-02-14,617.59,399.45,106.77,0.048,
1996-02-15,620.23,399.45,106.18,0.0478,
1996-02-16,619.04,399.45,105.35,0.047599999999999996,
1996-02-20,616.83,399.45,106.1,0.0483,
1996-02-21,627.28,399.45,105.25,0.0482,
1996-02-22,643.41,399.45,104.95,0.0481,
1996-02-23,642.59,399.45,104.73,0.0483,
1996-02-26,637.92,399.45,104.33,0.048499999999999995,
1996-02-27,631.1,399.45,104.37,0.048799999999999996,
1996-02-28,631.44,399.45,104.47,0.048799999999999996,
1996-02-29,622.83,405.0,105.12,0.0489,
1996-03-01,604.76,405.0,105.7,0.048600000000000004,
1996-03-04,601.5,405.0,105.05,0.0489,
1996-03-05,615.88,405.0,105.1,0.0489,
1996-03-06,607.84,405.0,105.37,0.049,
1996-03-07,609.55,405.0,105.25,0.049,
1996-03-08,591.71,405.0,105.94,0.048799999999999996,
1996-03-11,605.48,405.0,105.35,0.0496,
1996-03-12,599.02,405.0,105.54,0.0496,
1996-03-13,614.75,405.0,105.29,0.0496,
1996-03-14,610.56,405.0,105.48,0.049800000000000004,
1996-03-15,621.71,405.0,105.87,0.0501,
1996-03-18,633.26,405.0,106.02,0.050300000000000004,
1996-03-19,629.39,405.0,106.26,0.050499999999999996,
1996-03-20,615.26,405.0,106.44,0.050199999999999995,
1996-03-21,611.51,405.0,106.72,0.049400000000000006,
1996-03-22,612.88,405.0,106.8,0.049699999999999994,
1996-03-25,597.82,405.0,106.19,0.0493,
1996-03-26,602.08,405.0,106.39,0.05,
1996-03-27,608.06,405.0,106.64,0.050300000000000004,
1996-03-28,608.08,405.0,106.34,0.050499999999999996,
1996-03-29,609.69,405.0,107.0,0.05,
1996-04-01,612.99,405.0,107.53,0.050300000000000004,
1996-04-02,615.81,405.0,107.48,0.050199999999999995,
1996-04-03,618.57,405.0,106.94,0.0501,
1996-04-04,618.0,405.0,107.09,0.049800000000000004,
1996-04-08,610.61,405.0,107.42,0.050199999999999995,
1996-04-09,611.06,405.0,108.18,0.049699999999999994,
1996-04-10,609.11,405.0,108.56,0.0495,
1996-04-11,604.07,405.0,108.52,0.0495,
1996-04-12,605.05,405.0,108.67,0.049400000000000006,
1996-04-15,611.08,405.0,108.36,0.0487,
1996-04-16,625.94,405.0,108.28,0.0482,
1996-04-17,620.71,405.0,108.27,0.0483,
1996-04-18,633.44,405.0,107.1,0.048499999999999995,
1996-04-19,633.01,405.0,107.1,0.048799999999999996,
1996-04-22,644.29,405.0,106.7,0.048799999999999996,
1996-04-23,654.49,405.0,106.59,0.049699999999999994,
1996-04-24,664.01,405.0,106.77,0.05,
1996-04-25,666.68,405.0,106.47,0.0496,
1996-04-26,666.65,405.0,105.54,0.049800000000000004,
1996-04-29,667.0,405.0,104.52,0.05,
1996-04-30,666.73,392.85,104.63,0.0501,
1996-05-01,673.36,392.85,105.08,0.049800000000000004,
1996-05-02,656.73,392.85,104.49,0.0499,
1996-05-03,661.07,392.85,104.83,0.05,
1996-05-06,662.93,392.85,104.93,0.0499,
1996-05-07,660.82,392.85,104.97,0.0501,
1996-05-08,663.53,392.85,105.15,0.05,
1996-05-09,662.54,392.85,104.8,0.0499,
1996-05-10,672.54,392.85,105.5,0.0499,
1996-05-13,688.52,392.85,104.96,0.050199999999999995,
1996-05-14,695.43,392.85,105.8,0.0501,
1996-05-15,690.16,392.85,106.85,0.05,
1996-05-16,695.25,392.85,106.67,0.0501,
1996-05-17,690.81,392.85,106.53,0.0501,
1996-05-20,693.27,392.85,107.14,0.050199999999999995,
1996-05-21,687.86,392.85,107.0,0.0504,
1996-05-22,688.43,392.85,107.04,0.0504,
1996-05-23,692.09,392.85,106.78,0.0504,
1996-05-24,688.91,392.85,107.9,0.0504,
1996-05-28,685.07,392.85,108.7,0.0504,
1996-05-29,677.09,392.85,108.77,0.0504,
1996-05-30,684.04,392.85,107.65,0.0504,
1996-05-31,692.39,392.0,107.99,0.0504,
1996-06-03,689.25,392.0,108.37,0.0508,
1996-06-04,692.59,392.0,109.2,0.0508,
1996-06-05,699.35,392.0,108.84,0.0508,
1996-06-06,687.01,392.0,109.26,0.0507,
1996-06-07,691.46,392.0,109.23,0.0512,
1996-06-10,688.84,392.0,109.07,0.051500000000000004,
1996-06-11,690.94,392.0,109.5,0.0513,
1996-06-12,697.16,392.0,109.47,0.0512,
1996-06-13,691.84,392.0,108.85,0.051,
1996-06-14,681.13,392.0,108.87,0.0507,
1996-06-17,678.44,392.0,108.85,0.050499999999999996,
1996-06-18,666.07,392.0,108.04,0.0507,
1996-06-19,667.72,392.0,108.05,0.0509,
1996-06-20,664.45,392.0,108.1,0.0512,
1996-06-21,672.53,392.0,109.1,0.0512,
1996-06-24,677.17,392.0,108.94,0.0513,
1996-06-25,668.04,392.0,109.03,0.051,
1996-06-26,659.69,392.0,109.5,0.051,
1996-06-27,671.15,392.0,109.45,0.0506,
1996-06-28,677.3,392.0,109.48,0.0504,
1996-07-01,687.07,392.0,109.56,0.0508,
1996-07-02,680.17,392.0,110.1,0.0518,
1996-07-03,673.84,392.0,110.31,0.051,
1996-07-05,657.68,392.0,110.95,0.0516,
1996-07-08,656.0,392.0,110.94,0.0516,
1996-07-09,660.76,392.0,110.28,0.052000000000000005,
1996-07-10,657.45,392.0,110.18,0.051500000000000004,
1996-07-11,635.78,392.0,110.18,0.0512,
1996-07-12,635.06,392.0,110.69,0.051399999999999994,
1996-07-15,606.89,392.0,110.45,0.051500000000000004,
1996-07-16,614.25,392.0,109.15,0.0513,
1996-07-17,631.3,392.0,108.62,0.0512,
1996-07-18,643.74,392.0,107.93,0.051100000000000007,
1996-07-19,633.05,392.0,108.22,0.051399999999999994,
1996-07-22,624.03,392.0,107.5,0.051500000000000004,
1996-07-23,598.34,392.0,108.09,0.0516,
1996-07-24,605.05,392.0,108.29,0.051699999999999996,
1996-07-25,620.39,392.0,108.38,0.051500000000000004,
1996-07-26,633.39,392.0,108.33,0.051500000000000004,
1996-07-29,620.51,392.0,109.2,0.0521,
1996-07-30,630.32,392.0,108.08,0.052000000000000005,
1996-07-31,636.01,383.47,106.77,0.0518,
1996-08-01,651.07,383.47,106.75,0.051100000000000007,
1996-08-02,667.84,383.47,107.05,0.0507,
1996-08-05,661.02,383.47,106.64,0.050499999999999996,
1996-08-06,671.69,383.47,106.92,0.050499999999999996,
1996-08-07,682.37,383.47,107.95,0.0504,
1996-08-08,677.52,383.47,108.14,0.0501,
1996-08-09,678.31,383.47,108.12,0.0501,
1996-08-12,679.39,383.47,107.72,0.0501,
1996-08-13,669.1,383.47,107.59,0.050300000000000004,
1996-08-14,677.17,383.47,107.94,0.050199999999999995,
1996-08-15,677.09,383.47,108.01,0.050499999999999996,
1996-08-16,672.28,383.47,107.96,0.0504,
1996-08-19,670.25,383.47,107.87,0.050499999999999996,
1996-08-20,662.87,383.47,108.3,0.0504,
1996-08-21,667.42,383.47,108.34,0.0501,
1996-08-22,681.63,383.47,108.23,0.05,
1996-08-23,677.57,383.47,108.4,0.0501,
1996-08-26,672.92,383.47,107.7,0.0506,
1996-08-27,679.05,383.47,107.78,0.0506,
1996-08-28,679.67,383.47,108.44,0.0506,
1996-08-29,671.1,383.47,108.5,0.051,
1996-08-30,663.57,383.47,108.7,0.051500000000000004,
1996-09-03,669.29,383.47,109.28,0.051699999999999996,
1996-09-04,669.2,383.47,108.85,0.0518,
1996-09-05,652.32,383.47,109.09,0.052000000000000005,
1996-09-06,664.22,383.47,109.37,0.0519,
1996-09-09,671.98,383.47,109.19,0.0513,
1996-09-10,671.65,383.47,109.84,0.051500000000000004,
1996-09-11,675.12,383.47,110.25,0.051699999999999996,
1996-09-12,685.65,383.47,110.3,0.051399999999999994,
1996-09-13,707.86,383.47,110.44,0.0507,
1996-09-16,709.22,383.47,110.15,0.050499999999999996,
1996-09-17,722.5,383.47,110.39,0.051699999999999996,
1996-09-18,727.63,383.47,109.21,0.051399999999999994,
1996-09-19,736.76,383.47,109.38,0.051100000000000007,
1996-09-20,743.42,383.47,109.87,0.051500000000000004,
1996-09-23,733.41,383.47,109.86,0.051500000000000004,
1996-09-24,736.59,383.47,109.82,0.050300000000000004,
1996-09-25,745.73,383.47,110.38,0.049400000000000006,
1996-09-26,744.61,383.47,110.45,0.0487,
1996-09-27,744.73,383.47,110.85,0.049100000000000005,
1996-09-30,737.58,383.0,111.65,0.049100000000000005,
1996-10-01,734.5,383.0,111.37,0.049699999999999994,
1996-10-02,747.55,383.0,111.66,0.049,
1996-10-03,743.28,383.0,111.48,0.049100000000000005,
1996-10-04,759.12,383.0,111.63,0.048799999999999996,
1996-10-07,764.96,383.0,111.27,0.0493,
1996-10-08,753.24,383.0,111.31,0.0499,
1996-10-09,753.97,383.0,111.47,0.0499,
1996-10-10,751.44,383.0,111.28,0.0501,
1996-10-11,765.64,383.0,111.66,0.05,
1996-10-14,771.99,383.0,111.66,0.05,
1996-10-15,775.08,383.0,112.28,0.050300000000000004,
1996-10-16,767.64,383.0,112.14,0.0501,
1996-10-17,755.77,383.0,112.22,0.049800000000000004,
1996-10-18,756.83,383.0,112.54,0.049800000000000004,
1996-10-21,746.28,383.0,112.76,0.0499,
1996-10-22,736.64,383.0,112.86,0.050199999999999995,
1996-10-23,749.7,383.0,112.97,0.05,
1996-10-24,748.41,383.0,112.85,0.05,
1996-10-25,743.55,383.0,113.33,0.05,
1996-10-28,741.64,383.0,114.12,0.050499999999999996,
1996-10-29,731.21,383.0,114.11,0.0501,
1996-10-30,736.36,383.0,113.97,0.0501,
1996-10-31,751.99,381.0,113.79,0.050300000000000004,
1996-11-01,755.51,381.0,113.28,0.050300000000000004,
1996-11-04,756.23,381.0,113.97,0.050199999999999995,
1996-11-05,769.89,381.0,114.22,0.050300000000000004,
1996-11-06,786.9,381.0,113.98,0.050300000000000004,
1996-11-07,795.42,381.0,111.54,0.050199999999999995,
1996-11-08,798.66,381.0,111.63,0.0504,
1996-11-11,804.72,381.0,111.63,0.0504,
1996-11-12,794.09,381.0,111.5,0.0504,
1996-11-13,798.7,381.0,111.41,0.050300000000000004,
1996-11-14,809.75,381.0,111.29,0.050300000000000004,
1996-11-15,799.44,381.0,111.3,0.050199999999999995,
1996-11-18,793.29,381.0,111.31,0.050300000000000004,
1996-11-19,805.78,381.0,111.55,0.050300000000000004,
1996-11-20,808.39,381.0,111.25,0.050300000000000004,
1996-11-21,800.47,381.0,111.42,0.0504,
1996-11-22,818.51,381.0,111.41,0.0504,
1996-11-25,821.24,381.0,112.69,0.050300000000000004,
1996-11-26,825.51,381.0,112.66,0.050300000000000004,
1996-11-27,832.37,381.0,113.33,0.050199999999999995,
1996-11-29,834.01,381.0,113.88,0.05,
1996-12-02,844.63,381.0,113.8,0.0495,
1996-12-03,837.91,381.0,113.59,0.0492,
1996-12-04,834.65,381.0,113.13,0.049,
1996-12-05,835.8,381.0,112.35,0.049100000000000005,
1996-12-06,827.21,381.0,112.84,0.049,
1996-12-09,856.64,381.0,113.27,0.048600000000000004,
1996-12-10,848.96,381.0,113.28,0.0483,
1996-12-11,856.38,381.0,112.9,0.0483,
1996-12-12,843.37,381.0,113.55,0.0484,
1996-12-13,828.45,381.0,113.8,0.048,
1996-12-16,804.62,381.0,114.24,0.048600000000000004,
1996-12-17,815.79,381.0,113.63,0.0487,
1996-12-18,836.54,381.0,113.65,0.049,
1996-12-19,843.72,381.0,114.0,0.048799999999999996,
1996-12-20,834.05,381.0,114.25,0.0489,
1996-12-23,824.79,381.0,114.12,0.049699999999999994,
1996-12-24,835.4,381.0,114.5,0.0496,
1996-12-26,842.98,381.0,114.92,0.049699999999999994,
1996-12-27,835.19,381.0,116.13,0.049800000000000004,
1996-12-30,826.49,381.0,115.88,0.0504,
1996-12-31,821.36,369.0,115.77,0.0507,
1997-01-02,815.6,369.0,115.49,0.050499999999999996,
1997-01-03,848.08,369.0,116.33,0.0504,
1997-01-06,853.24,369.0,115.8,0.050499999999999996,
1997-01-07,864.55,369.0,115.34,0.050199999999999995,
1997-01-08,853.09,369.0,115.86,0.050199999999999995,
1997-01-09,856.95,369.0,116.19,0.05,
1997-01-10,865.58,369.0,116.1,0.0504,
1997-01-13,864.37,369.0,116.41,0.0504,
1997-01-14,881.38,369.0,116.9,0.050499999999999996,
1997-01-15,864.02,369.0,117.24,0.050199999999999995,
1997-01-16,873.63,369.0,116.54,0.050300000000000004,
1997-01-17,883.44,369.0,117.11,0.0501,
1997-01-20,899.75,369.0,117.11,0.0501,
1997-01-21,913.73,369.0,117.8,0.050300000000000004,
1997-01-22,925.52,369.0,118.92,0.0504,
1997-01-23,912.74,369.0,119.65,0.0504,
1997-01-24,898.37,369.0,119.06,0.050300000000000004,
1997-01-27,889.82,369.0,119.45,0.0506,
1997-01-28,890.79,369.0,121.19,0.0504,
1997-01-29,892.46,369.0,121.98,0.0504,
1997-01-30,911.71,369.0,121.55,0.0504,
1997-01-31,921.55,355.0,121.25,0.050199999999999995,
1997-02-03,918.01,355.0,121.68,0.049800000000000004,
1997-02-04,916.3,355.0,122.34,0.049699999999999994,
1997-02-05,887.39,355.0,123.59,0.05,
1997-02-06,885.52,355.0,123.82,0.0501,
1997-02-07,899.84,355.0,124.54,0.0501,
1997-02-10,872.06,355.0,122.74,0.0501,
1997-02-11,871.71,355.0,123.17,0.0501,
1997-02-12,900.5,355.0,124.02,0.050199999999999995,
1997-02-13,907.71,355.0,124.35,0.05,
1997-02-14,899.91,355.0,124.06,0.049699999999999994,
1997-02-18,897.53,355.0,123.92,0.049800000000000004,
1997-02-19,897.65,355.0,124.3,0.049800000000000004,
1997-02-20,880.25,355.0,122.83,0.049699999999999994,
1997-02-21,864.3,355.0,123.28,0.0496,
1997-02-24,880.26,355.0,122.18,0.0499,
1997-02-25,882.04,355.0,121.93,0.05,
1997-02-26,880.74,355.0,121.9,0.0508,
1997-02-27,848.49,355.0,120.8,0.0508,
1997-02-28,850.46,347.0,120.83,0.0509,
1997-03-03,856.08,347.0,121.15,0.051,
1997-03-04,862.04,347.0,121.95,0.051100000000000007,
1997-03-05,872.07,347.0,121.5,0.0507,
1997-03-06,851.51,347.0,121.28,0.0509,
1997-03-07,841.03,347.0,121.88,0.0508,
1997-03-10,854.84,347.0,121.7,0.0506,
1997-03-11,848.5,347.0,121.77,0.0504,
1997-03-12,839.32,347.0,122.68,0.0507,
1997-03-13,840.5,347.0,123.24,0.0512,
1997-03-14,838.98,347.0,123.46,0.051,
1997-03-17,832.24,347.0,123.65,0.0513,
1997-03-18,827.57,347.0,122.45,0.051100000000000007,
1997-03-19,811.8,347.0,122.8,0.051500000000000004,
1997-03-20,821.73,347.0,123.59,0.052000000000000005,
1997-03-21,812.73,347.0,122.82,0.0526,
1997-03-24,802.37,347.0,122.93,0.0525,
1997-03-25,807.19,347.0,123.9,0.0529,
1997-03-26,834.38,347.0,124.23,0.0521,
1997-03-27,818.74,347.0,123.65,0.052300000000000006,
1997-03-31,797.06,352.0,123.72,0.0521,
1997-04-01,796.79,352.0,122.7,0.0518,
1997-04-02,783.92,352.0,122.72,0.0516,
1997-04-03,804.67,352.0,122.8,0.0513,
1997-04-04,822.4,352.0,124.27,0.051500000000000004,
1997-04-07,832.31,352.0,125.67,0.051500000000000004,
1997-04-08,840.36,352.0,126.08,0.051100000000000007,
1997-04-09,828.73,352.0,126.86,0.051,
1997-04-10,813.45,352.0,125.95,0.051500000000000004,
1997-04-11,789.97,352.0,126.04,0.051699999999999996,
1997-04-14,806.79,352.0,126.48,0.051699999999999996,
1997-04-15,798.0,352.0,126.35,0.051699999999999996,
1997-04-16,798.65,352.0,125.75,0.051500000000000004,
1997-04-17,808.22,352.0,126.05,0.051500000000000004,
1997-04-18,816.43,352.0,125.88,0.051500000000000004,
1997-04-21,802.5,352.0,125.66,0.051500000000000004,
1997-04-22,818.08,352.0,126.25,0.052199999999999996,
1997-04-23,837.97,352.0,126.16,0.052300000000000006,
1997-04-24,837.75,352.0,125.96,0.0518,
1997-04-25,818.57,352.0,125.88,0.051699999999999996,
1997-04-28,829.39,352.0,126.68,0.0519,
1997-04-29,856.26,352.0,126.81,0.052000000000000005,
1997-04-30,874.74,344.0,127.03,0.051399999999999994,
1997-05-01,882.12,344.0,126.64,0.051,
1997-05-02,909.49,344.0,126.57,0.051,
1997-05-05,932.77,344.0,126.7,0.050499999999999996,
1997-05-06,914.9,344.0,125.45,0.0507,
1997-05-07,909.29,344.0,125.09,0.0508,
1997-05-08,919.35,344.0,123.85,0.0507,
1997-05-09,919.14,344.0,120.73,0.050499999999999996,
1997-05-12,924.64,344.0,118.95,0.0504,
1997-05-13,910.57,344.0,118.75,0.051,
1997-05-14,909.92,344.0,118.33,0.050499999999999996,
1997-05-15,931.79,344.0,116.28,0.0499,
1997-05-16,915.29,344.0,115.43,0.0506,
1997-05-19,913.57,344.0,116.05,0.0516,
1997-05-20,942.11,344.0,113.8,0.0525,
1997-05-21,950.53,344.0,114.08,0.0499,
1997-05-22,946.11,344.0,115.96,0.0504,
1997-05-23,959.08,344.0,115.8,0.0504,
1997-05-27,984.61,344.0,116.45,0.050199999999999995,
1997-05-28,982.6,344.0,115.52,0.0504,
1997-05-29,970.54,344.0,116.21,0.0489,
1997-05-30,958.85,344.0,116.4,0.0482,
1997-06-02,958.69,344.0,116.74,0.0479,
1997-06-03,929.81,344.0,116.15,0.0492,
1997-06-04,921.96,344.0,116.3,0.0496,
1997-06-05,930.61,344.0,115.67,0.049699999999999994,
1997-06-06,944.98,344.0,115.4,0.0493,
1997-06-09,954.56,344.0,112.63,0.0492,
1997-06-10,941.14,344.0,112.6,0.0492,
1997-06-11,949.0,344.0,111.42,0.048499999999999995,
1997-06-12,949.97,344.0,113.98,0.0484,
1997-06-13,964.4,344.0,113.5,0.048600000000000004,
1997-06-16,975.87,344.0,113.49,0.048499999999999995,
1997-06-17,989.37,344.0,113.35,0.0492,
1997-06-18,971.55,344.0,113.5,0.049,
1997-06-19,981.95,344.0,114.09,0.0495,
1997-06-20,981.41,344.0,114.62,0.049400000000000006,
1997-06-23,969.05,344.0,115.3,0.0504,
1997-06-24,986.42,344.0,114.8,0.049400000000000006,
1997-06-25,979.22,344.0,113.95,0.049400000000000006,
1997-06-26,967.34,344.0,113.23,0.050300000000000004,
1997-06-27,963.01,344.0,114.67,0.050199999999999995,
1997-06-30,957.3,341.0,114.61,0.0506,
1997-07-01,953.44,341.0,114.93,0.0504,
1997-07-02,975.93,341.0,114.52,0.0506,
1997-07-03,986.52,341.0,113.46,0.0501,
1997-07-07,991.04,341.0,112.6,0.0496,
1997-07-08,1005.81,341.0,112.76,0.0499,
1997-07-09,1010.14,341.0,112.97,0.049800000000000004,
1997-07-10,1010.04,341.0,113.08,0.0501,
1997-07-11,1015.62,341.0,113.88,0.05,
1997-07-14,1041.88,341.0,113.76,0.050199999999999995,
1997-07-15,1059.01,341.0,115.87,0.0508,
1997-07-16,1103.43,341.0,116.28,0.050300000000000004,
1997-07-17,1094.95,341.0,116.13,0.0504,
1997-07-18,1070.99,341.0,115.46,0.051,
1997-07-21,1058.45,341.0,115.88,0.0513,
1997-07-22,1090.94,341.0,115.68,0.0504,
1997-07-23,1092.06,341.0,115.85,0.0506,
1997-07-24,1087.91,341.0,115.95,0.0509,
1997-07-25,1085.39,341.0,116.75,0.051,
1997-07-28,1075.18,341.0,117.76,0.051,
1997-07-29,1087.92,341.0,118.0,0.051,
1997-07-30,1100.98,341.0,118.33,0.051,
1997-07-31,1107.03,324.1,118.37,0.051100000000000007,
1997-08-01,1108.94,324.1,118.47,0.051399999999999994,
1997-08-04,1124.08,324.1,118.34,0.051399999999999994,
1997-08-05,1136.41,324.1,119.26,0.051500000000000004,
1997-08-06,1141.82,324.1,118.65,0.051500000000000004,
1997-08-07,1135.61,324.1,118.4,0.0516,
1997-08-08,1115.02,324.1,115.3,0.051500000000000004,
1997-08-11,1101.18,324.1,115.85,0.051699999999999996,
1997-08-12,1090.78,324.1,116.21,0.051699999999999996,
1997-08-13,1099.1,324.1,115.78,0.0518,
1997-08-14,1103.54,324.1,117.75,0.052000000000000005,
1997-08-15,1103.54,324.1,117.8,0.051500000000000004,
1997-08-18,1089.55,324.1,117.81,0.0513,
1997-08-19,1121.18,324.1,118.45,0.051100000000000007,
1997-08-20,1145.07,324.1,118.08,0.051,
1997-08-21,1118.72,324.1,117.78,0.0513,
1997-08-22,1110.91,324.1,117.26,0.051100000000000007,
1997-08-25,1107.8,324.1,118.73,0.0516,
1997-08-26,1093.21,324.1,118.32,0.051399999999999994,
1997-08-27,1091.89,324.1,118.88,0.051399999999999994,
1997-08-28,1070.57,324.1,118.75,0.051,
1997-08-29,1074.17,324.1,120.65,0.051,
1997-09-02,1102.74,324.1,121.55,0.0507,
1997-09-03,1100.44,324.1,121.03,0.0501,
1997-09-04,1105.82,324.1,120.72,0.0501,
1997-09-05,1111.15,324.1,121.09,0.050300000000000004,
1997-09-08,1117.82,324.1,121.02,0.050199999999999995,
1997-09-09,1126.73,324.1,119.05,0.050199999999999995,
1997-09-10,1102.95,324.1,119.26,0.049800000000000004,
1997-09-11,1105.06,324.1,119.58,0.05,
1997-09-12,1106.07,324.1,120.93,0.049699999999999994,
1997-09-15,1080.29,324.1,120.4,0.05,
1997-09-16,1116.52,324.1,121.1,0.0496,
1997-09-17,1108.63,324.1,120.99,0.049699999999999994,
1997-09-18,1109.29,324.1,121.98,0.049699999999999994,
1997-09-19,1118.68,324.1,121.93,0.0493,
1997-09-22,1123.65,324.1,122.25,0.049100000000000005,
1997-09-23,1135.04,324.1,121.53,0.0489,
1997-09-24,1115.88,324.1,120.4,0.0481,
1997-09-25,1106.48,324.1,121.3,0.048,
1997-09-26,1106.82,324.1,120.87,0.048600000000000004,
1997-09-29,1118.77,324.1,121.0,0.0487,
1997-09-30,1097.17,322.82,120.71,0.0493,
1997-10-01,1102.05,322.82,120.8,0.049699999999999994,
1997-10-02,1112.89,322.82,121.8,0.049400000000000006,
1997-10-03,1124.44,322.82,121.93,0.049,
1997-10-06,1125.93,322.82,121.93,0.0487,
1997-10-07,1140.74,322.82,122.01,0.0493,
1997-10-08,1145.34,322.82,121.09,0.0496,
1997-10-09,1148.21,322.82,121.18,0.05,
1997-10-10,1137.77,322.82,120.13,0.05,
1997-10-13,1140.48,322.82,120.13,0.05,
1997-10-14,1131.43,322.82,121.75,0.0495,
1997-10-15,1119.07,322.82,121.31,0.0493,
1997-10-16,1099.38,322.82,119.87,0.049400000000000006,
1997-10-17,1075.12,322.82,120.19,0.0492,
1997-10-20,1088.25,322.82,121.4,0.049100000000000005,
1997-10-21,1110.55,322.82,120.66,0.049400000000000006,
1997-10-22,1098.71,322.82,120.71,0.050199999999999995,
1997-10-23,1074.65,322.82,121.67,0.0499,
1997-10-24,1057.34,322.82,121.73,0.0501,
1997-10-27,978.85,322.82,121.87,0.0496,
1997-10-28,1046.91,322.82,119.7,0.051100000000000007,
1997-10-29,1029.76,322.82,120.53,0.050499999999999996,
1997-10-30,1000.7,322.82,120.68,0.050300000000000004,
1997-10-31,1019.62,325.0,120.39,0.0507,
1997-11-03,1050.72,325.0,121.04,0.051100000000000007,
1997-11-04,1047.62,325.0,121.83,0.051100000000000007,
1997-11-05,1046.92,325.0,122.56,0.0513,
1997-11-06,1034.17,325.0,123.16,0.051699999999999996,
1997-11-07,1028.32,325.0,123.97,0.051699999999999996,
1997-11-10,1011.54,325.0,124.15,0.0521,
1997-11-11,1010.96,325.0,124.15,0.0521,
1997-11-12,980.14,325.0,126.1,0.0516,
1997-11-13,1002.92,325.0,125.93,0.0513,
1997-11-14,1027.85,325.0,126.78,0.0513,
1997-11-17,1049.7,325.0,125.85,0.0518,
1997-11-18,1036.31,325.0,125.85,0.051699999999999996,
1997-11-19,1039.12,325.0,127.22,0.051399999999999994,
1997-11-20,1062.49,325.0,126.81,0.051399999999999994,
1997-11-21,1056.59,325.0,125.85,0.051100000000000007,
1997-11-24,1030.22,325.0,127.07,0.0516,
1997-11-25,1038.06,325.0,127.45,0.0516,
1997-11-26,1044.24,325.0,127.51,0.0512,
1997-11-28,1050.51,325.0,127.74,0.0508,
1997-12-01,1079.23,325.0,129.15,0.051,
1997-12-02,1052.07,325.0,128.77,0.0512,
1997-12-03,1061.62,325.0,128.72,0.0512,
1997-12-04,1052.76,325.0,129.4,0.0513,
1997-12-05,1070.27,325.0,130.2,0.0516,
1997-12-08,1082.92,325.0,130.5,0.052000000000000005,
1997-12-09,1050.67,325.0,129.8,0.0513,
1997-12-10,1033.21,325.0,129.09,0.0507,
1997-12-11,1001.88,325.0,129.92,0.0506,
1997-12-12,978.49,325.0,130.73,0.050499999999999996,
1997-12-15,984.38,325.0,131.08,0.051,
1997-12-16,997.31,325.0,130.87,0.0509,
1997-12-17,983.63,325.0,127.0,0.051100000000000007,
1997-12-18,966.77,325.0,128.53,0.051,
1997-12-19,969.9,325.0,129.1,0.0519,
1997-12-22,975.69,325.0,130.38,0.053,
1997-12-23,949.57,325.0,130.0,0.053099999999999994,
1997-12-24,938.99,325.0,130.06,0.0524,
1997-12-26,954.07,325.0,130.3,0.0521,
1997-12-29,978.53,325.0,130.05,0.0526,
1997-12-30,998.46,325.0,130.05,0.053,
1997-12-31,990.8,288.74,130.45,0.052199999999999996,
1998-01-02,1008.23,288.74,132.4,0.0518,
1998-01-05,1017.42,288.74,133.99,0.0509,
1998-01-06,1006.29,288.74,133.88,0.0508,
1998-01-07,991.19,288.74,131.7,0.0509,
1998-01-08,994.54,288.74,132.49,0.05,
1998-01-09,956.19,288.74,131.52,0.0492,
1998-01-12,971.17,288.74,132.83,0.049100000000000005,
1998-01-13,995.05,288.74,131.72,0.050300000000000004,
1998-01-14,996.37,288.74,131.43,0.0504,
1998-01-15,995.58,288.74,130.41,0.05,
1998-01-16,1005.87,288.74,128.88,0.050199999999999995,
1998-01-20,1026.88,288.74,128.8,0.050199999999999995,
1998-01-21,1026.52,288.74,127.5,0.05,
1998-01-22,1020.63,288.74,127.22,0.05,
1998-01-23,1024.47,288.74,125.78,0.0504,
1998-01-26,1016.4,288.74,126.64,0.0501,
1998-01-27,1035.76,288.74,126.02,0.051,
1998-01-28,1063.22,288.74,125.26,0.0509,
1998-01-29,1069.0,288.74,125.38,0.0506,
1998-01-30,1071.13,288.74,127.1,0.0506,
1998-02-02,1100.99,288.74,126.65,0.051,
1998-02-03,1111.26,288.74,126.02,0.0512,
1998-02-04,1124.44,288.74,123.78,0.049800000000000004,
1998-02-05,1114.86,288.74,123.31,0.0501,
1998-02-06,1134.32,288.74,124.26,0.0504,
1998-02-09,1122.72,288.74,124.28,0.0501,
1998-02-10,1139.79,288.74,123.47,0.0507,
1998-02-11,1138.81,288.74,123.53,0.0508,
1998-02-12,1144.8,288.74,123.78,0.0508,
1998-02-13,1136.69,288.74,125.37,0.0509,
1998-02-17,1128.63,288.74,126.87,0.0504,
1998-02-18,1140.74,288.74,126.35,0.0506,
1998-02-19,1156.75,288.74,126.25,0.0507,
1998-02-20,1159.73,288.74,127.73,0.0508,
1998-02-23,1185.53,288.74,128.92,0.0512,
1998-02-24,1172.4,288.74,128.15,0.0513,
1998-02-25,1200.39,288.74,128.62,0.051699999999999996,
1998-02-26,1206.97,288.74,127.72,0.052000000000000005,
1998-02-27,1194.13,288.74,126.12,0.0518,
1998-03-02,1177.59,288.74,125.38,0.0518,
1998-03-03,1175.72,288.74,126.05,0.0509,
1998-03-04,1179.87,288.74,126.79,0.050499999999999996,
1998-03-05,1126.83,288.74,127.61,0.0504,
1998-03-06,1163.11,288.74,128.42,0.050199999999999995,
1998-03-09,1128.37,288.74,127.78,0.050300000000000004,
1998-03-10,1148.61,288.74,127.63,0.0496,
1998-03-11,1153.87,288.74,129.3,0.0496,
1998-03-12,1163.27,288.74,129.25,0.0495,
1998-03-13,1169.29,288.74,128.23,0.0496,
1998-03-16,1180.17,288.74,129.4,0.049699999999999994,
1998-03-17,1167.89,288.74,129.41,0.0501,
1998-03-18,1177.01,288.74,130.17,0.050300000000000004,
1998-03-19,1186.16,288.74,130.43,0.0504,
1998-03-20,1169.43,288.74,130.34,0.050499999999999996,
1998-03-23,1179.18,288.74,130.28,0.050199999999999995,
1998-03-24,1197.81,288.74,130.25,0.050300000000000004,
1998-03-25,1214.82,288.74,128.76,0.0504,
1998-03-26,1217.94,288.74,128.71,0.0508,
1998-03-27,1211.64,288.74,130.17,0.0508,
1998-03-30,1206.64,288.74,132.16,0.0509,
1998-03-31,1220.66,296.0,133.29,0.050199999999999995,
1998-04-01,1228.41,296.0,133.76,0.0499,
1998-04-02,1230.18,296.0,133.5,0.049699999999999994,
1998-04-03,1233.66,296.0,135.05,0.0495,
1998-04-06,1205.37,296.0,134.71,0.049699999999999994,
1998-04-07,1182.13,296.0,133.68,0.049400000000000006,
1998-04-08,1191.06,296.0,132.64,0.0493,
1998-04-09,1196.9,296.0,130.21,0.049400000000000006,
1998-04-13,1202.97,296.0,129.52,0.050499999999999996,
1998-04-14,1213.12,296.0,129.35,0.050199999999999995,
1998-04-15,1231.36,296.0,129.45,0.0495,
1998-04-16,1227.53,296.0,131.78,0.049100000000000005,
1998-04-17,1231.25,296.0,131.85,0.0492,
1998-04-20,1253.11,296.0,132.23,0.049100000000000005,
1998-04-21,1269.7,296.0,131.33,0.049400000000000006,
1998-04-22,1290.9,296.0,130.77,0.0496,
1998-04-23,1258.58,296.0,130.19,0.0496,
1998-04-24,1250.14,296.0,130.9,0.0495,
1998-04-27,1220.05,296.0,132.09,0.049400000000000006,
1998-04-28,1222.5,296.0,132.19,0.0493,
1998-04-29,1239.56,296.0,132.05,0.049400000000000006,
1998-04-30,1248.12,308.29,132.37,0.0487,
1998-05-01,1251.53,308.29,133.01,0.0489,
1998-05-04,1255.82,308.29,132.98,0.049100000000000005,
1998-05-05,1247.27,308.29,131.74,0.049800000000000004,
1998-05-06,1242.25,308.29,132.73,0.049800000000000004,
1998-05-07,1222.68,308.29,133.09,0.049800000000000004,
1998-05-08,1254.03,308.29,132.88,0.05,
1998-05-11,1237.67,308.29,132.84,0.05,
1998-05-12,1256.41,308.29,134.0,0.0499,
1998-05-13,1263.08,308.29,134.18,0.0499,
1998-05-14,1266.1,308.29,134.23,0.0504,
1998-05-15,1249.49,308.29,134.39,0.0504,
1998-05-18,1242.5,308.29,135.95,0.050499999999999996,
1998-05-19,1255.59,308.29,136.34,0.0509,
1998-05-20,1237.75,308.29,135.99,0.0507,
1998-05-21,1223.7,308.29,135.65,0.051,
1998-05-22,1214.13,308.29,135.77,0.0508,
1998-05-26,1200.12,308.29,137.38,0.05,
1998-05-27,1209.46,308.29,137.36,0.0496,
1998-05-28,1214.83,308.29,138.91,0.0493,
1998-05-29,1192.07,308.29,138.5,0.0489,
1998-06-01,1165.55,308.29,139.57,0.048499999999999995,
1998-06-02,1187.15,308.29,138.97,0.0495,
1998-06-03,1163.98,308.29,138.34,0.05,
1998-06-04,1195.19,308.29,138.4,0.049800000000000004,
1998-06-05,1206.7,308.29,139.66,0.049800000000000004,
1998-06-08,1207.02,308.29,140.58,0.05,
1998-06-09,1223.48,308.29,140.25,0.050300000000000004,
1998-06-10,1199.3,308.29,141.52,0.0501,
1998-06-11,1185.11,308.29,143.25,0.049699999999999994,
1998-06-12,1186.99,308.29,144.36,0.0499,
1998-06-15,1173.57,308.29,146.42,0.049800000000000004,
1998-06-16,1210.9,308.29,144.05,0.0506,
1998-06-17,1224.08,308.29,137.68,0.0509,
1998-06-18,1227.33,308.29,137.61,0.050499999999999996,
1998-06-19,1239.71,308.29,134.2,0.050300000000000004,
1998-06-22,1263.93,308.29,137.9,0.0499,
1998-06-23,1302.39,308.29,139.13,0.049699999999999994,
1998-06-24,1331.16,308.29,140.75,0.049100000000000005,
1998-06-25,1311.4,308.29,141.67,0.0489,
1998-06-26,1320.94,308.29,142.75,0.0487,
1998-06-29,1339.71,308.29,141.92,0.0489,
1998-06-30,1337.34,292.32,138.29,0.049699999999999994,
1998-07-01,1356.14,292.32,138.65,0.0496,
1998-07-02,1332.53,292.32,141.44,0.049400000000000006,
1998-07-03,1332.53,292.32,139.35,0.049400000000000006,
1998-07-06,1342.58,292.32,140.18,0.0493,
1998-07-07,1346.32,292.32,138.78,0.0495,
1998-07-08,1377.84,292.32,139.6,0.0496,
1998-07-09,1383.22,292.32,141.3,0.049400000000000006,
1998-07-10,1391.11,292.32,141.05,0.0493,
1998-07-13,1420.58,292.32,140.98,0.0496,
1998-07-14,1418.13,292.32,139.84,0.050199999999999995,
1998-07-15,1449.58,292.32,140.67,0.0501,
1998-07-16,1452.62,292.32,140.25,0.050300000000000004,
1998-07-17,1463.97,292.32,139.6,0.0501,
1998-07-20,1465.89,292.32,138.85,0.05,
1998-07-21,1431.89,292.32,140.39,0.0496,
1998-07-22,1430.58,292.32,141.1,0.049400000000000006,
1998-07-23,1405.8,292.32,141.54,0.0496,
1998-07-24,1408.6,292.32,140.93,0.0495,
1998-07-27,1426.37,292.32,142.24,0.0496,
1998-07-28,1393.28,292.32,141.75,0.049400000000000006,
1998-07-29,1380.08,292.32,142.46,0.049400000000000006,
1998-07-30,1422.05,292.32,142.51,0.049400000000000006,
1998-07-31,1377.26,292.87,144.65,0.049699999999999994,
1998-08-03,1368.44,292.87,145.8,0.049800000000000004,
1998-08-04,1317.24,292.87,144.84,0.049699999999999994,
1998-08-05,1329.9,292.87,144.38,0.0495,
1998-08-06,1365.87,292.87,144.6,0.049,
1998-08-07,1364.07,292.87,146.3,0.048600000000000004,
1998-08-10,1362.88,292.87,146.54,0.048600000000000004,
1998-08-11,1330.13,292.87,147.14,0.049,
1998-08-12,1354.66,292.87,146.09,0.0489,
1998-08-13,1338.39,292.87,145.05,0.049100000000000005,
1998-08-14,1330.04,292.87,146.37,0.049,
1998-08-17,1367.79,292.87,145.78,0.0493,
1998-08-18,1401.24,292.87,145.02,0.0493,
1998-08-19,1398.26,292.87,143.85,0.049400000000000006,
1998-08-20,1398.2,292.87,142.6,0.049100000000000005,
1998-08-21,1374.77,292.87,144.94,0.048799999999999996,
1998-08-24,1370.92,292.87,143.96,0.049400000000000006,
1998-08-25,1388.35,292.87,144.94,0.0496,
1998-08-26,1374.05,292.87,144.43,0.0493,
1998-08-27,1312.28,292.87,142.2,0.048600000000000004,
1998-08-28,1265.04,292.87,142.55,0.0478,
1998-08-31,1140.34,284.11,140.9,0.04769999999999999,
1998-09-01,1215.06,284.11,136.23,0.0479,
1998-09-02,1221.44,284.11,137.76,0.0478,
1998-09-03,1208.96,284.11,134.82,0.0471,
1998-09-04,1205.41,284.11,133.99,0.047400000000000005,
1998-09-08,1286.47,284.11,132.1,0.047400000000000005,
1998-09-09,1261.77,284.11,136.45,0.047599999999999996,
1998-09-10,1235.37,284.11,134.32,0.0466,
1998-09-11,1290.2,284.11,131.05,0.0475,
1998-09-14,1308.23,284.11,133.22,0.0472,
1998-09-15,1324.19,284.11,133.05,0.0467,
1998-09-16,1331.45,284.11,134.92,0.0462,
1998-09-17,1291.79,284.11,131.88,0.0458,
1998-09-18,1300.7,284.11,132.63,0.0451,
1998-09-21,1327.7,284.11,133.4,0.045599999999999995,
1998-09-22,1336.19,284.11,135.2,0.046900000000000004,
1998-09-23,1394.65,284.11,136.45,0.0455,
1998-09-24,1356.46,284.11,135.33,0.0444,
1998-09-25,1390.09,284.11,135.1,0.0441,
1998-09-28,1383.25,284.11,135.7,0.0436,
1998-09-29,1384.89,284.11,133.9,0.0443,
1998-09-30,1345.48,289.0,136.59,0.0426,
1998-10-01,1273.74,289.0,135.75,0.041299999999999996,
1998-10-02,1276.44,289.0,135.6,0.0412,
1998-10-05,1207.68,289.0,134.54,0.0406,
1998-10-06,1184.84,289.0,131.15,0.0408,
1998-10-07,1151.09,289.0,123.97,0.0405,
1998-10-08,1128.88,289.0,118.85,0.038,
1998-10-09,1197.87,289.0,117.0,0.0379,
1998-10-12,1243.4,289.0,117.0,0.0379,
1998-10-13,1206.9,289.0,118.85,0.038,
1998-10-14,1235.67,289.0,119.27,0.0393,
1998-10-15,1299.66,289.0,117.5,0.0405,
1998-10-16,1293.91,289.0,115.45,0.0356,
1998-10-19,1310.17,289.0,114.46,0.0371,
1998-10-20,1283.23,289.0,118.09,0.038599999999999995,
1998-10-21,1332.05,289.0,116.85,0.0391,
1998-10-22,1355.19,289.0,117.88,0.0388,
1998-10-23,1340.6,289.0,118.06,0.0387,
1998-10-26,1368.93,289.0,118.84,0.04,
1998-10-27,1353.34,289.0,118.6,0.039599999999999996,
1998-10-28,1379.96,289.0,117.56,0.0418,
1998-10-29,1396.3,289.0,117.3,0.042199999999999994,
1998-10-30,1400.52,289.0,116.45,0.042300000000000004,
1998-11-02,1418.79,289.0,114.52,0.0431,
1998-11-03,1401.73,289.0,115.5,0.043899999999999995,
1998-11-04,1434.0,289.0,116.55,0.044500000000000005,
1998-11-05,1442.04,289.0,117.45,0.0447,
1998-11-06,1458.34,289.0,118.73,0.0452,
1998-11-09,1467.63,289.0,121.98,0.0452,
1998-11-10,1477.48,289.0,122.88,0.0443,
1998-11-11,1480.71,289.0,122.88,0.0443,
1998-11-12,1466.54,289.0,122.77,0.0437,
1998-11-13,1465.22,289.0,122.68,0.0436,
1998-11-16,1475.6,289.0,119.7,0.0441,
1998-11-17,1498.55,289.0,121.3,0.0431,
1998-11-18,1514.89,289.0,121.44,0.0433,
1998-11-19,1537.45,289.0,119.65,0.0435,
1998-11-20,1544.22,289.0,120.32,0.0435,
1998-11-23,1589.06,289.0,120.93,0.044800000000000006,
1998-11-24,1580.83,289.0,120.85,0.0451,
1998-11-25,1598.48,289.0,121.8,0.0446,
1998-11-27,1628.35,289.0,123.24,0.0444,
1998-11-30,1557.96,294.0,123.21,0.044199999999999996,
1998-12-01,1632.53,294.0,122.2,0.0438,
1998-12-02,1619.09,294.0,120.17,0.0437,
1998-12-03,1573.78,294.0,118.79,0.0434,
1998-12-04,1630.01,294.0,119.35,0.0437,
1998-12-07,1676.89,294.0,119.63,0.044000000000000004,
1998-12-08,1668.16,294.0,119.55,0.0432,
1998-12-09,1685.38,294.0,118.08,0.0432,
1998-12-10,1652.76,294.0,117.07,0.0437,
1998-12-11,1675.01,294.0,116.78,0.043899999999999995,
1998-12-14,1614.09,294.0,115.08,0.044000000000000004,
1998-12-15,1663.78,294.0,116.73,0.0438,
1998-12-16,1656.28,294.0,115.68,0.0435,
1998-12-17,1689.63,294.0,116.33,0.0435,
1998-12-18,1735.0,294.0,115.67,0.0438,
1998-12-21,1787.3,294.0,116.08,0.044199999999999996,
1998-12-22,1767.82,294.0,116.85,0.043899999999999995,
1998-12-23,1818.96,294.0,116.02,0.0447,
1998-12-24,1806.04,294.0,116.24,0.0446,
1998-12-28,1823.99,294.0,115.88,0.044500000000000005,
1998-12-29,1823.31,294.0,115.42,0.044800000000000006,
1998-12-30,1810.97,294.0,114.88,0.0444,
1998-12-31,1836.01,292.0,113.08,0.0437,
1999-01-04,1854.39,292.0,112.15,0.0438,
1999-01-05,1903.0,292.0,111.15,0.0437,
1999-01-06,1963.95,292.0,112.78,0.0436,
1999-01-07,1966.35,292.0,111.69,0.0433,
1999-01-08,1973.66,292.0,111.52,0.0437,
1999-01-11,2000.18,292.0,108.83,0.043899999999999995,
1999-01-12,1939.75,292.0,112.07,0.0437,
1999-01-13,1948.71,292.0,113.46,0.0434,
1999-01-14,1906.12,292.0,113.25,0.0433,
1999-01-15,1981.62,292.0,114.19,0.0433,
1999-01-19,2033.71,292.0,113.76,0.0429,
1999-01-20,2033.71,292.0,113.45,0.0426,
1999-01-21,1961.76,292.0,113.75,0.042199999999999994,
1999-01-22,1964.21,292.0,114.65,0.0426,
1999-01-25,1997.16,292.0,113.8,0.0431,
1999-01-26,2062.2,292.0,114.03,0.0435,
1999-01-27,2030.36,292.0,115.62,0.0436,
1999-01-28,2104.59,292.0,116.36,0.0438,
1999-01-29,2127.19,292.0,116.0,0.0437,
1999-02-01,2130.93,292.0,115.09,0.044199999999999996,
1999-02-02,2078.69,292.0,112.12,0.044199999999999996,
1999-02-03,2119.94,292.0,112.46,0.0437,
1999-02-04,2027.66,292.0,112.03,0.0438,
1999-02-05,1988.55,292.0,113.14,0.043899999999999995,
1999-02-08,2034.21,292.0,114.38,0.044000000000000004,
1999-02-09,1935.33,292.0,114.42,0.044199999999999996,
1999-02-10,1944.18,292.0,114.45,0.0437,
1999-02-11,2044.68,292.0,114.7,0.043899999999999995,
1999-02-12,1958.6,292.0,114.32,0.0443,
1999-02-16,1954.49,292.0,118.08,0.0441,
1999-02-17,1891.37,292.0,119.03,0.0441,
1999-02-18,1906.09,292.0,119.82,0.044199999999999996,
1999-02-19,1931.59,292.0,121.0,0.044500000000000005,
1999-02-22,1996.02,292.0,120.35,0.045,
1999-02-23,2028.23,292.0,121.45,0.0454,
1999-02-24,1989.14,292.0,121.9,0.0455,
1999-02-25,1974.39,292.0,119.26,0.0451,
1999-02-26,1925.28,292.0,118.7,0.0455,
1999-03-01,1937.7,292.0,119.79,0.0458,
1999-03-02,1888.66,292.0,120.47,0.0453,
1999-03-03,1899.81,292.0,121.68,0.0449,
1999-03-04,1933.03,292.0,123.5,0.0449,
1999-03-05,1969.87,292.0,122.57,0.045,
1999-03-08,2034.05,292.0,121.73,0.0451,
1999-03-09,2028.57,292.0,121.4,0.0447,
1999-03-10,2038.51,292.0,119.84,0.0447,
1999-03-11,2043.76,292.0,119.57,0.0449,
1999-03-12,2008.96,292.0,118.99,0.0447,
1999-03-15,2060.34,292.0,117.7,0.0446,
1999-03-16,2073.31,292.0,117.74,0.0443,
1999-03-17,2064.5,292.0,118.15,0.0441,
1999-03-18,2102.77,292.0,117.53,0.043899999999999995,
1999-03-19,2053.69,292.0,117.05,0.043899999999999995,
1999-03-22,2027.14,292.0,118.14,0.044000000000000004,
1999-03-23,1961.31,292.0,118.02,0.0438,
1999-03-24,2013.55,292.0,117.35,0.0438,
1999-03-25,2083.35,292.0,118.05,0.043899999999999995,
1999-03-26,2067.3,292.0,120.3,0.043899999999999995,
1999-03-29,2144.66,292.0,119.78,0.043899999999999995,
1999-03-30,2125.69,292.0,120.1,0.0436,
1999-03-31,2106.39,286.0,118.43,0.0437,
1999-04-01,2146.13,286.0,120.19,0.0432,
1999-04-05,2219.64,286.0,122.0,0.0429,
1999-04-06,2218.83,286.0,120.74,0.043,
1999-04-07,2192.29,286.0,121.34,0.043,
1999-04-08,2224.75,286.0,120.85,0.042800000000000005,
1999-04-09,2232.47,286.0,121.09,0.043,
1999-04-12,2219.21,286.0,120.14,0.042199999999999994,
1999-04-13,2175.18,286.0,120.04,0.042,
1999-04-14,2103.63,286.0,118.89,0.0418,
1999-04-15,2135.81,286.0,119.04,0.042,
1999-04-16,2086.46,286.0,117.86,0.042199999999999994,
1999-04-19,1967.58,286.0,117.99,0.042199999999999994,
1999-04-20,2030.28,286.0,118.18,0.0426,
1999-04-21,2105.82,286.0,119.76,0.0424,
1999-04-22,2183.44,286.0,119.84,0.042800000000000005,
1999-04-23,2210.44,286.0,119.26,0.0431,
1999-04-26,2260.66,286.0,119.13,0.0435,
1999-04-27,2207.03,286.0,120.23,0.0438,
1999-04-28,2150.44,286.0,119.13,0.043899999999999995,
1999-04-29,2119.29,286.0,119.26,0.043899999999999995,
1999-04-30,2136.39,283.0,119.43,0.0443,
1999-05-03,2137.95,283.0,120.14,0.0447,
1999-05-04,2097.55,283.0,120.94,0.045,
1999-05-05,2155.77,283.0,120.91,0.044800000000000006,
1999-05-06,2078.63,283.0,120.77,0.0449,
1999-05-07,2117.73,283.0,120.78,0.0449,
1999-05-10,2134.75,283.0,120.68,0.0447,
1999-05-11,2175.85,283.0,120.96,0.0449,
1999-05-12,2217.68,283.0,120.86,0.0447,
1999-05-13,2179.08,283.0,121.67,0.0446,
1999-05-14,2125.15,283.0,122.64,0.0451,
1999-05-17,2175.74,283.0,123.27,0.0455,
1999-05-18,2159.26,283.0,123.24,0.0453,
1999-05-19,2186.2,283.0,124.45,0.045,
1999-05-20,2139.95,283.0,124.15,0.044800000000000006,
1999-05-21,2114.4,283.0,123.9,0.044800000000000006,
1999-05-24,2060.59,283.0,123.57,0.0451,
1999-05-25,1999.04,283.0,122.88,0.0451,
1999-05-26,2053.04,283.0,122.03,0.0453,
1999-05-27,2050.09,283.0,121.27,0.0452,
1999-05-28,2089.7,283.0,120.88,0.0453,
1999-06-01,2025.79,283.0,120.75,0.045599999999999995,
1999-06-02,2074.54,283.0,121.14,0.0461,
1999-06-03,2030.4,283.0,121.5,0.0452,
1999-06-04,2109.41,283.0,121.99,0.0444,
1999-06-07,2152.69,283.0,121.31,0.044000000000000004,
1999-06-08,2086.75,283.0,119.88,0.0449,
1999-06-09,2135.48,283.0,119.2,0.0447,
1999-06-10,2097.79,283.0,118.85,0.0454,
1999-06-11,2062.29,283.0,118.14,0.046,
1999-06-14,2028.92,283.0,120.4,0.045700000000000005,
1999-06-15,2058.17,283.0,120.63,0.0461,
1999-06-16,2167.49,283.0,120.03,0.0454,
1999-06-17,2190.83,283.0,119.47,0.0451,
1999-06-18,2205.46,283.0,120.48,0.0455,
1999-06-21,2268.66,283.0,122.28,0.045700000000000005,
1999-06-22,2209.89,283.0,121.68,0.046,
1999-06-23,2239.33,283.0,122.05,0.046,
1999-06-24,2184.87,283.0,121.83,0.046,
1999-06-25,2185.76,283.0,121.28,0.0466,
1999-06-28,2243.94,283.0,121.3,0.046799999999999994,
1999-06-29,2280.06,283.0,120.81,0.047,
1999-06-30,2296.77,261.0,120.94,0.04650000000000001,
1999-07-01,2322.32,261.0,120.99,0.0455,
1999-07-02,2347.88,261.0,121.13,0.0455,
1999-07-06,2330.73,261.0,121.94,0.0453,
1999-07-07,2340.67,261.0,122.19,0.0454,
1999-07-08,2374.58,261.0,122.57,0.0455,
1999-07-09,2393.02,261.0,122.37,0.045599999999999995,
1999-07-12,2384.24,261.0,122.22,0.045700000000000005,
1999-07-13,2373.66,261.0,121.38,0.0458,
1999-07-14,2417.05,261.0,120.58,0.045899999999999996,
1999-07-15,2429.27,261.0,120.49,0.045700000000000005,
1999-07-16,2459.48,261.0,120.98,0.0455,
1999-07-19,2424.62,261.0,119.18,0.0452,
1999-07-20,2329.32,261.0,118.94,0.0451,
1999-07-21,2363.63,261.0,118.25,0.0446,
1999-07-22,2281.92,261.0,117.27,0.044800000000000006,
1999-07-23,2302.02,261.0,116.51,0.0452,
1999-07-26,2233.51,261.0,116.66,0.0458,
1999-07-27,2308.78,261.0,116.23,0.045700000000000005,
1999-07-28,2333.78,261.0,116.17,0.0458,
1999-07-29,2263.06,261.0,115.19,0.045899999999999996,
1999-07-30,2270.93,261.0,114.7,0.0462,
1999-08-02,2264.81,261.0,114.51,0.04650000000000001,
1999-08-03,2239.18,261.0,115.1,0.047,
1999-08-04,2204.33,261.0,114.2,0.04650000000000001,
1999-08-05,2232.23,261.0,113.98,0.0461,
1999-08-06,2212.15,261.0,114.6,0.0466,
1999-08-09,2187.61,261.0,115.37,0.047599999999999996,
1999-08-10,2163.77,261.0,114.44,0.0481,
1999-08-11,2241.8,261.0,115.1,0.04769999999999999,
1999-08-12,2214.33,261.0,115.76,0.0466,
1999-08-13,2307.06,261.0,115.66,0.046,
1999-08-16,2313.08,261.0,114.83,0.0462,
1999-08-17,2337.37,261.0,114.18,0.046900000000000004,
1999-08-18,2317.39,261.0,112.3,0.0463,
1999-08-19,2278.79,261.0,111.14,0.0462,
1999-08-20,2315.07,261.0,111.44,0.047,
1999-08-23,2385.87,261.0,111.73,0.0478,
1999-08-24,2404.82,261.0,111.53,0.048499999999999995,
1999-08-25,2460.92,261.0,111.18,0.0479,
1999-08-26,2417.3,261.0,111.83,0.0479,
1999-08-27,2402.57,261.0,111.68,0.0484,
1999-08-30,2366.88,261.0,111.13,0.048499999999999995,
1999-08-31,2396.87,257.0,109.3,0.0484,
1999-09-01,2404.94,257.0,109.35,0.0483,
1999-09-02,2392.6,257.0,109.24,0.0478,
1999-09-03,2506.69,257.0,110.09,0.0478,
1999-09-07,2491.82,257.0,110.92,0.046900000000000004,
1999-09-08,2454.67,257.0,110.99,0.046900000000000004,
1999-09-09,2505.5,257.0,108.0,0.046799999999999994,
1999-09-10,2534.61,257.0,109.0,0.0462,
1999-09-13,2483.1,257.0,106.19,0.0464,
1999-09-14,2522.46,257.0,105.33,0.046900000000000004,
1999-09-15,2463.09,257.0,103.78,0.0462,
1999-09-16,2466.88,257.0,105.1,0.045700000000000005,
1999-09-17,2536.91,257.0,106.94,0.0454,
1999-09-20,2545.41,257.0,106.42,0.045599999999999995,
1999-09-21,2473.74,257.0,104.85,0.0466,
1999-09-22,2513.94,257.0,104.03,0.046900000000000004,
1999-09-23,2403.07,257.0,104.18,0.046900000000000004,
1999-09-24,2399.58,257.0,104.14,0.04650000000000001,
1999-09-27,2426.51,257.0,106.07,0.046799999999999994,
1999-09-28,2428.11,257.0,106.14,0.0471,
1999-09-29,2398.78,257.0,106.8,0.046900000000000004,
1999-09-30,2407.9,265.0,106.82,0.047400000000000005,
1999-10-01,2404.45,265.0,105.08,0.047400000000000005,
1999-10-04,2467.92,265.0,106.35,0.046900000000000004,
1999-10-05,2471.5,265.0,106.96,0.0472,
1999-10-06,2532.4,265.0,107.54,0.046799999999999994,
1999-10-07,2532.0,265.0,107.67,0.047,
1999-10-08,2555.36,265.0,107.38,0.046799999999999994,
1999-10-11,2578.88,265.0,107.38,0.046799999999999994,
1999-10-12,2526.82,265.0,106.28,0.0473,
1999-10-13,2454.49,265.0,107.45,0.0484,
1999-10-14,2470.99,265.0,106.96,0.048799999999999996,
1999-10-15,2403.81,265.0,105.43,0.049,
1999-10-18,2362.11,265.0,104.93,0.049400000000000006,
1999-10-19,2362.25,265.0,105.5,0.05,
1999-10-20,2466.29,265.0,106.16,0.05,
1999-10-21,2477.14,265.0,105.96,0.0499,
1999-10-22,2485.9,265.0,105.81,0.0492,
1999-10-25,2484.19,265.0,105.35,0.0489,
1999-10-26,2466.4,265.0,104.83,0.05,
1999-10-27,2457.46,265.0,104.24,0.0499,
1999-10-28,2539.93,265.0,105.13,0.0496,
1999-10-29,2637.44,265.0,104.29,0.049699999999999994,
1999-11-01,2616.36,265.0,104.19,0.049800000000000004,
1999-11-02,2626.99,265.0,104.15,0.0499,
1999-11-03,2672.72,265.0,105.0,0.049699999999999994,
1999-11-04,2703.11,265.0,104.48,0.0495,
1999-11-05,2755.7,265.0,106.33,0.0499,
1999-11-08,2786.27,265.0,105.77,0.0504,
1999-11-09,2763.58,265.0,104.86,0.0504,
1999-11-10,2797.61,265.0,104.58,0.050499999999999996,
1999-11-11,2849.81,265.0,104.58,0.050499999999999996,
1999-11-12,2888.91,265.0,105.34,0.0508,
1999-11-15,2875.87,265.0,104.88,0.0512,
1999-11-16,2940.02,265.0,105.83,0.051399999999999994,
1999-11-17,2911.69,265.0,105.47,0.0509,
1999-11-18,3003.49,265.0,105.85,0.0508,
1999-11-19,3028.84,265.0,106.13,0.0508,
1999-11-22,3049.61,265.0,104.87,0.0508,
1999-11-23,2999.78,265.0,104.2,0.0513,
1999-11-24,3108.52,265.0,104.62,0.051399999999999994,
1999-11-26,3116.62,265.0,102.19,0.051399999999999994,
1999-11-29,3063.23,265.0,102.43,0.051699999999999996,
1999-11-30,2966.71,293.0,101.8,0.051500000000000004,
1999-12-01,2997.28,293.0,102.37,0.0512,
1999-12-02,3108.47,293.0,102.69,0.051,
1999-12-03,3172.37,293.0,102.55,0.051,
1999-12-06,3191.09,293.0,103.1,0.0509,
1999-12-07,3205.08,293.0,102.39,0.0507,
1999-12-08,3164.08,293.0,102.97,0.0507,
1999-12-09,3167.52,293.0,102.57,0.051,
1999-12-10,3203.28,293.0,102.4,0.051399999999999994,
1999-12-13,3242.37,293.0,103.26,0.052199999999999996,
1999-12-14,3167.29,293.0,103.47,0.052300000000000006,
1999-12-15,3239.18,293.0,103.54,0.0519,
1999-12-16,3332.31,293.0,103.04,0.052300000000000006,
1999-12-17,3359.86,293.0,103.27,0.0528,
1999-12-20,3390.01,293.0,102.72,0.053899999999999997,
1999-12-21,3528.53,293.0,102.06,0.0542,
1999-12-22,3562.29,293.0,101.53,0.053899999999999997,
1999-12-23,3590.28,293.0,101.73,0.053099999999999994,
1999-12-27,3598.51,293.0,102.1,0.053,
1999-12-28,3579.95,293.0,102.19,0.0525,
1999-12-29,3689.68,293.0,102.05,0.0508,
1999-12-30,3683.67,293.0,102.33,0.0507,
1999-12-31,3707.83,283.0,102.16,0.051699999999999996,
2000-01-03,3790.55,283.0,101.7,0.0527,
2000-01-04,3546.2,283.0,103.09,0.0527,
2000-01-05,3507.31,283.0,103.77,0.0528,
2000-01-06,3340.81,283.0,105.19,0.0525,
2000-01-07,3529.6,283.0,105.17,0.052199999999999996,
2000-01-10,3717.41,283.0,105.28,0.0524,
2000-01-11,3544.35,283.0,106.09,0.0527,
2000-01-12,3478.14,283.0,105.76,0.0529,
2000-01-13,3612.08,283.0,106.09,0.0525,
2000-01-14,3704.74,283.0,105.86,0.0525,
2000-01-18,3757.78,283.0,105.49,0.0524,
2000-01-19,3790.89,283.0,105.39,0.0535,
2000-01-20,3841.74,283.0,105.45,0.053200000000000004,
2000-01-21,3849.96,283.0,104.96,0.053099999999999994,
2000-01-24,3660.96,283.0,105.52,0.053200000000000004,
2000-01-25,3759.11,283.0,105.87,0.054000000000000006,
2000-01-26,3621.21,283.0,105.85,0.0541,
2000-01-27,3593.15,283.0,104.91,0.0542,
2000-01-28,3446.13,283.0,107.15,0.0548,
2000-01-31,3570.05,284.0,107.33,0.0553,
2000-02-01,3701.78,284.0,107.67,0.0554,
2000-02-02,3724.46,284.0,108.4,0.054900000000000004,
2000-02-03,3851.16,284.0,107.92,0.0546,
2000-02-04,3874.37,284.0,107.54,0.055,
2000-02-07,3933.34,284.0,108.75,0.0547,
2000-02-08,4062.77,284.0,109.59,0.0552,
2000-02-09,3968.46,284.0,109.11,0.054900000000000004,
2000-02-10,4090.0,284.0,108.74,0.055,
2000-02-11,3968.89,284.0,108.99,0.054900000000000004,
2000-02-14,3986.13,284.0,108.65,0.0547,
2000-02-15,3997.03,284.0,108.75,0.0558,
2000-02-16,3997.97,284.0,109.38,0.0556,
2000-02-17,4125.38,284.0,110.27,0.0557,
2000-02-18,3965.75,284.0,110.88,0.0558,
2000-02-22,3969.13,284.0,111.04,0.055999999999999994,
2000-02-23,4170.09,284.0,111.11,0.0564,
2000-02-24,4253.05,284.0,110.95,0.056299999999999996,
2000-02-25,4178.58,284.0,110.98,0.0562,
2000-02-28,4162.13,284.0,109.17,0.056299999999999996,
2000-02-29,4266.94,300.0,109.88,0.0562,
2000-03-01,4309.01,300.0,107.1,0.055999999999999994,
2000-03-02,4234.26,300.0,107.37,0.055999999999999994,
2000-03-03,4442.87,300.0,107.8,0.056299999999999996,
2000-03-06,4457.18,300.0,107.74,0.056600000000000004,
2000-03-07,4390.83,300.0,106.2,0.0567,
2000-03-08,4445.68,300.0,106.89,0.0567,
2000-03-09,4586.26,300.0,106.45,0.056600000000000004,
2000-03-10,4587.16,300.0,106.27,0.057,
2000-03-13,4426.8,300.0,105.32,0.0571,
2000-03-14,4226.99,300.0,104.85,0.0571,
2000-03-15,4130.01,300.0,105.58,0.056900000000000006,
2000-03-16,4353.33,300.0,105.63,0.057,
2000-03-17,4440.45,300.0,106.1,0.0572,
2000-03-20,4261.15,300.0,106.5,0.0574,
2000-03-21,4449.33,300.0,106.91,0.0574,
2000-03-22,4596.81,300.0,106.77,0.0574,
2000-03-23,4660.62,300.0,107.45,0.057300000000000004,
2000-03-24,4691.61,300.0,107.25,0.0574,
2000-03-27,4704.73,300.0,107.13,0.056900000000000006,
2000-03-28,4583.39,300.0,105.9,0.0572,
2000-03-29,4413.92,300.0,105.6,0.057300000000000004,
2000-03-30,4250.19,300.0,105.53,0.0571,
2000-03-31,4397.84,286.0,102.73,0.0572,
2000-04-03,4077.02,286.0,104.82,0.056900000000000006,
2000-04-04,4034.17,286.0,105.33,0.0567,
2000-04-05,4030.26,286.0,105.0,0.057,
2000-04-06,4086.73,286.0,104.78,0.0572,
2000-04-07,4291.53,286.0,105.33,0.057300000000000004,
2000-04-10,3998.26,286.0,106.37,0.057,
2000-04-11,3909.21,286.0,106.95,0.0567,
2000-04-12,3633.63,286.0,105.86,0.0567,
2000-04-13,3553.81,286.0,105.76,0.0565,
2000-04-14,3207.96,286.0,105.12,0.0565,
2000-04-17,3529.45,286.0,104.19,0.0565,
2000-04-18,3715.81,286.0,104.59,0.0565,
2000-04-19,3583.07,286.0,104.94,0.0565,
2000-04-20,3505.29,286.0,105.45,0.056299999999999996,
2000-04-24,3353.53,286.0,105.66,0.056100000000000004,
2000-04-25,3621.56,286.0,105.71,0.056299999999999996,
2000-04-26,3505.71,286.0,106.46,0.0559,
2000-04-27,3692.57,286.0,106.36,0.0559,
2000-04-28,3773.18,286.0,107.98,0.056600000000000004,
2000-05-01,3829.84,286.0,108.89,0.0567,
2000-05-02,3627.31,286.0,108.63,0.0575,
2000-05-03,3562.16,286.0,109.14,0.0574,
2000-05-04,3570.73,286.0,108.17,0.057300000000000004,
2000-05-05,3688.36,286.0,108.53,0.0579,
2000-05-08,3521.6,286.0,109.03,0.0587,
2000-05-09,3445.26,286.0,109.61,0.0596,
2000-05-10,3244.73,286.0,109.33,0.0596,
2000-05-11,3381.57,286.0,108.47,0.0596,
2000-05-12,3406.25,286.0,108.74,0.0596,
2000-05-15,3512.11,286.0,109.48,0.0594,
2000-05-16,3646.89,286.0,109.75,0.0602,
2000-05-17,3550.5,286.0,109.53,0.0588,
2000-05-18,3426.35,286.0,108.7,0.0575,
2000-05-19,3260.64,286.0,106.89,0.0571,
2000-05-22,3264.71,286.0,107.02,0.0571,
2000-05-23,3023.42,286.0,106.72,0.0584,
2000-05-24,3180.31,286.0,107.58,0.0575,
2000-05-25,3099.28,286.0,107.48,0.056799999999999996,
2000-05-26,3101.44,286.0,107.18,0.0565,
2000-05-30,3414.03,286.0,106.44,0.055999999999999994,
2000-05-31,3324.08,275.0,107.74,0.0548,
2000-06-01,3518.98,275.0,108.74,0.0557,
2000-06-02,3755.67,275.0,108.15,0.057,
2000-06-05,3730.31,275.0,107.44,0.0572,
2000-06-06,3646.32,275.0,105.64,0.0582,
2000-06-07,3736.01,275.0,105.5,0.0575,
2000-06-08,3707.31,275.0,105.86,0.0574,
2000-06-09,3760.26,275.0,106.78,0.0575,
2000-06-12,3638.42,275.0,106.65,0.056900000000000006,
2000-06-13,3765.81,275.0,106.79,0.0572,
2000-06-14,3677.49,275.0,106.89,0.056600000000000004,
2000-06-15,3752.01,275.0,106.52,0.0567,
2000-06-16,3787.36,275.0,106.22,0.056600000000000004,
2000-06-19,3933.7,275.0,105.74,0.0564,
2000-06-20,3933.83,275.0,105.42,0.056299999999999996,
2000-06-21,3970.0,275.0,105.5,0.0565,
2000-06-22,3804.11,275.0,104.4,0.0567,
2000-06-23,3685.3,275.0,104.59,0.056900000000000006,
2000-06-26,3771.45,275.0,105.66,0.056600000000000004,
2000-06-27,3699.0,275.0,105.53,0.0567,
2000-06-28,3771.06,275.0,105.51,0.0565,
2000-06-29,3665.83,275.0,105.09,0.056799999999999996,
2000-06-30,3763.79,286.0,106.14,0.0571,
2000-07-03,3804.78,286.0,105.64,0.0575,
2000-07-05,3649.8,286.0,106.91,0.0582,
2000-07-06,3793.48,286.0,107.37,0.058499999999999996,
2000-07-07,3841.27,286.0,107.81,0.0587,
2000-07-10,3772.2,286.0,107.1,0.059000000000000004,
2000-07-11,3744.53,286.0,106.93,0.0593,
2000-07-12,3901.12,286.0,108.36,0.0599,
2000-07-13,3956.67,286.0,108.27,0.06,
2000-07-14,4041.15,286.0,107.88,0.0599,
2000-07-17,4061.88,286.0,108.53,0.059800000000000006,
2000-07-18,3960.96,286.0,108.3,0.059800000000000006,
2000-07-19,3843.98,286.0,108.2,0.06,
2000-07-20,3995.46,286.0,107.89,0.06,
2000-07-21,3908.75,286.0,109.08,0.059500000000000004,
2000-07-24,3790.62,286.0,108.92,0.059800000000000006,
2000-07-25,3865.39,286.0,109.3,0.0602,
2000-07-26,3818.28,286.0,109.28,0.06,
2000-07-27,3681.63,286.0,109.15,0.0604,
2000-07-28,3477.31,286.0,109.63,0.0602,
2000-07-31,3609.35,282.0,109.68,0.0603,
2000-08-01,3521.15,282.0,109.47,0.060700000000000004,
2000-08-02,3490.34,282.0,108.77,0.060700000000000004,
2000-08-03,3623.5,282.0,108.36,0.0605,
2000-08-04,3618.63,282.0,108.54,0.0605,
2000-08-07,3710.39,282.0,108.99,0.060599999999999994,
2000-08-08,3686.37,282.0,108.64,0.0608,
2000-08-09,3693.04,282.0,107.99,0.060700000000000004,
2000-08-10,3595.19,282.0,108.7,0.060700000000000004,
2000-08-11,3644.61,282.0,108.68,0.0611,
2000-08-14,3719.61,282.0,109.52,0.060899999999999996,
2000-08-15,3722.62,282.0,109.0,0.061,
2000-08-16,3721.25,282.0,108.55,0.060899999999999996,
2000-08-17,3830.59,282.0,108.48,0.060899999999999996,
2000-08-18,3807.51,282.0,108.43,0.060899999999999996,
2000-08-21,3827.62,282.0,108.53,0.060899999999999996,
2000-08-22,3827.89,282.0,108.34,0.061,
2000-08-23,3896.92,282.0,107.02,0.0611,
2000-08-24,3949.57,282.0,106.89,0.0611,
2000-08-25,3931.25,282.0,107.17,0.0613,
2000-08-28,3954.24,282.0,106.45,0.061399999999999996,
2000-08-29,3951.94,282.0,106.2,0.0613,
2000-08-30,3968.73,282.0,106.47,0.061399999999999996,
2000-08-31,4077.59,274.47,106.66,0.0613,
2000-09-01,4099.3,274.47,105.78,0.060899999999999996,
2000-09-05,3987.03,274.47,105.88,0.060700000000000004,
2000-09-06,3837.62,274.47,106.08,0.0603,
2000-09-07,3953.36,274.47,105.1,0.0602,
2000-09-08,3813.44,274.47,106.03,0.059699999999999996,
2000-09-11,3706.74,274.47,105.97,0.059500000000000004,
2000-09-12,3666.87,274.47,106.93,0.0592,
2000-09-13,3741.75,274.47,107.11,0.0592,
2000-09-14,3737.42,274.47,107.25,0.059699999999999996,
2000-09-15,3676.33,274.47,107.33,0.059699999999999996,
2000-09-18,3585.52,274.47,106.87,0.059699999999999996,
2000-09-19,3756.4,274.47,107.02,0.0599,
2000-09-20,3790.45,274.47,106.77,0.059800000000000006,
2000-09-21,3718.15,274.47,106.5,0.059800000000000006,
2000-09-22,3701.18,274.47,107.94,0.0599,
2000-09-25,3622.1,274.47,107.63,0.0599,
2000-09-26,3582.59,274.47,107.63,0.06,
2000-09-27,3571.9,274.47,107.44,0.0602,
2000-09-28,3725.15,274.47,107.59,0.060700000000000004,
2000-09-29,3570.61,274.47,107.9,0.0605,
2000-10-02,3457.97,274.47,108.81,0.0603,
2000-10-03,3353.34,274.47,108.66,0.060599999999999994,
2000-10-04,3453.36,274.47,109.29,0.060599999999999994,
2000-10-05,3424.32,274.47,109.3,0.060700000000000004,
2000-10-06,3311.94,274.47,108.81,0.060599999999999994,
2000-10-09,3318.9,274.47,108.81,0.060599999999999994,
2000-10-10,3188.29,274.47,107.9,0.0605,
2000-10-11,3100.53,274.47,107.63,0.0605,
2000-10-12,3004.45,274.47,107.58,0.0601,
2000-10-13,3277.77,274.47,107.67,0.0602,
2000-10-16,3249.46,274.47,108.3,0.060599999999999994,
2000-10-17,3172.19,274.47,108.15,0.061200000000000004,
2000-10-18,3139.31,274.47,107.78,0.061200000000000004,
2000-10-19,3402.95,274.47,108.55,0.061399999999999996,
2000-10-20,3456.61,274.47,109.04,0.0613,
2000-10-23,3422.0,274.47,108.45,0.0616,
2000-10-24,3353.26,274.47,108.08,0.0617,
2000-10-25,3107.61,274.47,108.05,0.062,
2000-10-26,3167.14,274.47,108.36,0.061799999999999994,
2000-10-27,3175.25,274.47,108.75,0.0617,
2000-10-30,3081.07,274.47,108.99,0.061900000000000004,
2000-10-31,3282.3,270.0,109.15,0.061900000000000004,
2000-11-01,3225.27,270.0,108.48,0.061799999999999994,
2000-11-02,3308.48,270.0,108.39,0.061900000000000004,
2000-11-03,3321.91,270.0,107.58,0.062,
2000-11-06,3290.47,270.0,107.34,0.062400000000000004,
2000-11-07,3279.57,270.0,107.3,0.0623,
2000-11-08,3059.09,270.0,107.57,0.0622,
2000-11-09,3057.06,270.0,107.41,0.0621,
2000-11-10,2890.26,270.0,107.83,0.061900000000000004,
2000-11-13,2836.62,270.0,107.7,0.061900000000000004,
2000-11-14,3039.5,270.0,108.15,0.061799999999999994,
2000-11-15,3076.7,270.0,108.75,0.061900000000000004,
2000-11-16,2925.16,270.0,109.08,0.0617,
2000-11-17,2934.81,270.0,108.86,0.0617,
2000-11-20,2792.41,270.0,109.79,0.061799999999999994,
2000-11-21,2786.53,270.0,110.29,0.061799999999999994,
2000-11-22,2668.25,270.0,110.16,0.061799999999999994,
2000-11-24,2830.09,270.0,111.38,0.061799999999999994,
2000-11-27,2769.32,270.0,110.7,0.061399999999999996,
2000-11-28,2621.11,270.0,110.23,0.061,
2000-11-29,2602.85,270.0,111.28,0.060599999999999994,
2000-11-30,2506.54,266.0,110.93,0.0603,
2000-12-01,2549.74,266.0,111.15,0.0605,
2000-12-04,2554.4,266.0,111.07,0.06,
2000-12-05,2852.87,266.0,111.0,0.0591,
2000-12-06,2743.7,266.0,110.42,0.0592,
2000-12-07,2719.91,266.0,110.7,0.0594,
2000-12-08,2895.39,266.0,111.29,0.0592,
2000-12-11,2972.91,266.0,110.77,0.0591,
2000-12-12,2863.21,266.0,111.5,0.058899999999999994,
2000-12-13,2748.88,266.0,112.4,0.058899999999999994,
2000-12-14,2639.26,266.0,112.42,0.058899999999999994,
2000-12-15,2549.48,266.0,112.55,0.058499999999999996,
2000-12-18,2543.09,266.0,112.06,0.057800000000000004,
2000-12-19,2399.63,266.0,112.55,0.0576,
2000-12-20,2210.32,266.0,112.58,0.056600000000000004,
2000-12-21,2224.84,266.0,112.18,0.0524,
2000-12-22,2436.26,266.0,112.75,0.0513,
2000-12-26,2404.6,266.0,113.62,0.056100000000000004,
2000-12-27,2460.21,266.0,114.2,0.0559,
2000-12-28,2464.62,266.0,114.62,0.0571,
2000-12-29,2341.7,266.0,114.35,0.057300000000000004,
2001-01-01,2341.7,266.0,114.35,0.057300000000000004,
2001-01-02,2128.78,266.0,114.73,0.056900000000000006,
2001-01-03,2528.38,266.0,114.26,0.0553,
2001-01-04,2460.04,266.0,115.47,0.052300000000000006,
2001-01-05,2267.85,266.0,116.19,0.0499,
2001-01-08,2281.54,266.0,115.97,0.0506,
2001-01-09,2311.4,266.0,116.64,0.051,
2001-01-10,2413.71,266.0,116.26,0.051500000000000004,
2001-01-11,2524.29,266.0,117.56,0.051699999999999996,
2001-01-12,2506.05,266.0,117.76,0.0519,
2001-01-16,2470.72,266.0,117.28,0.052199999999999996,
2001-01-17,2558.67,266.0,118.35,0.052199999999999996,
2001-01-18,2670.47,266.0,117.78,0.051399999999999994,
2001-01-19,2655.68,266.0,117.23,0.051,
2001-01-22,2643.13,266.0,116.62,0.051100000000000007,
2001-01-23,2730.05,266.0,116.95,0.051,
2001-01-24,2726.45,266.0,118.18,0.051399999999999994,
2001-01-25,2595.85,266.0,116.91,0.051399999999999994,
2001-01-26,2631.78,266.0,117.16,0.0504,
2001-01-29,2694.53,266.0,116.67,0.0499,
2001-01-30,2686.14,266.0,115.75,0.0489,
2001-01-31,2593.0,265.49,116.39,0.048600000000000004,
2001-02-01,2607.16,265.49,115.33,0.0487,
2001-02-02,2472.18,265.49,115.65,0.0493,
2001-02-05,2467.3,265.49,114.99,0.0496,
2001-02-06,2473.24,265.49,114.88,0.049400000000000006,
2001-02-07,2409.66,265.49,116.21,0.049400000000000006,
2001-02-08,2355.67,265.49,116.3,0.0495,
2001-02-09,2261.77,265.49,117.57,0.0493,
2001-02-12,2286.85,265.49,117.62,0.0493,
2001-02-13,2208.4,265.49,117.3,0.0492,
2001-02-14,2305.82,265.49,116.65,0.049400000000000006,
2001-02-15,2371.04,265.49,115.67,0.0495,
2001-02-16,2212.51,265.49,115.46,0.0489,
2001-02-20,2095.11,265.49,115.57,0.0492,
2001-02-21,2058.54,265.49,116.45,0.0489,
2001-02-22,2032.42,265.49,116.53,0.048799999999999996,
2001-02-23,2056.06,265.49,116.15,0.04769999999999999,
2001-02-26,2097.64,265.49,116.63,0.0471,
2001-02-27,1964.52,265.49,116.2,0.047,
2001-02-28,1908.32,262.0,117.28,0.0473,
2001-03-01,1968.02,262.0,117.33,0.0472,
2001-03-02,1881.34,262.0,119.06,0.0472,
2001-03-05,1916.68,262.0,119.08,0.047,
2001-03-06,1976.31,262.0,118.87,0.0467,
2001-03-07,1996.23,262.0,119.86,0.045700000000000005,
2001-03-08,1938.15,262.0,119.51,0.045599999999999995,
2001-03-09,1813.02,262.0,119.71,0.0461,
2001-03-12,1680.64,262.0,120.63,0.0454,
2001-03-13,1789.7,262.0,120.2,0.0454,
2001-03-14,1745.08,262.0,120.97,0.0443,
2001-03-15,1697.92,262.0,122.23,0.0441,
2001-03-16,1647.51,262.0,122.85,0.0443,
2001-03-19,1730.46,262.0,122.57,0.044199999999999996,
2001-03-20,1614.47,262.0,122.73,0.0438,
2001-03-21,1605.04,262.0,123.62,0.0421,
2001-03-22,1701.9,262.0,123.84,0.0416,
2001-03-23,1705.02,262.0,122.64,0.04190000000000001,
2001-03-26,1676.9,262.0,122.81,0.04190000000000001,
2001-03-27,1735.7,262.0,122.99,0.0424,
2001-03-28,1602.22,262.0,122.62,0.042300000000000004,
2001-03-29,1563.14,262.0,123.45,0.042199999999999994,
2001-03-30,1573.25,262.0,125.54,0.042,
2001-04-02,1516.58,262.0,126.75,0.0412,
2001-04-03,1399.05,262.0,125.41,0.0405,
2001-04-04,1370.75,262.0,125.38,0.04,
2001-04-05,1519.05,262.0,124.33,0.0401,
2001-04-06,1448.16,262.0,124.03,0.0385,
2001-04-09,1481.22,262.0,124.85,0.0384,
2001-04-10,1597.87,262.0,124.48,0.0385,
2001-04-11,1647.36,262.0,124.82,0.0398,
2001-04-12,1714.29,262.0,123.51,0.0392,
2001-04-16,1650.21,262.0,124.64,0.0405,
2001-04-17,1671.51,262.0,123.67,0.04019999999999999,
2001-04-18,1830.79,262.0,122.35,0.0382,
2001-04-19,1953.28,262.0,121.87,0.0378,
2001-04-20,1933.57,262.0,122.52,0.0368,
2001-04-23,1811.89,262.0,121.68,0.0366,
2001-04-24,1762.21,262.0,122.08,0.0371,
2001-04-25,1814.33,262.0,122.21,0.0375,
2001-04-26,1763.33,262.0,123.13,0.0374,
2001-04-27,1810.47,262.0,123.76,0.037599999999999995,
2001-04-30,1855.15,260.48,123.57,0.038599999999999995,
2001-05-01,1919.01,260.48,121.92,0.0383,
2001-05-02,1962.42,260.48,121.72,0.038,
2001-05-03,1877.8,260.48,121.19,0.0375,
2001-05-04,1923.81,260.48,121.05,0.0365,
2001-05-07,1895.41,260.48,121.34,0.0365,
2001-05-08,1929.24,260.48,121.66,0.0362,
2001-05-09,1876.87,260.48,122.25,0.0364,
2001-05-10,1838.32,260.48,122.71,0.0366,
2001-05-11,1821.2,260.48,122.5,0.0369,
2001-05-14,1795.06,260.48,123.12,0.0363,
2001-05-15,1796.81,260.48,123.26,0.0355,
2001-05-16,1899.47,260.48,123.59,0.0349,
2001-05-17,1925.14,260.48,122.68,0.0349,
2001-05-18,1927.69,260.48,123.67,0.0353,
2001-05-21,2052.57,260.48,122.91,0.035699999999999996,
2001-05-22,2042.93,260.48,122.79,0.0356,
2001-05-23,1957.56,260.48,120.39,0.0356,
2001-05-24,2003.37,260.48,120.15,0.0362,
2001-05-25,1960.74,260.48,120.75,0.0358,
2001-05-29,1873.53,260.48,120.1,0.0363,
2001-05-30,1779.0,260.48,120.27,0.036000000000000004,
2001-05-31,1799.89,272.0,118.88,0.0355,
2001-06-01,1840.83,272.0,119.13,0.0359,
2001-06-04,1838.84,272.0,119.5,0.036000000000000004,
2001-06-05,1923.9,272.0,120.27,0.0355,
2001-06-06,1903.84,272.0,120.35,0.0354,
2001-06-07,1963.31,272.0,119.91,0.0355,
2001-06-08,1896.22,272.0,120.6,0.0356,
2001-06-11,1846.5,272.0,122.02,0.0352,
2001-06-12,1852.03,272.0,121.74,0.0348,
2001-06-13,1790.21,272.0,121.89,0.0347,
2001-06-14,1711.39,272.0,121.42,0.0348,
2001-06-15,1701.53,272.0,122.97,0.0344,
2001-06-18,1666.49,272.0,123.2,0.0344,
2001-06-19,1675.9,272.0,122.97,0.034300000000000004,
2001-06-20,1721.56,272.0,123.3,0.0341,
2001-06-21,1751.22,272.0,124.4,0.034300000000000004,
2001-06-22,1727.47,272.0,124.25,0.0337,
2001-06-25,1743.9,272.0,124.02,0.0338,
2001-06-26,1751.62,272.0,123.82,0.0338,
2001-06-27,1756.02,272.0,124.25,0.0344,
2001-06-28,1808.94,272.0,124.63,0.0356,
2001-06-29,1830.19,272.0,124.73,0.035699999999999996,
2001-07-02,1827.07,272.0,124.22,0.0359,
2001-07-03,1822.16,272.0,124.48,0.0358,
2001-07-05,1751.0,272.0,125.77,0.035699999999999996,
2001-07-06,1668.59,272.0,125.85,0.0355,
2001-07-09,1697.05,272.0,125.43,0.035699999999999996,
2001-07-10,1624.95,272.0,125.53,0.0355,
2001-07-11,1641.56,272.0,124.06,0.035,
2001-07-12,1750.13,272.0,124.1,0.0352,
2001-07-13,1751.11,272.0,124.75,0.0354,
2001-07-16,1685.74,272.0,125.44,0.0356,
2001-07-17,1729.55,272.0,124.89,0.0353,
2001-07-18,1666.87,272.0,124.35,0.0346,
2001-07-19,1695.89,272.0,123.61,0.0347,
2001-07-20,1676.46,272.0,122.85,0.0345,
2001-07-23,1629.93,272.0,124.19,0.0348,
2001-07-24,1604.86,272.0,124.0,0.0348,
2001-07-25,1627.86,272.0,123.64,0.0348,
2001-07-26,1673.39,272.0,123.83,0.0348,
2001-07-27,1683.18,272.0,123.29,0.0347,
2001-07-30,1670.03,272.0,125.18,0.0349,
2001-07-31,1683.61,268.0,125.0,0.0346,
2001-08-01,1729.53,268.0,124.87,0.0345,
2001-08-02,1751.45,268.0,123.72,0.0345,
2001-08-03,1725.9,268.0,123.46,0.0344,
2001-08-06,1702.84,268.0,123.85,0.0344,
2001-08-07,1696.37,268.0,123.83,0.0344,
2001-08-08,1626.2,268.0,123.2,0.0341,
2001-08-09,1628.92,268.0,123.03,0.0338,
2001-08-10,1617.45,268.0,121.97,0.0336,
2001-08-13,1653.27,268.0,122.46,0.0337,
2001-08-14,1629.95,268.0,121.6,0.0335,
2001-08-15,1572.03,268.0,119.92,0.0335,
2001-08-16,1581.98,268.0,120.11,0.0332,
2001-08-17,1516.58,268.0,120.37,0.0329,
2001-08-20,1535.99,268.0,120.72,0.0334,
2001-08-21,1480.74,268.0,119.91,0.0331,
2001-08-22,1515.41,268.0,119.91,0.0331,
2001-08-23,1496.98,268.0,119.84,0.0333,
2001-08-24,1579.62,268.0,120.13,0.0335,
2001-08-27,1578.33,268.0,120.12,0.0337,
2001-08-28,1526.3,268.0,120.48,0.0333,
2001-08-29,1499.76,268.0,119.79,0.0334,
2001-08-30,1453.9,268.0,119.4,0.0329,
2001-08-31,1469.7,272.0,118.75,0.033,
2001-09-04,1424.12,272.0,119.49,0.0336,
2001-09-05,1415.3,272.0,120.76,0.0333,
2001-09-06,1361.69,272.0,120.95,0.0327,
2001-09-07,1354.27,272.0,120.07,0.032,
2001-09-10,1365.39,272.0,121.08,0.0319,
2001-09-17,1252.7,272.0,117.59,0.0254,
2001-09-18,1224.64,272.0,117.32,0.024300000000000002,
2001-09-19,1208.23,272.0,117.3,0.0215,
2001-09-20,1166.27,272.0,115.89,0.0218,
2001-09-21,1126.95,272.0,116.73,0.022099999999999998,
2001-09-24,1191.02,272.0,117.52,0.0233,
2001-09-25,1187.77,272.0,117.78,0.0235,
2001-09-26,1172.11,272.0,117.89,0.0233,
2001-09-27,1144.27,272.0,119.69,0.0233,
2001-09-28,1168.37,272.0,119.23,0.0235,
2001-10-01,1151.24,272.0,120.27,0.0232,
2001-10-02,1159.37,272.0,120.78,0.0222,
2001-10-03,1249.41,272.0,120.67,0.0219,
2001-10-04,1260.66,272.0,120.63,0.0217,
2001-10-05,1271.73,272.0,120.37,0.0215,
2001-10-08,1279.63,272.0,120.37,0.0215,
2001-10-09,1244.56,272.0,120.2,0.0218,
2001-10-10,1304.68,272.0,120.43,0.0218,
2001-10-11,1389.87,272.0,121.57,0.0223,
2001-10-12,1393.84,272.0,120.93,0.022099999999999998,
2001-10-15,1378.92,272.0,120.94,0.022099999999999998,
2001-10-16,1404.81,272.0,121.27,0.0218,
2001-10-17,1314.8,272.0,121.05,0.0218,
2001-10-18,1330.33,272.0,121.18,0.0215,
2001-10-19,1347.59,272.0,121.15,0.0215,
2001-10-22,1383.07,272.0,122.45,0.0218,
2001-10-23,1384.06,272.0,122.83,0.0216,
2001-10-24,1424.69,272.0,122.86,0.0213,
2001-10-25,1479.05,272.0,122.72,0.021,
2001-10-26,1454.9,272.0,122.99,0.021,
2001-10-29,1374.58,272.0,122.08,0.020499999999999997,
2001-10-30,1342.26,272.0,122.07,0.020099999999999996,
2001-10-31,1364.78,283.0,122.54,0.020099999999999996,
2001-11-01,1424.15,283.0,121.87,0.0202,
2001-11-02,1425.78,283.0,121.68,0.0197,
2001-11-05,1480.21,283.0,121.72,0.0197,
2001-11-06,1523.09,283.0,121.15,0.0182,
2001-11-07,1524.67,283.0,121.05,0.0177,
2001-11-08,1510.6,283.0,119.98,0.0181,
2001-11-09,1514.96,283.0,120.25,0.018000000000000002,
2001-11-12,1528.75,283.0,120.25,0.018000000000000002,
2001-11-13,1580.76,283.0,121.45,0.0181,
2001-11-14,1585.89,283.0,121.67,0.0184,
2001-11-15,1582.58,283.0,122.4,0.018799999999999997,
2001-11-16,1582.14,283.0,122.67,0.0191,
2001-11-19,1617.58,283.0,123.27,0.019,
2001-11-20,1549.7,283.0,122.62,0.0191,
2001-11-21,1552.01,283.0,123.19,0.0192,
2001-11-23,1577.47,283.0,124.44,0.0191,
2001-11-26,1619.65,283.0,124.2,0.0194,
2001-11-27,1609.87,283.0,124.17,0.018799999999999997,
2001-11-28,1557.03,283.0,123.29,0.0184,
2001-11-29,1599.3,283.0,123.82,0.0177,
2001-11-30,1596.05,276.0,123.22,0.0175,
2001-12-03,1567.54,276.0,123.9,0.0175,
2001-12-04,1634.27,276.0,124.28,0.0171,
2001-12-05,1720.91,276.0,124.4,0.0174,
2001-12-06,1717.97,276.0,124.83,0.0172,
2001-12-07,1673.9,276.0,125.66,0.0166,
2001-12-10,1645.36,276.0,126.27,0.0168,
2001-12-11,1661.27,276.0,126.23,0.0163,
2001-12-12,1669.95,276.0,126.52,0.016399999999999998,
2001-12-13,1601.91,276.0,126.32,0.0166,
2001-12-14,1605.67,276.0,127.24,0.017,
2001-12-17,1640.34,276.0,127.54,0.0171,
2001-12-18,1657.68,276.0,127.97,0.0168,
2001-12-19,1628.69,276.0,128.2,0.0166,
2001-12-20,1557.36,276.0,128.55,0.0166,
2001-12-21,1578.27,276.0,129.48,0.0168,
2001-12-24,1577.31,276.0,129.9,0.0169,
2001-12-26,1590.84,276.0,130.79,0.0172,
2001-12-27,1606.48,276.0,131.47,0.0171,
2001-12-28,1621.13,276.0,131.3,0.0169,
2001-12-31,1577.05,276.0,131.04,0.0171,
2002-01-02,1610.39,276.0,132.02,0.0171,
2002-01-03,1666.66,276.0,131.76,0.017,
2002-01-04,1675.03,276.0,131.02,0.0169,
2002-01-07,1649.83,276.0,130.93,0.0166,
2002-01-08,1666.58,276.0,132.53,0.0165,
2002-01-09,1653.76,276.0,132.62,0.0165,
2002-01-10,1656.68,276.0,132.61,0.0165,
2002-01-11,1634.17,276.0,132.17,0.0155,
2002-01-14,1603.76,276.0,131.83,0.0155,
2002-01-15,1612.46,276.0,131.14,0.015700000000000002,
2002-01-16,1558.98,276.0,131.77,0.0158,
2002-01-17,1602.32,276.0,132.13,0.0161,
2002-01-18,1548.22,276.0,132.64,0.0159,
2002-01-22,1501.78,276.0,133.98,0.0166,
2002-01-23,1549.21,276.0,134.25,0.0168,
2002-01-24,1565.13,276.0,134.64,0.0169,
2002-01-25,1558.26,276.0,134.47,0.0169,
2002-01-28,1564.86,276.0,133.43,0.017,
2002-01-30,1538.94,276.0,132.84,0.0172,
2002-01-31,1550.17,282.0,134.06,0.0173,
2002-02-01,1528.15,282.0,133.77,0.0173,
2002-02-04,1479.17,282.0,132.71,0.0174,
2002-02-05,1462.86,282.0,133.9,0.0173,
2002-02-06,1445.96,282.0,133.72,0.0171,
2002-02-07,1413.86,282.0,133.49,0.017,
2002-02-08,1452.17,282.0,134.77,0.017,
2002-02-11,1477.64,282.0,133.62,0.017,
2002-02-12,1464.76,282.0,132.82,0.0172,
2002-02-13,1486.75,282.0,133.23,0.0173,
2002-02-14,1474.71,282.0,132.26,0.0172,
2002-02-15,1436.7,282.0,132.76,0.0171,
2002-02-19,1387.27,282.0,133.45,0.0171,
2002-02-20,1408.26,282.0,133.76,0.0173,
2002-02-21,1348.25,282.0,134.27,0.0173,
2002-02-22,1356.16,282.0,133.85,0.0173,
2002-02-25,1407.99,282.0,133.89,0.0174,
2002-02-26,1401.19,282.0,134.35,0.0174,
2002-02-27,1378.48,282.0,134.63,0.0174,
2002-02-28,1359.22,296.0,133.96,0.0176,
2002-03-01,1435.41,296.0,133.35,0.0174,
2002-03-04,1494.7,296.0,132.2,0.0176,
2002-03-05,1498.95,296.0,132.31,0.0177,
2002-03-06,1519.95,296.0,130.85,0.0175,
2002-03-07,1506.81,296.0,127.07,0.0175,
2002-03-08,1555.11,296.0,128.21,0.0177,
2002-03-11,1553.8,296.0,128.08,0.018000000000000002,
2002-03-12,1520.54,296.0,128.67,0.0181,
2002-03-13,1486.27,296.0,129.43,0.0179,
2002-03-14,1477.19,296.0,128.94,0.0182,
2002-03-15,1495.41,296.0,129.1,0.0182,
2002-03-18,1505.89,296.0,131.27,0.0183,
2002-03-19,1504.67,296.0,132.3,0.0182,
2002-03-20,1451.02,296.0,131.6,0.0181,
2002-03-21,1488.97,296.0,131.86,0.018000000000000002,
2002-03-22,1470.1,296.0,132.88,0.018000000000000002,
2002-03-25,1427.6,296.0,133.46,0.0179,
2002-03-26,1439.55,296.0,132.78,0.0178,
2002-03-27,1436.51,296.0,132.61,0.0178,
2002-03-28,1452.81,296.0,132.61,0.0176,
2002-04-01,1478.5,296.0,133.32,0.0175,
2002-04-02,1410.41,296.0,133.4,0.0177,
2002-04-03,1394.21,296.0,132.65,0.0176,
2002-04-04,1396.97,296.0,132.3,0.0175,
2002-04-05,1376.72,296.0,131.73,0.0173,
2002-04-08,1392.96,296.0,131.27,0.0172,
2002-04-09,1345.32,296.0,131.03,0.017,
2002-04-10,1363.29,296.0,130.75,0.0168,
2002-04-11,1324.65,296.0,131.55,0.0169,
2002-04-12,1351.85,296.0,132.09,0.0168,
2002-04-15,1355.09,296.0,131.95,0.0168,
2002-04-16,1413.93,296.0,131.19,0.0171,
2002-04-17,1403.71,296.0,130.7,0.017,
2002-04-18,1395.9,296.0,129.84,0.0169,
2002-04-19,1385.01,296.0,130.5,0.017,
2002-04-22,1349.83,296.0,129.9,0.0169,
2002-04-23,1322.81,296.0,129.89,0.017,
2002-04-24,1302.32,296.0,129.76,0.0169,
2002-04-25,1302.32,296.0,128.4,0.0171,
2002-04-26,1250.89,296.0,128.18,0.0172,
2002-04-29,1246.75,296.0,128.13,0.0174,
2002-04-30,1277.07,303.0,128.45,0.0174,
2002-05-01,1267.43,303.0,127.45,0.0174,
2002-05-02,1225.37,303.0,128.02,0.0174,
2002-05-03,1190.74,303.0,127.21,0.0173,
2002-05-06,1161.16,303.0,127.27,0.0173,
2002-05-07,1159.25,303.0,127.8,0.0173,
2002-05-08,1282.41,303.0,128.64,0.0173,
2002-05-09,1240.41,303.0,128.36,0.0174,
2002-05-10,1188.78,303.0,127.89,0.0174,
2002-05-13,1241.54,303.0,127.69,0.0174,
2002-05-14,1305.55,303.0,128.66,0.0175,
2002-05-15,1311.05,303.0,127.92,0.0173,
2002-05-16,1315.85,303.0,128.19,0.0172,
2002-05-17,1325.8,303.0,126.03,0.0173,
2002-05-20,1292.21,303.0,125.64,0.0172,
2002-05-21,1255.91,303.0,123.83,0.0172,
2002-05-22,1264.51,303.0,124.16,0.0171,
2002-05-23,1286.77,303.0,124.84,0.0171,
2002-05-24,1253.03,303.0,124.71,0.0171,
2002-05-28,1244.82,303.0,124.38,0.0173,
2002-05-29,1218.68,303.0,124.35,0.0172,
2002-05-30,1227.9,303.0,123.08,0.0172,
2002-05-31,1208.36,314.0,124.13,0.0171,
2002-06-03,1159.15,314.0,123.69,0.0172,
2002-06-04,1178.8,314.0,123.95,0.0173,
2002-06-05,1195.6,314.0,124.4,0.0172,
2002-06-06,1157.62,314.0,124.34,0.0171,
2002-06-07,1140.24,314.0,124.49,0.0171,
2002-06-10,1135.62,314.0,124.6,0.0172,
2002-06-11,1100.97,314.0,125.56,0.0172,
2002-06-12,1123.34,314.0,125.64,0.0171,
2002-06-13,1106.54,314.0,125.12,0.0169,
2002-06-14,1109.6,314.0,124.25,0.0168,
2002-06-17,1149.91,314.0,124.37,0.017,
2002-06-18,1138.31,314.0,124.56,0.017,
2002-06-19,1097.54,314.0,124.04,0.0168,
2002-06-20,1062.45,314.0,123.33,0.017,
2002-06-21,1035.63,314.0,121.23,0.0169,
2002-06-24,1057.68,314.0,121.28,0.017,
2002-06-25,1022.74,314.0,121.9,0.017,
2002-06-26,1027.22,314.0,119.83,0.0167,
2002-06-27,1050.64,314.0,119.38,0.0167,
2002-06-28,1051.41,314.0,119.85,0.0167,
2002-07-01,998.17,314.0,120.04,0.0168,
2002-07-02,963.66,314.0,120.13,0.0169,
2002-07-03,995.68,314.0,119.77,0.0169,
2002-07-05,1060.89,314.0,120.19,0.0169,
2002-07-08,1014.33,314.0,118.66,0.017,
2002-07-09,990.23,314.0,117.85,0.0169,
2002-07-10,959.05,314.0,117.94,0.0169,
2002-07-11,998.03,314.0,116.62,0.0169,
2002-07-12,1000.82,314.0,116.73,0.0168,
2002-07-15,1021.02,314.0,116.06,0.0168,
2002-07-16,1011.3,314.0,115.71,0.0169,
2002-07-17,1028.74,314.0,116.24,0.0169,
2002-07-18,994.61,314.0,117.02,0.0169,
2002-07-19,965.45,314.0,115.73,0.0168,
2002-07-22,939.1,314.0,116.22,0.0168,
2002-07-23,896.69,314.0,117.35,0.0167,
2002-07-24,951.58,314.0,116.33,0.0166,
2002-07-25,894.45,314.0,116.87,0.0167,
2002-07-26,910.91,314.0,118.78,0.0166,
2002-07-29,970.13,314.0,119.87,0.0169,
2002-07-30,980.36,314.0,119.9,0.0169,
2002-07-31,962.11,313.29,119.77,0.0168,
2002-08-01,913.59,313.29,119.1,0.0165,
2002-08-02,892.51,313.29,118.98,0.016,
2002-08-05,857.08,313.29,119.26,0.0161,
2002-08-06,901.91,313.29,121.14,0.016200000000000003,
2002-08-07,919.08,313.29,120.37,0.015600000000000001,
2002-08-08,947.24,313.29,121.04,0.0159,
2002-08-09,937.33,313.29,120.15,0.0159,
2002-08-12,938.98,313.29,118.85,0.016399999999999998,
2002-08-13,907.62,313.29,119.08,0.016,
2002-08-14,968.84,313.29,116.53,0.0161,
2002-08-15,980.98,313.29,117.28,0.0159,
2002-08-16,996.06,313.29,117.51,0.0159,
2002-08-19,1025.95,313.29,118.53,0.0163,
2002-08-20,1008.02,313.29,118.84,0.0159,
2002-08-21,1035.47,313.29,118.54,0.016,
2002-08-22,1049.03,313.29,119.85,0.016200000000000003,
2002-08-23,1010.49,313.29,119.53,0.016200000000000003,
2002-08-26,1016.79,313.29,119.54,0.016399999999999998,
2002-08-27,974.47,313.29,118.31,0.0165,
2002-08-28,944.83,313.29,118.31,0.016399999999999998,
2002-08-29,961.75,313.29,118.34,0.0165,
2002-08-30,942.38,313.29,118.76,0.0166,
2002-09-03,899.64,313.29,117.12,0.0161,
2002-09-04,920.98,313.29,118.01,0.016,
2002-09-05,882.92,313.29,118.34,0.0158,
2002-09-06,922.22,313.29,118.48,0.0163,
2002-09-09,932.23,313.29,118.85,0.0166,
2002-09-10,947.72,313.29,119.78,0.0165,
2002-09-11,946.4,313.29,120.64,0.0166,
2002-09-12,915.01,313.29,120.68,0.0166,
2002-09-13,923.83,313.29,121.5,0.0166,
2002-09-16,908.48,313.29,122.17,0.0168,
2002-09-17,897.53,313.29,122.64,0.0167,
2002-09-18,895.2,313.29,121.49,0.0165,
2002-09-19,865.93,313.29,121.48,0.016200000000000003,
2002-09-20,871.6,313.29,123.16,0.016200000000000003,
2002-09-23,843.08,313.29,123.93,0.016200000000000003,
2002-09-24,843.77,313.29,123.38,0.016200000000000003,
2002-09-25,880.44,313.29,122.72,0.0163,
2002-09-26,873.74,313.29,122.59,0.016200000000000003,
2002-09-27,860.35,313.29,122.86,0.016,
2002-09-30,832.52,319.14,121.74,0.0154,
2002-10-01,870.63,319.14,122.73,0.015600000000000001,
2002-10-02,849.56,319.14,123.21,0.0155,
2002-10-03,833.21,319.14,123.04,0.0154,
2002-10-04,815.4,319.14,123.02,0.0158,
2002-10-07,804.64,319.14,124.44,0.016,
2002-10-08,811.47,319.14,124.26,0.0158,
2002-10-09,807.42,319.14,123.55,0.0154,
2002-10-10,849.57,319.14,123.64,0.0155,
2002-10-11,890.61,319.14,124.04,0.0155,
2002-10-14,900.75,319.14,124.04,0.0155,
2002-10-15,950.42,319.14,124.66,0.0165,
2002-10-16,910.13,319.14,124.3,0.0163,
2002-10-17,945.06,319.14,124.8,0.016399999999999998,
2002-10-18,956.13,319.14,125.52,0.016399999999999998,
2002-10-21,979.35,319.14,124.71,0.0168,
2002-10-22,963.87,319.14,125.09,0.0166,
2002-10-23,989.32,319.14,124.17,0.0165,
2002-10-24,964.91,319.14,124.77,0.016200000000000003,
2002-10-25,995.55,319.14,124.14,0.0161,
2002-10-28,979.46,319.14,123.64,0.015600000000000001,
2002-10-29,960.82,319.14,122.55,0.0148,
2002-10-30,986.09,319.14,122.91,0.0148,
2002-10-31,989.54,316.56,122.78,0.014199999999999999,
2002-11-01,1019.06,316.56,122.16,0.0141,
2002-11-04,1046.99,316.56,122.46,0.0141,
2002-11-05,1050.39,316.56,121.84,0.013999999999999999,
2002-11-06,1065.86,316.56,122.22,0.0121,
2002-11-07,1025.79,316.56,121.26,0.012,
2002-11-08,1008.44,316.56,119.72,0.012,
2002-11-11,972.48,316.56,119.72,0.012,
2002-11-12,1001.94,316.56,119.57,0.012,
2002-11-13,1011.94,316.56,120.28,0.011899999999999999,
2002-11-14,1057.83,316.56,120.45,0.012,
2002-11-15,1061.28,316.56,120.37,0.012,
2002-11-18,1045.19,316.56,121.15,0.0121,
2002-11-19,1025.96,316.56,121.65,0.011899999999999999,
2002-11-20,1070.53,316.56,122.52,0.012,
2002-11-21,1118.14,316.56,122.92,0.012,
2002-11-22,1116.01,316.56,122.84,0.0121,
2002-11-25,1127.06,316.56,122.32,0.012199999999999999,
2002-11-26,1087.49,316.56,121.89,0.012,
2002-11-27,1125.67,316.56,122.21,0.0121,
2002-11-29,1116.1,316.56,122.72,0.012,
2002-12-02,1120.43,316.56,124.61,0.012199999999999999,
2002-12-03,1088.8,316.56,124.42,0.0121,
2002-12-04,1069.49,316.56,124.84,0.012,
2002-12-05,1053.06,316.56,124.99,0.012,
2002-12-06,1065.97,316.56,123.69,0.011899999999999999,
2002-12-09,1014.84,316.56,123.36,0.0121,
2002-12-10,1033.07,316.56,123.66,0.011899999999999999,
2002-12-11,1036.34,316.56,123.46,0.011899999999999999,
2002-12-12,1039.95,316.56,122.75,0.011899999999999999,
2002-12-13,1005.85,316.56,120.71,0.011899999999999999,
2002-12-16,1042.44,316.56,121.28,0.0121,
2002-12-17,1040.02,316.56,121.27,0.012,
2002-12-18,1013.72,316.56,121.12,0.011899999999999999,
2002-12-19,1006.05,316.56,120.86,0.011899999999999999,
2002-12-20,1013.61,316.56,120.52,0.011899999999999999,
2002-12-23,1032.3,316.56,120.77,0.011699999999999999,
2002-12-24,1023.32,316.56,120.27,0.011699999999999999,
2002-12-26,1016.46,316.56,120.12,0.0116,
2002-12-27,997.85,316.56,119.92,0.011399999999999999,
2002-12-30,989.89,316.56,118.38,0.012,
2002-12-31,984.3,332.0,118.75,0.012,
2003-01-02,1027.86,332.0,119.86,0.012,
2003-01-03,1031.63,332.0,119.85,0.012,
2003-01-06,1061.48,332.0,119.06,0.011899999999999999,
2003-01-07,1071.85,332.0,120.18,0.011699999999999999,
2003-01-08,1042.52,332.0,119.35,0.011699999999999999,
2003-01-09,1076.05,332.0,119.57,0.0118,
2003-01-10,1087.36,332.0,119.44,0.0118,
2003-01-13,1083.0,332.0,119.03,0.011899999999999999,
2003-01-14,1094.87,332.0,117.96,0.011699999999999999,
2003-01-15,1073.6,332.0,117.91,0.0118,
2003-01-16,1061.46,332.0,118.02,0.0116,
2003-01-17,1017.58,332.0,117.88,0.0116,
2003-01-21,1008.93,332.0,118.57,0.011699999999999999,
2003-01-22,1027.08,332.0,118.15,0.0115,
2003-01-23,1039.16,332.0,117.83,0.0115,
2003-01-24,992.85,332.0,117.8,0.011399999999999999,
2003-01-27,982.02,332.0,118.64,0.0115,
2003-01-28,1006.51,332.0,118.67,0.0116,
2003-01-29,1022.98,332.0,118.13,0.0116,
2003-01-30,985.16,332.0,119.22,0.0116,
2003-01-31,996.04,356.86,119.96,0.0116,
2003-02-03,997.56,356.86,120.47,0.0116,
2003-02-04,960.01,356.86,119.75,0.011399999999999999,
2003-02-05,967.59,356.86,119.78,0.0116,
2003-02-06,960.81,356.86,119.93,0.0115,
2003-02-07,951.67,356.86,120.4,0.0115,
2003-02-10,974.48,356.86,121.25,0.0115,
2003-02-11,962.44,356.86,121.19,0.0116,
2003-02-12,956.57,356.86,121.3,0.0116,
2003-02-13,938.52,356.86,120.49,0.0115,
2003-02-14,982.12,356.86,120.41,0.0116,
2003-02-18,1015.34,356.86,118.93,0.011699999999999999,
2003-02-19,994.25,356.86,118.65,0.0116,
2003-02-20,999.58,356.86,118.18,0.011699999999999999,
2003-02-21,1019.25,356.86,118.78,0.011699999999999999,
2003-02-24,994.23,356.86,117.78,0.011899999999999999,
2003-02-25,1001.72,356.86,117.14,0.0118,
2003-02-26,973.93,356.86,117.19,0.011899999999999999,
2003-02-27,1000.98,356.86,117.58,0.011899999999999999,
2003-02-28,1013.34,359.0,118.22,0.0118,
2003-03-03,988.4,359.0,117.93,0.0118,
2003-03-04,982.06,359.0,117.96,0.011699999999999999,
2003-03-05,995.19,359.0,117.32,0.0116,
2003-03-06,991.69,359.0,117.22,0.0116,
2003-03-07,992.11,359.0,116.47,0.011000000000000001,
2003-03-10,962.48,359.0,116.55,0.0106,
2003-03-11,956.94,359.0,117.07,0.0108,
2003-03-12,971.39,359.0,117.18,0.0108,
2003-03-13,1029.84,359.0,118.31,0.011000000000000001,
2003-03-14,1020.17,359.0,118.59,0.0111,
2003-03-17,1077.14,359.0,118.45,0.0113,
2003-03-18,1082.2,359.0,118.9,0.011200000000000002,
2003-03-19,1058.81,359.0,120.13,0.011399999999999999,
2003-03-20,1089.21,359.0,120.05,0.0115,
2003-03-21,1099.61,359.0,121.42,0.0116,
2003-03-24,1045.65,359.0,120.69,0.0115,
2003-03-25,1075.43,359.0,120.03,0.0116,
2003-03-26,1074.98,359.0,120.13,0.0116,
2003-03-27,1070.67,359.0,119.78,0.011399999999999999,
2003-03-28,1044.38,359.0,120.18,0.011200000000000002,
2003-03-31,1032.91,341.0,118.07,0.011200000000000002,
2003-04-01,1031.51,341.0,118.25,0.011000000000000001,
2003-04-02,1066.9,341.0,119.17,0.0111,
2003-04-03,1078.76,341.0,119.55,0.0109,
2003-04-04,1044.37,341.0,120.05,0.0109,
2003-04-07,1053.22,341.0,120.41,0.0115,
2003-04-08,1056.03,341.0,119.91,0.0113,
2003-04-09,1023.48,341.0,120.55,0.0111,
2003-04-10,1035.61,341.0,119.58,0.011200000000000002,
2003-04-11,1020.56,341.0,120.47,0.0115,
2003-04-14,1050.51,341.0,120.3,0.0118,
2003-04-15,1058.54,341.0,120.2,0.0116,
2003-04-16,1051.52,341.0,120.04,0.0115,
2003-04-17,1084.81,341.0,119.3,0.0116,
2003-04-21,1070.86,341.0,120.55,0.0116,
2003-04-22,1103.81,341.0,119.68,0.0116,
2003-04-23,1115.67,341.0,120.33,0.0115,
2003-04-24,1115.36,341.0,119.83,0.0113,
2003-04-25,1081.34,341.0,120.25,0.011200000000000002,
2003-04-28,1110.5,341.0,120.34,0.011200000000000002,
2003-04-29,1103.79,341.0,120.14,0.0113,
2003-04-30,1116.85,328.0,119.07,0.0111,
2003-05-01,1119.67,328.0,118.56,0.0108,
2003-05-02,1137.45,328.0,119.1,0.011000000000000001,
2003-05-05,1152.96,328.0,118.64,0.0111,
2003-05-06,1161.0,328.0,117.94,0.0108,
2003-05-07,1131.37,328.0,116.51,0.0109,
2003-05-08,1132.28,328.0,116.65,0.010700000000000001,
2003-05-09,1143.97,328.0,117.2,0.0109,
2003-05-12,1163.75,328.0,116.94,0.0108,
2003-05-13,1165.53,328.0,116.56,0.010700000000000001,
2003-05-14,1140.77,328.0,116.16,0.0104,
2003-05-15,1149.04,328.0,115.94,0.0104,
2003-05-16,1146.29,328.0,116.01,0.0103,
2003-05-19,1112.27,328.0,116.58,0.0103,
2003-05-20,1103.2,328.0,116.77,0.0102,
2003-05-21,1104.11,328.0,117.23,0.0104,
2003-05-22,1137.68,328.0,117.25,0.0106,
2003-05-23,1135.49,328.0,116.89,0.0106,
2003-05-27,1174.16,328.0,117.12,0.010700000000000001,
2003-05-28,1181.93,328.0,118.73,0.011000000000000001,
2003-05-29,1198.43,328.0,118.45,0.0108,
2003-05-30,1201.25,328.0,119.5,0.0109,
2003-06-02,1180.32,328.0,118.52,0.011200000000000002,
2003-06-03,1198.95,328.0,119.27,0.0106,
2003-06-04,1228.52,328.0,118.6,0.0103,
2003-06-05,1231.79,328.0,117.61,0.0102,
2003-06-06,1210.33,328.0,118.83,0.0103,
2003-06-09,1188.04,328.0,118.11,0.0101,
2003-06-10,1212.99,328.0,117.68,0.0095,
2003-06-11,1230.5,328.0,117.69,0.0092,
2003-06-12,1218.02,328.0,117.66,0.009000000000000001,
2003-06-13,1201.12,328.0,117.46,0.0084,
2003-06-16,1242.5,328.0,117.79,0.0085,
2003-06-17,1229.73,328.0,118.2,0.0088,
2003-06-18,1255.39,328.0,118.4,0.0087,
2003-06-19,1222.87,328.0,118.74,0.008,
2003-06-20,1217.19,328.0,118.39,0.008100000000000001,
2003-06-23,1189.78,328.0,117.55,0.0083,
2003-06-24,1188.2,328.0,117.96,0.008100000000000001,
2003-06-25,1186.53,328.0,117.54,0.009000000000000001,
2003-06-26,1217.21,328.0,119.32,0.0089,
2003-06-27,1199.6,328.0,119.72,0.0085,
2003-06-30,1199.83,356.0,119.87,0.0089,
2003-07-01,1219.23,356.0,119.45,0.0087,
2003-07-02,1245.78,356.0,118.63,0.0085,
2003-07-03,1228.4,356.0,118.24,0.0085,
2003-07-07,1282.31,356.0,118.08,0.009000000000000001,
2003-07-08,1298.93,356.0,118.58,0.009000000000000001,
2003-07-09,1285.42,356.0,117.85,0.0088,
2003-07-10,1260.76,356.0,117.69,0.0087,
2003-07-11,1271.76,356.0,117.8,0.0087,
2003-07-14,1290.48,356.0,117.54,0.0089,
2003-07-15,1285.56,356.0,117.24,0.009000000000000001,
2003-07-16,1277.46,356.0,118.24,0.0089,
2003-07-17,1249.59,356.0,118.87,0.0088,
2003-07-18,1267.69,356.0,118.4,0.0089,
2003-07-21,1232.16,356.0,118.35,0.0091,
2003-07-22,1265.4,356.0,119.34,0.0091,
2003-07-23,1270.44,356.0,118.77,0.0091,
2003-07-24,1252.12,356.0,119.25,0.0091,
2003-07-25,1278.31,356.0,118.82,0.0091,
2003-07-28,1285.86,356.0,119.42,0.0095,
2003-07-29,1257.13,356.0,119.78,0.0097,
2003-07-30,1261.68,356.0,120.55,0.0096,
2003-07-31,1298.81,351.0,120.42,0.009399999999999999,
2003-08-01,1260.09,351.0,120.0,0.009300000000000001,
2003-08-04,1277.07,351.0,120.47,0.0095,
2003-08-05,1226.82,351.0,119.95,0.009399999999999999,
2003-08-06,1237.14,351.0,120.33,0.009300000000000001,
2003-08-07,1225.29,351.0,118.91,0.009300000000000001,
2003-08-08,1204.29,351.0,119.02,0.009399999999999999,
2003-08-11,1230.26,351.0,118.36,0.009399999999999999,
2003-08-12,1241.62,351.0,118.53,0.009300000000000001,
2003-08-13,1233.8,351.0,119.07,0.009399999999999999,
2003-08-14,1254.0,351.0,119.14,0.009399999999999999,
2003-08-15,1257.46,351.0,119.24,0.009300000000000001,
2003-08-18,1284.88,351.0,119.43,0.009399999999999999,
2003-08-19,1301.31,351.0,119.26,0.009399999999999999,
2003-08-20,1307.45,351.0,118.23,0.009399999999999999,
2003-08-21,1299.02,351.0,117.58,0.0095,
2003-08-22,1304.51,351.0,117.58,0.0096,
2003-08-25,1295.82,351.0,117.43,0.01,
2003-08-26,1309.83,351.0,117.49,0.009899999999999999,
2003-08-27,1320.02,351.0,117.74,0.0098,
2003-08-28,1332.47,351.0,117.44,0.0097,
2003-08-29,1344.74,351.0,116.71,0.0096,
2003-09-02,1361.09,351.0,116.15,0.0096,
2003-09-03,1354.72,351.0,116.04,0.0095,
2003-09-04,1376.06,351.0,116.77,0.0095,
2003-09-05,1355.02,351.0,117.06,0.009399999999999999,
2003-09-08,1387.45,351.0,116.48,0.0095,
2003-09-09,1364.94,351.0,116.33,0.009399999999999999,
2003-09-10,1332.28,351.0,117.13,0.009399999999999999,
2003-09-11,1358.02,351.0,117.07,0.009399999999999999,
2003-09-12,1357.63,351.0,117.38,0.009399999999999999,
2003-09-15,1345.94,351.0,117.41,0.009399999999999999,
2003-09-16,1383.48,351.0,116.27,0.0091,
2003-09-17,1369.76,351.0,115.99,0.009300000000000001,
2003-09-18,1401.64,351.0,115.27,0.009399999999999999,
2003-09-19,1383.24,351.0,113.99,0.009300000000000001,
2003-09-22,1358.6,351.0,111.95,0.009399999999999999,
2003-09-23,1388.67,351.0,111.65,0.0092,
2003-09-24,1339.61,351.0,111.7,0.009300000000000001,
2003-09-25,1325.69,351.0,111.86,0.0092,
2003-09-26,1309.2,351.0,111.8,0.0092,
2003-09-29,1335.56,351.0,111.07,0.0095,
2003-09-30,1302.26,378.95,111.43,0.009300000000000001,
2003-10-01,1336.13,378.95,110.61,0.009300000000000001,
2003-10-02,1325.93,378.95,110.59,0.0092,
2003-10-03,1385.79,378.95,110.9,0.0092,
2003-10-06,1384.11,378.95,110.81,0.0092,
2003-10-07,1392.65,378.95,109.81,0.009000000000000001,
2003-10-08,1376.4,378.95,109.55,0.0089,
2003-10-09,1386.63,378.95,109.34,0.0089,
2003-10-10,1393.97,378.95,108.57,0.009000000000000001,
2003-10-13,1405.05,378.95,108.57,0.009000000000000001,
2003-10-14,1421.0,378.95,109.29,0.0091,
2003-10-15,1409.77,378.95,109.56,0.0091,
2003-10-16,1427.61,378.95,109.36,0.0091,
2003-10-17,1392.08,378.95,109.57,0.0091,
2003-10-20,1409.31,378.95,110.22,0.009300000000000001,
2003-10-21,1429.2,378.95,109.69,0.0091,
2003-10-22,1385.15,378.95,108.95,0.009399999999999999,
2003-10-23,1387.01,378.95,109.59,0.009399999999999999,
2003-10-24,1370.67,378.95,109.23,0.009300000000000001,
2003-10-27,1369.38,378.95,108.38,0.0096,
2003-10-28,1420.02,378.95,108.33,0.009399999999999999,
2003-10-29,1423.69,378.95,108.18,0.009399999999999999,
2003-10-30,1413.57,378.95,108.27,0.009399999999999999,
2003-10-31,1411.76,379.0,110.1,0.009399999999999999,
2003-11-03,1445.72,379.0,111.2,0.009399999999999999,
2003-11-04,1425.26,379.0,109.6,0.009300000000000001,
2003-11-05,1437.85,379.0,109.91,0.009399999999999999,
2003-11-06,1443.06,379.0,110.15,0.009399999999999999,
2003-11-07,1436.13,379.0,109.29,0.009399999999999999,
2003-11-10,1412.14,379.0,107.98,0.0095,
2003-11-11,1401.45,379.0,107.98,0.0095,
2003-11-12,1443.52,379.0,108.55,0.009300000000000001,
2003-11-13,1442.27,379.0,108.33,0.0092,
2003-11-14,1407.4,379.0,108.43,0.009300000000000001,
2003-11-17,1377.9,379.0,108.98,0.009399999999999999,
2003-11-18,1364.7,379.0,108.11,0.009399999999999999,
2003-11-19,1382.94,379.0,109.06,0.009300000000000001,
2003-11-20,1394.38,379.0,108.99,0.009300000000000001,
2003-11-21,1375.94,379.0,108.87,0.0092,
2003-11-24,1419.31,379.0,109.39,0.009399999999999999,
2003-11-25,1411.36,379.0,109.72,0.009300000000000001,
2003-11-26,1400.0,379.0,109.11,0.0092,
2003-11-28,1426.76,379.0,109.53,0.0091,
2003-12-01,1447.08,379.0,109.61,0.009300000000000001,
2003-12-02,1431.32,379.0,108.82,0.0092,
2003-12-03,1419.77,379.0,108.17,0.0092,
2003-12-04,1434.28,379.0,108.19,0.0091,
2003-12-05,1405.55,379.0,107.78,0.009000000000000001,
2003-12-08,1419.11,379.0,107.23,0.0091,
2003-12-09,1383.0,379.0,107.3,0.0091,
2003-12-10,1372.87,379.0,108.4,0.0091,
2003-12-11,1422.49,379.0,108.23,0.0088,
2003-12-12,1404.4,379.0,107.73,0.0089,
2003-12-15,1396.82,379.0,107.52,0.0089,
2003-12-16,1407.38,379.0,107.6,0.0089,
2003-12-17,1390.83,379.0,107.42,0.0088,
2003-12-18,1432.64,379.0,107.92,0.0087,
2003-12-19,1416.21,379.0,107.94,0.0086,
2003-12-22,1419.82,379.0,107.4,0.0089,
2003-12-23,1448.19,379.0,107.44,0.0088,
2003-12-24,1447.57,379.0,107.29,0.0088,
2003-12-26,1442.29,379.0,107.18,0.0085,
2003-12-29,1470.37,379.0,106.93,0.0089,
2003-12-30,1470.38,379.0,107.0,0.0092,
2003-12-31,1459.06,406.953,107.13,0.009300000000000001,
2004-01-02,1458.51,406.953,106.95,0.0091,
2004-01-05,1496.58,406.953,106.1,0.009000000000000001,
2004-01-06,1504.47,406.953,106.2,0.009000000000000001,
2004-01-07,1514.45,406.953,106.19,0.0089,
2004-01-08,1530.65,406.953,106.17,0.0086,
2004-01-09,1541.84,406.953,106.54,0.0085,
2004-01-12,1540.1,406.953,106.48,0.0088,
2004-01-13,1513.21,406.953,106.25,0.0087,
2004-01-14,1536.84,406.953,106.06,0.0086,
2004-01-15,1545.65,406.953,106.1,0.0086,
2004-01-16,1553.64,406.953,106.87,0.0087,
2004-01-20,1541.34,406.953,107.17,0.0088,
2004-01-21,1554.89,406.953,106.84,0.0087,
2004-01-22,1530.42,406.953,106.08,0.0086,
2004-01-23,1519.74,406.953,106.21,0.0088,
2004-01-26,1553.66,406.953,106.15,0.0089,
2004-01-27,1519.2,406.953,105.56,0.0089,
2004-01-28,1488.61,406.953,105.52,0.0092,
2004-01-29,1474.13,406.953,106.09,0.0092,
2004-01-30,1487.78,406.953,105.84,0.009000000000000001,
2004-02-02,1481.57,406.953,105.59,0.009300000000000001,
2004-02-03,1497.07,406.953,105.36,0.0092,
2004-02-04,1461.01,406.953,105.53,0.0092,
2004-02-05,1475.41,406.953,105.52,0.0092,
2004-02-06,1498.95,406.953,105.57,0.0091,
2004-02-09,1490.7,406.953,105.68,0.009300000000000001,
2004-02-10,1503.83,406.953,105.55,0.009300000000000001,
2004-02-11,1514.49,406.953,105.37,0.0091,
2004-02-12,1499.43,406.953,105.42,0.0091,
2004-02-13,1478.54,406.953,105.6,0.009000000000000001,
2004-02-17,1512.17,406.953,105.8,0.009300000000000001,
2004-02-18,1515.44,406.953,106.37,0.0092,
2004-02-19,1484.8,406.953,107.09,0.0092,
2004-02-20,1493.45,406.953,108.83,0.0092,
2004-02-23,1454.36,406.953,108.22,0.0095,
2004-02-24,1474.04,406.953,108.11,0.0095,
2004-02-25,1461.26,406.953,108.99,0.009399999999999999,
2004-02-26,1480.88,406.953,109.59,0.009399999999999999,
2004-02-27,1459.91,406.953,109.26,0.009399999999999999,
2004-03-01,1490.18,406.953,108.93,0.0095,
2004-03-02,1473.22,406.953,110.27,0.0095,
2004-03-03,1473.28,406.953,110.25,0.0095,
2004-03-04,1481.36,406.953,110.74,0.009399999999999999,
2004-03-05,1494.29,406.953,111.42,0.009300000000000001,
2004-03-08,1441.0,406.953,112.12,0.0095,
2004-03-09,1429.36,406.953,111.2,0.009399999999999999,
2004-03-10,1417.18,406.953,111.04,0.009399999999999999,
2004-03-11,1402.2,406.953,110.89,0.0095,
2004-03-12,1431.4,406.953,110.82,0.009399999999999999,
2004-03-15,1399.87,406.953,110.48,0.0095,
2004-03-16,1394.11,406.953,108.95,0.009399999999999999,
2004-03-17,1432.23,406.953,108.18,0.0092,
2004-03-18,1407.09,406.953,106.6,0.0092,
2004-03-19,1398.58,406.953,106.97,0.0092,
2004-03-22,1369.36,406.953,106.84,0.009399999999999999,
2004-03-23,1368.67,406.953,106.63,0.009300000000000001,
2004-03-24,1391.87,406.953,106.23,0.0092,
2004-03-25,1425.86,406.953,106.06,0.0092,
2004-03-26,1415.39,406.953,105.93,0.009300000000000001,
2004-03-29,1445.82,406.953,105.52,0.0095,
2004-03-30,1445.3,406.953,105.61,0.009399999999999999,
2004-03-31,1447.95,406.67,104.18,0.009300000000000001,
2004-04-01,1457.59,406.67,103.7,0.0092,
2004-04-02,1490.3,406.67,104.55,0.009300000000000001,
2004-04-05,1508.37,406.67,105.36,0.009300000000000001,
2004-04-06,1485.7,406.67,105.9,0.0092,
2004-04-07,1492.19,406.67,105.2,0.009300000000000001,
2004-04-08,1478.44,406.67,106.1,0.0092,
2004-04-12,1497.5,406.67,105.5,0.009300000000000001,
2004-04-13,1469.88,406.67,106.96,0.009300000000000001,
2004-04-14,1485.28,406.67,108.53,0.009399999999999999,
2004-04-15,1449.4,406.67,108.58,0.009300000000000001,
2004-04-16,1460.39,406.67,107.69,0.0092,
2004-04-19,1473.53,406.67,108.5,0.0095,
2004-04-20,1436.89,406.67,108.43,0.0096,
2004-04-21,1452.92,406.67,109.55,0.0098,
2004-04-22,1488.74,406.67,109.85,0.0095,
2004-04-23,1484.36,406.67,109.38,0.0096,
2004-04-26,1474.79,406.67,108.55,0.0098,
2004-04-27,1476.42,406.67,109.48,0.0097,
2004-04-28,1449.23,406.67,109.85,0.0096,
2004-04-29,1420.66,406.67,109.96,0.0095,
2004-04-30,1401.36,403.0,110.37,0.0096,
2004-05-03,1404.06,403.0,110.34,0.009899999999999999,
2004-05-04,1438.49,403.0,110.02,0.009899999999999999,
2004-05-05,1435.46,403.0,108.5,0.0097,
2004-05-06,1403.36,403.0,109.58,0.0098,
2004-05-07,1406.19,403.0,112.3,0.0105,
2004-05-10,1403.59,403.0,114.03,0.010700000000000001,
2004-05-11,1422.51,403.0,113.67,0.0104,
2004-05-12,1417.03,403.0,113.21,0.0102,
2004-05-13,1425.69,403.0,114.25,0.0098,
2004-05-14,1394.37,403.0,114.3,0.0097,
2004-05-17,1391.77,403.0,114.1,0.0105,
2004-05-18,1404.27,403.0,114.06,0.0104,
2004-05-19,1396.34,403.0,112.77,0.0102,
2004-05-20,1390.41,403.0,113.18,0.0101,
2004-05-21,1397.7,403.0,112.09,0.0101,
2004-05-24,1408.44,403.0,112.66,0.0106,
2004-05-25,1450.06,403.0,112.21,0.0106,
2004-05-26,1455.0,403.0,111.7,0.0106,
2004-05-27,1450.67,403.0,110.77,0.0104,
2004-05-28,1469.23,403.0,110.18,0.0106,
2004-06-01,1469.27,403.0,110.45,0.0115,
2004-06-02,1474.1,403.0,110.28,0.0115,
2004-06-03,1445.21,403.0,111.14,0.0115,
2004-06-04,1455.04,403.0,111.27,0.0118,
2004-06-07,1491.45,403.0,109.61,0.0123,
2004-06-08,1496.0,403.0,109.77,0.0125,
2004-06-09,1469.04,403.0,109.74,0.0125,
2004-06-10,1481.27,403.0,109.33,0.0127,
2004-06-14,1451.78,403.0,111.15,0.013999999999999999,
2004-06-15,1487.83,403.0,109.59,0.0132,
2004-06-16,1483.6,403.0,110.15,0.0128,
2004-06-17,1458.68,403.0,109.63,0.0125,
2004-06-18,1481.36,403.0,108.65,0.0126,
2004-06-21,1450.79,403.0,108.57,0.0132,
2004-06-22,1475.12,403.0,109.0,0.013000000000000001,
2004-06-23,1495.05,403.0,108.64,0.0127,
2004-06-24,1485.88,403.0,107.1,0.0126,
2004-06-25,1503.91,403.0,107.82,0.0128,
2004-06-28,1485.25,403.0,107.95,0.013600000000000001,
2004-06-29,1507.05,403.0,108.18,0.013600000000000001,
2004-06-30,1523.48,392.37,109.43,0.0131,
2004-07-01,1477.62,392.37,108.24,0.012,
2004-07-02,1473.73,392.37,108.6,0.0127,
2004-07-06,1441.78,392.37,109.24,0.0132,
2004-07-07,1459.07,392.37,108.38,0.0128,
2004-07-08,1430.81,392.37,108.76,0.0125,
2004-07-09,1434.0,392.37,108.21,0.0125,
2004-07-12,1435.3,392.37,108.24,0.0132,
2004-07-13,1426.11,392.37,109.37,0.0132,
2004-07-14,1411.52,392.37,109.13,0.0132,
2004-07-15,1427.72,392.37,109.52,0.0132,
2004-07-16,1392.17,392.37,108.77,0.0132,
2004-07-19,1406.15,392.37,108.28,0.013300000000000001,
2004-07-20,1421.07,392.37,108.38,0.0134,
2004-07-21,1386.57,392.37,110.1,0.013300000000000001,
2004-07-22,1411.43,392.37,109.68,0.0134,
2004-07-23,1370.7,392.37,110.11,0.013500000000000002,
2004-07-26,1359.2,392.37,110.08,0.0143,
2004-07-27,1395.95,392.37,111.09,0.0144,
2004-07-28,1392.48,392.37,111.78,0.0143,
2004-07-29,1388.06,392.37,111.88,0.014199999999999999,
2004-07-30,1412.0,392.37,111.39,0.014199999999999999,
2004-08-02,1408.31,392.37,111.08,0.0148,
2004-08-03,1379.02,392.37,110.6,0.0146,
2004-08-04,1386.28,392.37,111.29,0.0146,
2004-08-05,1352.27,392.37,111.53,0.014499999999999999,
2004-08-06,1314.97,392.37,110.05,0.0141,
2004-08-09,1314.57,392.37,110.57,0.0149,
2004-08-10,1346.71,392.37,110.79,0.0148,
2004-08-11,1328.83,392.37,110.78,0.014199999999999999,
2004-08-12,1302.74,392.37,111.14,0.0141,
2004-08-13,1301.93,392.37,110.67,0.0141,
2004-08-16,1334.78,392.37,110.64,0.0147,
2004-08-17,1331.85,392.37,110.07,0.0146,
2004-08-18,1363.74,392.37,109.71,0.0146,
2004-08-19,1344.98,392.37,109.34,0.014499999999999999,
2004-08-20,1373.01,392.37,109.32,0.0146,
2004-08-23,1377.67,392.37,109.47,0.0152,
2004-08-24,1360.82,392.37,109.63,0.0152,
2004-08-25,1391.22,392.37,110.38,0.0152,
2004-08-26,1379.69,392.37,109.73,0.0152,
2004-08-27,1393.23,392.37,109.51,0.015300000000000001,
2004-08-30,1367.73,392.37,109.84,0.0159,
2004-08-31,1354.1,401.0,109.0,0.015700000000000002,
2004-09-01,1360.58,401.0,109.62,0.0155,
2004-09-02,1402.07,401.0,109.52,0.015700000000000002,
2004-09-03,1370.01,401.0,110.47,0.016200000000000003,
2004-09-07,1372.53,401.0,109.32,0.016399999999999998,
2004-09-08,1374.79,401.0,109.22,0.016200000000000003,
2004-09-09,1396.55,401.0,109.69,0.0161,
2004-09-10,1414.55,401.0,109.33,0.0163,
2004-09-13,1435.95,401.0,110.13,0.016399999999999998,
2004-09-14,1435.91,401.0,109.4,0.0163,
2004-09-15,1412.54,401.0,110.34,0.016399999999999998,
2004-09-16,1413.22,401.0,109.75,0.016399999999999998,
2004-09-17,1427.59,401.0,109.97,0.0168,
2004-09-20,1437.3,401.0,109.87,0.017,
2004-09-21,1440.81,401.0,109.94,0.0169,
2004-09-22,1403.16,401.0,110.53,0.0168,
2004-09-23,1413.68,401.0,110.39,0.0169,
2004-09-24,1397.5,401.0,110.72,0.017,
2004-09-27,1383.24,401.0,111.13,0.0172,
2004-09-28,1394.43,401.0,111.48,0.0169,
2004-09-29,1411.82,401.0,110.9,0.0169,
2004-09-30,1403.89,405.0,110.2,0.0168,
2004-10-01,1452.94,405.0,110.45,0.0167,
2004-10-04,1458.08,405.0,111.13,0.0169,
2004-10-05,1467.23,405.0,111.21,0.0168,
2004-10-06,1474.36,405.0,111.34,0.0168,
2004-10-07,1454.89,405.0,111.15,0.0167,
2004-10-08,1428.11,405.0,109.44,0.0167,
2004-10-11,1441.1,405.0,109.44,0.0167,
2004-10-12,1439.07,405.0,109.79,0.0169,
2004-10-13,1425.41,405.0,109.78,0.0169,
2004-10-14,1421.59,405.0,109.6,0.0171,
2004-10-15,1441.82,405.0,109.14,0.0172,
2004-10-18,1457.31,405.0,109.23,0.0178,
2004-10-19,1443.4,405.0,108.36,0.0179,
2004-10-20,1456.19,405.0,108.16,0.0179,
2004-10-21,1478.46,405.0,107.43,0.0181,
2004-10-22,1438.13,405.0,107.42,0.0181,
2004-10-25,1439.48,405.0,106.61,0.0187,
2004-10-26,1442.14,405.0,106.63,0.018799999999999997,
2004-10-27,1483.13,405.0,106.67,0.018799999999999997,
2004-10-28,1491.86,405.0,106.09,0.0187,
2004-10-29,1475.56,405.0,106.04,0.0187,
2004-11-01,1494.88,405.0,106.41,0.0196,
2004-11-02,1509.56,405.0,106.29,0.0194,
2004-11-03,1494.85,405.0,106.2,0.0192,
2004-11-04,1519.21,405.0,106.02,0.0194,
2004-11-05,1512.74,405.0,105.6,0.0199,
2004-11-08,1522.12,405.0,105.57,0.0204,
2004-11-09,1534.37,405.0,105.57,0.0204,
2004-11-10,1514.32,405.0,106.91,0.0204,
2004-11-11,1542.39,405.0,106.91,0.0204,
2004-11-12,1558.41,405.0,105.53,0.0204,
2004-11-15,1562.04,405.0,105.53,0.0209,
2004-11-16,1541.84,405.0,105.35,0.021,
2004-11-17,1580.26,405.0,104.18,0.0209,
2004-11-18,1581.79,405.0,104.23,0.0209,
2004-11-19,1551.77,405.0,102.8,0.021,
2004-11-22,1568.86,405.0,103.2,0.0216,
2004-11-23,1552.85,405.0,103.42,0.0215,
2004-11-24,1583.07,405.0,102.94,0.021400000000000002,
2004-11-26,1578.26,405.0,102.58,0.0216,
2004-11-29,1567.27,405.0,102.61,0.022000000000000002,
2004-11-30,1571.11,439.375,103.04,0.0219,
2004-12-01,1607.16,439.375,102.78,0.0218,
2004-12-02,1623.6,439.375,103.11,0.0218,
2004-12-03,1612.72,439.375,102.56,0.0217,
2004-12-06,1625.61,439.375,102.68,0.0222,
2004-12-07,1589.05,439.375,102.74,0.022099999999999998,
2004-12-08,1607.49,439.375,104.74,0.022000000000000002,
2004-12-09,1615.6,439.375,104.93,0.022000000000000002,
2004-12-10,1611.23,439.375,105.45,0.022099999999999998,
2004-12-13,1608.4,439.375,104.67,0.022099999999999998,
2004-12-14,1632.17,439.375,105.59,0.0218,
2004-12-15,1615.45,439.375,104.02,0.0217,
2004-12-16,1601.62,439.375,104.36,0.0216,
2004-12-17,1596.48,439.375,104.28,0.0216,
2004-12-20,1587.21,439.375,104.01,0.0219,
2004-12-21,1611.34,439.375,104.33,0.0217,
2004-12-22,1619.56,439.375,103.95,0.0215,
2004-12-23,1619.18,439.375,103.71,0.0215,
2004-12-27,1600.25,439.375,102.97,0.022400000000000003,
2004-12-28,1624.19,439.375,103.13,0.0222,
2004-12-29,1629.9,439.375,104.19,0.0219,
2004-12-30,1621.58,439.375,103.11,0.0218,
2004-12-31,1620.31,442.0,102.68,0.0218,
2005-01-03,1598.79,442.0,102.83,0.0229,
2005-01-04,1565.02,442.0,104.27,0.023,
2005-01-05,1562.64,442.0,103.95,0.0229,
2005-01-06,1556.84,442.0,104.87,0.0227,
2005-01-07,1577.76,442.0,104.93,0.022799999999999997,
2005-01-10,1558.54,442.0,104.32,0.0233,
2005-01-11,1545.28,442.0,103.42,0.0231,
2005-01-12,1566.69,442.0,102.26,0.023,
2005-01-13,1543.48,442.0,102.55,0.0231,
2005-01-14,1563.79,442.0,102.5,0.0232,
2005-01-18,1574.39,442.0,102.36,0.0236,
2005-01-19,1545.63,442.0,102.52,0.0233,
2005-01-20,1514.56,442.0,103.31,0.0231,
2005-01-21,1502.48,442.0,102.85,0.0231,
2005-01-24,1480.66,442.0,102.67,0.023399999999999997,
2005-01-25,1488.6,442.0,104.16,0.0236,
2005-01-26,1513.44,442.0,102.9,0.023700000000000002,
2005-01-27,1497.36,442.0,103.15,0.024,
2005-01-28,1486.76,442.0,103.45,0.0241,
2005-01-31,1513.06,424.0,103.55,0.0248,
2005-02-01,1527.91,424.0,103.93,0.024700000000000003,
2005-02-02,1515.45,424.0,104.05,0.024700000000000003,
2005-02-03,1501.96,424.0,104.55,0.024399999999999998,
2005-02-04,1534.97,424.0,103.7,0.024300000000000002,
2005-02-07,1522.72,424.0,104.68,0.0248,
2005-02-08,1542.41,424.0,105.65,0.0248,
2005-02-09,1504.6,424.0,105.84,0.024700000000000003,
2005-02-10,1514.22,424.0,105.69,0.024700000000000003,
2005-02-11,1535.54,424.0,105.75,0.025,
2005-02-14,1540.01,424.0,104.94,0.0255,
2005-02-15,1561.17,424.0,104.47,0.0255,
2005-02-16,1535.37,424.0,105.62,0.0253,
2005-02-17,1519.22,424.0,105.4,0.0253,
2005-02-18,1512.73,424.0,105.69,0.0256,
2005-02-22,1493.58,424.0,104.15,0.0263,
2005-02-23,1489.99,424.0,104.96,0.0263,
2005-02-24,1517.88,424.0,105.41,0.0264,
2005-02-25,1528.0,424.0,105.21,0.0269,
2005-02-28,1498.17,423.0,104.25,0.027200000000000002,
2005-03-01,1529.37,423.0,104.37,0.027000000000000003,
2005-03-02,1541.14,423.0,104.71,0.0268,
2005-03-03,1502.32,423.0,105.02,0.027000000000000003,
2005-03-04,1530.59,423.0,104.46,0.027000000000000003,
2005-03-07,1552.53,423.0,105.22,0.0271,
2005-03-08,1527.5,423.0,104.51,0.027000000000000003,
2005-03-09,1520.45,423.0,103.87,0.027000000000000003,
2005-03-10,1504.54,423.0,104.15,0.0269,
2005-03-11,1501.99,423.0,103.93,0.027000000000000003,
2005-03-14,1502.6,423.0,105.01,0.0275,
2005-03-15,1500.88,423.0,104.54,0.0275,
2005-03-16,1482.62,423.0,104.1,0.0274,
2005-03-17,1496.8,423.0,104.57,0.0273,
2005-03-18,1475.26,423.0,104.7,0.0275,
2005-03-21,1490.57,423.0,105.1,0.027999999999999997,
2005-03-22,1464.99,423.0,104.99,0.028300000000000002,
2005-03-23,1480.13,423.0,105.76,0.0277,
2005-03-24,1469.94,423.0,106.26,0.0278,
2005-03-28,1472.71,423.0,107.22,0.0279,
2005-03-29,1458.26,423.0,107.49,0.0278,
2005-03-30,1491.74,423.0,107.33,0.0277,
2005-03-31,1478.66,434.0,107.22,0.0273,
2005-04-01,1466.49,434.0,107.57,0.0274,
2005-04-04,1482.06,434.0,108.28,0.0275,
2005-04-05,1477.55,434.0,108.43,0.0274,
2005-04-06,1477.97,434.0,108.67,0.0271,
2005-04-07,1499.71,434.0,108.44,0.0271,
2005-04-08,1485.43,434.0,108.26,0.0273,
2005-04-11,1477.13,434.0,107.79,0.0271,
2005-04-12,1490.1,434.0,108.26,0.0271,
2005-04-13,1459.97,434.0,107.32,0.027200000000000002,
2005-04-14,1440.35,434.0,108.18,0.027200000000000002,
2005-04-15,1407.82,434.0,107.65,0.0273,
2005-04-18,1418.76,434.0,107.39,0.0285,
2005-04-19,1424.03,434.0,107.02,0.0285,
2005-04-20,1404.86,434.0,106.82,0.0281,
2005-04-21,1448.37,434.0,106.85,0.0282,
2005-04-22,1412.63,434.0,105.85,0.0287,
2005-04-25,1426.73,434.0,105.67,0.0288,
2005-04-26,1420.43,434.0,106.03,0.0286,
2005-04-27,1429.11,434.0,105.98,0.028300000000000002,
2005-04-28,1408.84,434.0,105.97,0.0282,
2005-04-29,1422.42,434.0,104.64,0.028399999999999998,
2005-05-02,1415.6,434.0,105.07,0.0288,
2005-05-03,1436.6,434.0,105.16,0.0285,
2005-05-04,1453.2,434.0,104.77,0.0281,
2005-05-05,1441.94,434.0,104.41,0.0275,
2005-05-06,1449.7,434.0,104.93,0.027999999999999997,
2005-05-09,1463.38,434.0,105.54,0.0286,
2005-05-10,1450.36,434.0,105.53,0.028399999999999998,
2005-05-11,1459.55,434.0,105.74,0.0281,
2005-05-12,1454.79,434.0,106.68,0.0282,
2005-05-13,1470.63,434.0,107.14,0.0276,
2005-05-16,1480.68,434.0,107.02,0.028399999999999998,
2005-05-17,1490.14,434.0,107.15,0.0282,
2005-05-18,1509.26,434.0,107.05,0.027999999999999997,
2005-05-19,1521.43,434.0,107.43,0.0281,
2005-05-20,1528.6,434.0,108.17,0.028300000000000002,
2005-05-23,1535.22,434.0,107.72,0.0291,
2005-05-24,1540.47,434.0,107.46,0.0288,
2005-05-25,1532.71,434.0,107.73,0.028900000000000002,
2005-05-26,1548.8,434.0,107.95,0.0288,
2005-05-27,1549.8,434.0,107.88,0.028999999999999998,
2005-05-31,1542.63,421.87,107.97,0.029300000000000003,
2005-06-01,1559.5,421.87,108.42,0.0291,
2005-06-02,1568.96,421.87,108.31,0.0291,
2005-06-03,1544.48,421.87,107.84,0.0294,
2005-06-06,1545.27,421.87,106.86,0.0296,
2005-06-07,1531.12,421.87,106.64,0.0296,
2005-06-08,1527.68,421.87,106.89,0.0296,
2005-06-09,1539.46,421.87,107.52,0.029300000000000003,
2005-06-10,1521.2,421.87,108.45,0.0294,
2005-06-13,1529.13,421.87,109.58,0.0297,
2005-06-14,1524.42,421.87,109.38,0.029500000000000002,
2005-06-15,1529.49,421.87,109.34,0.0294,
2005-06-16,1537.42,421.87,109.08,0.0291,
2005-06-17,1538.13,421.87,108.83,0.0292,
2005-06-20,1537.31,421.87,109.42,0.0296,
2005-06-21,1536.48,421.87,108.52,0.0296,
2005-06-22,1534.36,421.87,108.89,0.0297,
2005-06-23,1515.95,421.87,108.79,0.03,
2005-06-24,1500.18,421.87,109.22,0.0302,
2005-06-27,1493.75,421.87,109.39,0.030899999999999997,
2005-06-28,1508.61,421.87,109.89,0.0308,
2005-06-29,1504.11,421.87,110.27,0.030600000000000002,
2005-06-30,1493.52,431.0,110.91,0.030600000000000002,
2005-07-01,1490.53,431.0,111.68,0.031,
2005-07-05,1506.35,431.0,111.61,0.0315,
2005-07-06,1498.5,431.0,112.07,0.031200000000000002,
2005-07-07,1503.78,431.0,112.08,0.0308,
2005-07-08,1533.27,431.0,112.17,0.031,
2005-07-11,1547.66,431.0,111.76,0.0313,
2005-07-12,1555.59,431.0,110.94,0.031400000000000004,
2005-07-13,1557.62,431.0,112.08,0.0315,
2005-07-14,1573.44,431.0,112.14,0.0316,
2005-07-15,1577.82,431.0,112.32,0.0318,
2005-07-18,1570.9,431.0,111.62,0.0323,
2005-07-19,1590.49,431.0,112.95,0.032400000000000005,
2005-07-20,1602.75,431.0,113.42,0.0323,
2005-07-21,1601.89,431.0,110.47,0.0327,
2005-07-22,1600.76,431.0,110.98,0.033,
2005-07-25,1593.57,431.0,111.59,0.0337,
2005-07-26,1598.93,431.0,112.3,0.0336,
2005-07-27,1611.95,431.0,112.3,0.0333,
2005-07-28,1618.64,431.0,112.34,0.0333,
2005-07-29,1605.14,431.0,112.25,0.0334,
2005-08-01,1610.11,431.0,112.12,0.0341,
2005-08-02,1627.1,431.0,111.28,0.0341,
2005-08-03,1627.19,431.0,111.05,0.0338,
2005-08-04,1608.74,431.0,111.17,0.0339,
2005-08-05,1601.59,431.0,112.09,0.0344,
2005-08-08,1589.97,431.0,111.87,0.0347,
2005-08-09,1601.14,431.0,112.07,0.0344,
2005-08-10,1585.71,431.0,110.67,0.034300000000000004,
2005-08-11,1600.65,431.0,109.92,0.034300000000000004,
2005-08-12,1591.75,431.0,109.55,0.0344,
2005-08-15,1600.71,431.0,109.4,0.0347,
2005-08-16,1574.1,431.0,109.37,0.0346,
2005-08-17,1582.29,431.0,109.63,0.0344,
2005-08-18,1575.76,431.0,110.54,0.0342,
2005-08-19,1573.72,431.0,110.68,0.0344,
2005-08-22,1575.59,431.0,109.75,0.0346,
2005-08-23,1571.3,431.0,109.83,0.0346,
2005-08-24,1561.71,431.0,110.35,0.0345,
2005-08-25,1565.88,431.0,109.9,0.0346,
2005-08-26,1558.84,431.0,109.85,0.0347,
2005-08-29,1571.52,431.0,110.53,0.0347,
2005-08-30,1565.73,431.0,111.49,0.0346,
2005-08-31,1581.71,438.0,110.84,0.0344,
2005-09-01,1577.25,438.0,110.16,0.034,
2005-09-02,1573.12,438.0,109.66,0.0338,
2005-09-06,1597.27,438.0,109.67,0.0345,
2005-09-07,1599.86,438.0,110.06,0.0341,
2005-09-08,1597.68,438.0,110.49,0.034,
2005-09-09,1607.83,438.0,109.69,0.0341,
2005-09-12,1612.2,438.0,109.91,0.0344,
2005-09-13,1607.38,438.0,110.85,0.034,
2005-09-14,1589.63,438.0,110.27,0.0335,
2005-09-15,1588.55,438.0,110.48,0.0337,
2005-09-16,1599.44,438.0,111.38,0.0342,
2005-09-19,1586.5,438.0,111.3,0.0351,
2005-09-20,1578.2,438.0,111.54,0.0354,
2005-09-21,1561.84,438.0,111.33,0.0334,
2005-09-22,1567.36,438.0,111.63,0.0339,
2005-09-23,1571.75,438.0,112.17,0.034,
2005-09-26,1572.86,438.0,112.41,0.0346,
2005-09-27,1568.84,438.0,113.32,0.0342,
2005-09-28,1568.81,438.0,113.27,0.0339,
2005-09-29,1589.93,438.0,113.14,0.0346,
2005-09-30,1601.66,456.05,113.29,0.0347,
2005-10-03,1605.59,456.05,114.17,0.0354,
2005-10-04,1595.54,456.05,114.33,0.0355,
2005-10-05,1571.52,456.05,113.72,0.035,
2005-10-06,1552.94,456.05,113.54,0.0352,
2005-10-07,1555.92,456.05,113.82,0.0354,
2005-10-10,1546.99,456.05,113.82,0.0354,
2005-10-11,1539.31,456.05,114.21,0.0365,
2005-10-12,1521.19,456.05,114.36,0.0362,
2005-10-13,1533.8,456.05,114.97,0.0366,
2005-10-14,1544.29,456.05,114.03,0.0369,
2005-10-17,1549.88,456.05,114.86,0.0378,
2005-10-18,1538.43,456.05,115.71,0.0377,
2005-10-19,1569.61,456.05,115.47,0.0377,
2005-10-20,1555.59,456.05,115.48,0.037599999999999995,
2005-10-21,1565.12,456.05,115.93,0.0377,
2005-10-24,1590.65,456.05,115.18,0.0384,
2005-10-25,1585.82,456.05,114.78,0.0384,
2005-10-26,1575.14,456.05,115.81,0.0381,
2005-10-27,1543.38,456.05,115.14,0.0379,
2005-10-28,1557.11,456.05,115.52,0.0383,
2005-10-31,1579.18,470.0,116.36,0.038900000000000004,
2005-11-01,1576.52,470.0,116.63,0.0387,
2005-11-02,1597.29,470.0,116.76,0.0385,
2005-11-03,1619.67,470.0,117.21,0.0385,
2005-11-04,1628.3,470.0,118.2,0.0388,
2005-11-07,1629.27,470.0,117.57,0.0387,
2005-11-08,1628.4,470.0,117.1,0.0387,
2005-11-09,1630.21,470.0,117.51,0.039,
2005-11-10,1650.93,470.0,118.05,0.0388,
2005-11-11,1653.36,470.0,118.05,0.0388,
2005-11-14,1651.9,470.0,118.88,0.0393,
2005-11-15,1644.31,470.0,118.93,0.0392,
2005-11-16,1651.45,470.0,119.17,0.0391,
2005-11-17,1676.39,470.0,118.81,0.0392,
2005-11-18,1679.85,470.0,119.21,0.0391,
2005-11-21,1686.23,470.0,119.03,0.0391,
2005-11-22,1694.14,470.0,119.22,0.0384,
2005-11-23,1696.77,470.0,118.76,0.038599999999999995,
2005-11-25,1701.05,470.0,119.65,0.038599999999999995,
2005-11-28,1684.39,470.0,119.25,0.038900000000000004,
2005-11-29,1676.84,470.0,119.48,0.038900000000000004,
2005-11-30,1672.56,477.0,119.66,0.038599999999999995,
2005-12-01,1704.28,477.0,120.62,0.0388,
2005-12-02,1709.1,477.0,120.77,0.039,
2005-12-05,1694.77,477.0,120.83,0.0395,
2005-12-06,1701.35,477.0,120.82,0.0395,
2005-12-07,1697.04,477.0,120.93,0.0394,
2005-12-08,1685.59,477.0,120.27,0.0385,
2005-12-09,1692.62,477.0,120.54,0.0385,
2005-12-12,1698.35,477.0,119.9,0.0383,
2005-12-13,1705.77,477.0,120.11,0.0383,
2005-12-14,1698.98,477.0,116.81,0.0381,
2005-12-15,1701.7,477.0,116.55,0.0384,
2005-12-16,1688.68,477.0,115.78,0.0384,
2005-12-19,1664.36,477.0,116.01,0.038900000000000004,
2005-12-20,1665.07,477.0,117.01,0.0388,
2005-12-21,1670.61,477.0,117.4,0.039,
2005-12-22,1683.35,477.0,116.55,0.038900000000000004,
2005-12-23,1682.92,477.0,116.38,0.039,
2005-12-27,1668.37,477.0,117.07,0.039,
2005-12-28,1667.1,477.0,117.62,0.0387,
2005-12-29,1655.36,477.0,117.86,0.0392,
2005-12-30,1645.2,477.0,117.88,0.039900000000000005,
2006-01-03,1679.93,477.0,116.34,0.0407,
2006-01-04,1695.83,477.0,116.31,0.0409,
2006-01-05,1705.29,477.0,115.96,0.040999999999999995,
2006-01-06,1734.99,477.0,114.45,0.0412,
2006-01-09,1741.9,477.0,114.66,0.0414,
2006-01-10,1744.02,477.0,114.64,0.04190000000000001,
2006-01-11,1758.24,477.0,113.96,0.042,
2006-01-12,1747.35,477.0,114.31,0.042199999999999994,
2006-01-13,1746.78,477.0,114.43,0.042300000000000004,
2006-01-17,1736.39,477.0,115.83,0.042800000000000005,
2006-01-18,1716.62,477.0,115.35,0.0425,
2006-01-19,1729.92,477.0,115.07,0.0425,
2006-01-20,1676.38,477.0,115.42,0.0425,
2006-01-23,1676.3,477.0,114.67,0.042800000000000005,
2006-01-24,1686.22,477.0,114.54,0.043,
2006-01-25,1677.0,477.0,115.73,0.0432,
2006-01-26,1690.49,477.0,116.27,0.0434,
2006-01-27,1711.11,477.0,117.16,0.0434,
2006-01-30,1713.45,477.0,117.55,0.0438,
2006-01-31,1710.75,550.0,116.88,0.0437,
2006-02-01,1713.02,550.0,117.85,0.0437,
2006-02-02,1685.77,550.0,118.26,0.0437,
2006-02-03,1664.53,550.0,118.95,0.0437,
2006-02-06,1657.54,550.0,118.94,0.0438,
2006-02-07,1651.84,550.0,118.01,0.043899999999999995,
2006-02-08,1670.47,550.0,118.69,0.044000000000000004,
2006-02-09,1654.08,550.0,118.66,0.0441,
2006-02-10,1663.75,550.0,117.64,0.044199999999999996,
2006-02-13,1645.83,550.0,117.63,0.044500000000000005,
2006-02-14,1661.95,550.0,117.43,0.044500000000000005,
2006-02-15,1673.15,550.0,117.93,0.0444,
2006-02-16,1688.61,550.0,117.91,0.0444,
2006-02-17,1675.21,550.0,118.43,0.0443,
2006-02-21,1655.68,550.0,118.85,0.0446,
2006-02-22,1677.52,550.0,118.51,0.0446,
2006-02-23,1672.29,550.0,117.0,0.044800000000000006,
2006-02-24,1676.5,550.0,116.87,0.0449,
2006-02-27,1695.66,550.0,115.97,0.0451,
2006-02-28,1670.57,555.0,115.82,0.0451,
2006-03-01,1694.58,555.0,116.18,0.0449,
2006-03-02,1693.78,555.0,116.07,0.045,
2006-03-03,1684.32,555.0,116.46,0.045,
2006-03-06,1669.94,555.0,117.46,0.0449,
2006-03-07,1661.02,555.0,117.76,0.0449,
2006-03-08,1660.35,555.0,117.9,0.0447,
2006-03-09,1645.09,555.0,117.96,0.044800000000000006,
2006-03-10,1648.23,555.0,119.07,0.045,
2006-03-13,1653.79,555.0,119.01,0.045,
2006-03-14,1681.15,555.0,117.36,0.044800000000000006,
2006-03-15,1694.46,555.0,117.3,0.0451,
2006-03-16,1679.05,555.0,117.13,0.045,
2006-03-17,1685.66,555.0,115.89,0.0452,
2006-03-20,1688.98,555.0,116.25,0.0455,
2006-03-21,1672.47,555.0,117.23,0.045700000000000005,
2006-03-22,1676.32,555.0,116.72,0.045700000000000005,
2006-03-23,1670.73,555.0,117.6,0.0455,
2006-03-24,1679.81,555.0,117.5,0.0454,
2006-03-27,1680.63,555.0,116.62,0.0451,
2006-03-28,1673.03,555.0,117.23,0.0453,
2006-03-29,1703.84,555.0,117.8,0.0451,
2006-03-30,1708.68,555.0,117.41,0.045,
2006-03-31,1703.66,557.0,117.48,0.0452,
2006-04-03,1706.77,557.0,117.82,0.0455,
2006-04-04,1716.55,557.0,117.44,0.045599999999999995,
2006-04-05,1732.74,557.0,117.59,0.0455,
2006-04-06,1739.2,557.0,117.72,0.045599999999999995,
2006-04-07,1723.03,557.0,118.31,0.045700000000000005,
2006-04-10,1718.86,557.0,118.66,0.0458,
2006-04-11,1704.4,557.0,118.61,0.0458,
2006-04-12,1704.75,557.0,118.47,0.0458,
2006-04-13,1712.07,557.0,118.42,0.0458,
2006-04-17,1694.32,557.0,117.68,0.0461,
2006-04-18,1726.64,557.0,117.75,0.0461,
2006-04-19,1734.04,557.0,117.58,0.0461,
2006-04-20,1728.9,557.0,117.49,0.0461,
2006-04-21,1709.02,557.0,116.91,0.0463,
2006-04-24,1706.44,557.0,114.93,0.0464,
2006-04-25,1701.47,557.0,114.83,0.0467,
2006-04-26,1702.2,557.0,114.72,0.0467,
2006-04-27,1717.14,557.0,114.02,0.0466,
2006-04-28,1700.71,557.0,113.79,0.04650000000000001,
2006-05-01,1686.61,557.0,113.06,0.047,
2006-05-02,1689.93,557.0,113.26,0.046900000000000004,
2006-05-03,1686.3,557.0,113.44,0.047,
2006-05-04,1701.03,557.0,113.46,0.046799999999999994,
2006-05-05,1713.84,557.0,112.45,0.047,
2006-05-08,1715.23,557.0,111.55,0.0475,
2006-05-09,1711.17,557.0,111.31,0.047599999999999996,
2006-05-10,1694.82,557.0,110.55,0.047599999999999996,
2006-05-11,1657.48,557.0,110.26,0.047,
2006-05-12,1635.81,557.0,110.49,0.0472,
2006-05-15,1634.78,557.0,110.21,0.047400000000000005,
2006-05-16,1623.69,557.0,110.07,0.0471,
2006-05-17,1598.91,557.0,110.6,0.0471,
2006-05-18,1587.11,557.0,110.89,0.0471,
2006-05-19,1600.86,557.0,111.76,0.047,
2006-05-22,1584.57,557.0,111.62,0.0471,
2006-05-23,1569.01,557.0,111.35,0.0472,
2006-05-24,1580.18,557.0,112.8,0.047,
2006-05-25,1599.68,557.0,111.92,0.047,
2006-05-26,1606.37,557.0,112.58,0.0472,
2006-05-30,1571.29,557.0,112.18,0.0472,
2006-05-31,1579.58,675.0,112.26,0.047400000000000005,
2006-06-01,1616.57,675.0,112.43,0.0471,
2006-06-02,1612.9,675.0,111.66,0.046900000000000004,
2006-06-05,1577.5,675.0,111.7,0.0473,
2006-06-06,1575.39,675.0,113.26,0.047400000000000005,
2006-06-07,1565.22,675.0,113.35,0.047400000000000005,
2006-06-08,1561.55,675.0,114.22,0.047400000000000005,
2006-06-09,1550.97,675.0,113.89,0.0475,
2006-06-12,1520.31,675.0,114.17,0.0481,
2006-06-13,1516.85,675.0,115.06,0.04769999999999999,
2006-06-14,1530.26,675.0,114.85,0.04769999999999999,
2006-06-15,1573.08,675.0,115.06,0.0472,
2006-06-16,1562.84,675.0,115.12,0.0475,
2006-06-19,1548.94,675.0,115.26,0.0481,
2006-06-20,1548.32,675.0,115.02,0.048,
2006-06-21,1573.56,675.0,114.76,0.0479,
2006-06-22,1554.49,675.0,115.94,0.0479,
2006-06-23,1551.05,675.0,116.26,0.0484,
2006-06-26,1556.17,675.0,116.38,0.049100000000000005,
2006-06-27,1527.0,675.0,116.26,0.0492,
2006-06-28,1538.25,675.0,116.42,0.048799999999999996,
2006-06-29,1585.56,675.0,116.17,0.048799999999999996,
2006-06-30,1575.23,596.0,114.51,0.0487,
2006-07-03,1586.25,596.0,114.92,0.0496,
2006-07-05,1553.95,596.0,115.65,0.048799999999999996,
2006-07-06,1551.55,596.0,115.18,0.0487,
2006-07-07,1533.71,596.0,113.98,0.0489,
2006-07-10,1520.9,596.0,113.97,0.0493,
2006-07-11,1533.06,596.0,114.15,0.0492,
2006-07-12,1501.46,596.0,115.41,0.0493,
2006-07-13,1478.16,596.0,115.45,0.0492,
2006-07-14,1462.17,596.0,116.33,0.0493,
2006-07-17,1468.5,596.0,117.08,0.049800000000000004,
2006-07-18,1472.34,596.0,117.44,0.05,
2006-07-19,1490.6,596.0,117.08,0.049800000000000004,
2006-07-20,1466.89,596.0,116.83,0.0495,
2006-07-21,1451.88,596.0,116.34,0.0496,
2006-07-24,1482.34,596.0,116.65,0.049699999999999994,
2006-07-25,1489.52,596.0,117.3,0.05,
2006-07-26,1487.88,596.0,116.85,0.049800000000000004,
2006-07-27,1478.53,596.0,115.55,0.049699999999999994,
2006-07-28,1510.3,596.0,114.74,0.049400000000000006,
2006-07-31,1509.43,633.71,114.44,0.049699999999999994,
2006-08-01,1484.94,633.71,114.96,0.0499,
2006-08-02,1500.48,633.71,114.54,0.049699999999999994,
2006-08-03,1510.6,633.71,115.27,0.049800000000000004,
2006-08-04,1503.84,633.71,114.21,0.0496,
2006-08-07,1494.13,633.71,114.85,0.0499,
2006-08-08,1484.8,633.71,115.01,0.049699999999999994,
2006-08-09,1485.64,633.71,115.14,0.049400000000000006,
2006-08-10,1496.28,633.71,115.59,0.0492,
2006-08-11,1486.74,633.71,116.18,0.049400000000000006,
2006-08-14,1494.33,633.71,116.53,0.0499,
2006-08-15,1534.43,633.71,115.96,0.049699999999999994,
2006-08-16,1570.06,633.71,115.71,0.049400000000000006,
2006-08-17,1573.59,633.71,115.44,0.0496,
2006-08-18,1576.46,633.71,115.79,0.049699999999999994,
2006-08-21,1561.12,633.71,115.86,0.049800000000000004,
2006-08-22,1563.43,633.71,116.61,0.049699999999999994,
2006-08-23,1550.41,633.71,116.43,0.0496,
2006-08-24,1555.19,633.71,116.38,0.0496,
2006-08-25,1557.7,633.71,117.31,0.049800000000000004,
2006-08-28,1570.29,633.71,117.15,0.049699999999999994,
2006-08-29,1573.65,633.71,116.92,0.049400000000000006,
2006-08-30,1581.95,633.71,117.07,0.0492,
2006-08-31,1579.73,633.0,117.35,0.0492,
2006-09-01,1589.47,633.0,117.21,0.0489,
2006-09-05,1603.69,633.0,116.04,0.0487,
2006-09-06,1572.2,633.0,116.73,0.0484,
2006-09-07,1564.84,633.0,116.3,0.0484,
2006-09-08,1574.71,633.0,116.89,0.048,
2006-09-11,1583.78,633.0,117.57,0.0481,
2006-09-12,1615.75,633.0,117.82,0.0478,
2006-09-13,1623.99,633.0,117.47,0.0479,
2006-09-14,1625.98,633.0,117.47,0.0482,
2006-09-15,1632.44,633.0,117.72,0.0483,
2006-09-18,1632.17,633.0,118.02,0.0482,
2006-09-19,1621.07,633.0,117.6,0.0482,
2006-09-20,1645.35,633.0,117.29,0.0481,
2006-09-21,1634.87,633.0,116.76,0.0479,
2006-09-22,1622.37,633.0,116.45,0.048,
2006-09-25,1650.37,633.0,116.43,0.047599999999999996,
2006-09-26,1659.2,633.0,117.16,0.047599999999999996,
2006-09-27,1655.67,633.0,117.53,0.047599999999999996,
2006-09-28,1661.59,633.0,117.84,0.0475,
2006-09-29,1654.13,633.0,117.99,0.04769999999999999,
2006-10-02,1632.81,633.0,117.66,0.047599999999999996,
2006-10-03,1640.29,633.0,117.84,0.0478,
2006-10-04,1681.14,633.0,118.02,0.048,
2006-10-05,1689.43,633.0,117.69,0.0481,
2006-10-06,1684.88,633.0,118.89,0.0482,
2006-10-09,1691.08,633.0,118.89,0.0482,
2006-10-10,1693.29,633.0,119.68,0.0487,
2006-10-11,1691.28,633.0,119.49,0.0489,
2006-10-12,1718.54,633.0,119.53,0.0493,
2006-10-13,1727.21,633.0,119.81,0.0492,
2006-10-16,1727.61,633.0,119.25,0.0496,
2006-10-17,1709.61,633.0,118.63,0.0496,
2006-10-18,1700.75,633.0,119.09,0.0496,
2006-10-19,1706.37,633.0,118.35,0.049699999999999994,
2006-10-20,1709.58,633.0,118.73,0.0496,
2006-10-23,1725.93,633.0,119.32,0.0499,
2006-10-24,1713.88,633.0,119.25,0.05,
2006-10-25,1726.76,633.0,119.13,0.0499,
2006-10-26,1744.07,633.0,118.62,0.0499,
2006-10-27,1717.61,633.0,117.61,0.049800000000000004,
2006-10-30,1727.8,633.0,117.38,0.049699999999999994,
2006-10-31,1732.54,585.78,116.82,0.0495,
2006-11-01,1707.65,585.78,117.01,0.049400000000000006,
2006-11-02,1710.17,585.78,117.12,0.049400000000000006,
2006-11-03,1703.98,585.78,118.06,0.0496,
2006-11-06,1732.26,585.78,118.4,0.0496,
2006-11-07,1741.53,585.78,117.44,0.0495,
2006-11-08,1749.75,585.78,117.74,0.049699999999999994,
2006-11-09,1740.14,585.78,117.92,0.0496,
2006-11-10,1751.11,585.78,117.47,0.049699999999999994,
2006-11-13,1768.0,585.78,118.14,0.0496,
2006-11-14,1787.23,585.78,117.72,0.0496,
2006-11-15,1793.82,585.78,118.06,0.0496,
2006-11-16,1801.97,585.78,118.12,0.0496,
2006-11-17,1800.67,585.78,117.73,0.0496,
2006-11-20,1803.81,585.78,118.16,0.0495,
2006-11-21,1808.88,585.78,118.0,0.049400000000000006,
2006-11-22,1819.76,585.78,116.61,0.0492,
2006-11-24,1815.53,585.78,115.93,0.049100000000000005,
2006-11-27,1775.17,585.78,116.12,0.0492,
2006-11-28,1780.34,585.78,116.14,0.049100000000000005,
2006-11-29,1792.77,585.78,116.29,0.049100000000000005,
2006-11-30,1791.25,627.827,115.55,0.049,
2006-12-01,1775.12,627.827,115.33,0.049,
2006-12-04,1799.93,627.827,115.37,0.048799999999999996,
2006-12-05,1804.85,627.827,114.98,0.048600000000000004,
2006-12-06,1799.13,627.827,115.07,0.048600000000000004,
2006-12-07,1777.46,627.827,115.13,0.048499999999999995,
2006-12-08,1786.21,627.827,116.23,0.0484,
2006-12-11,1791.74,627.827,117.02,0.0481,
2006-12-12,1781.97,627.827,117.15,0.0481,
2006-12-13,1783.44,627.827,117.43,0.0482,
2006-12-14,1803.41,627.827,117.61,0.0483,
2006-12-15,1808.56,627.827,117.84,0.0479,
2006-12-18,1790.99,627.827,118.14,0.0484,
2006-12-19,1785.12,627.827,117.93,0.0484,
2006-12-20,1777.92,627.827,118.39,0.0484,
2006-12-21,1766.28,627.827,118.26,0.0484,
2006-12-22,1748.61,627.827,118.9,0.048600000000000004,
2006-12-26,1753.55,627.827,118.93,0.0487,
2006-12-27,1763.41,627.827,118.76,0.048499999999999995,
2006-12-28,1758.94,627.827,118.95,0.0487,
2006-12-29,1756.9,627.827,119.02,0.0489,
2007-01-03,1759.37,627.827,119.58,0.0492,
2007-01-04,1792.91,627.827,119.28,0.049100000000000005,
2007-01-05,1785.3,627.827,118.77,0.0492,
2007-01-08,1787.14,627.827,118.49,0.0495,
2007-01-09,1795.63,627.827,119.45,0.0495,
2007-01-10,1816.15,627.827,119.52,0.0496,
2007-01-11,1834.86,627.827,120.49,0.049800000000000004,
2007-01-12,1844.81,627.827,120.36,0.0496,
2007-01-16,1842.44,627.827,120.64,0.049800000000000004,
2007-01-17,1827.68,627.827,120.54,0.0499,
2007-01-18,1793.68,627.827,121.32,0.0499,
2007-01-19,1796.81,627.827,121.22,0.0501,
2007-01-22,1779.02,627.827,121.56,0.05,
2007-01-23,1773.4,627.827,121.54,0.0501,
2007-01-24,1802.63,627.827,120.77,0.05,
2007-01-25,1777.75,627.827,120.97,0.0501,
2007-01-26,1772.97,627.827,121.53,0.05,
2007-01-29,1775.08,627.827,121.81,0.0501,
2007-01-30,1777.76,627.827,121.7,0.05,
2007-01-31,1792.28,631.17,121.02,0.0499,
2007-02-01,1791.45,631.17,120.67,0.05,
2007-02-02,1798.13,631.17,121.02,0.0501,
2007-02-05,1795.39,631.17,120.34,0.050199999999999995,
2007-02-06,1793.06,631.17,120.35,0.0501,
2007-02-07,1810.95,631.17,120.65,0.050199999999999995,
2007-02-08,1810.54,631.17,121.19,0.050300000000000004,
2007-02-09,1785.53,631.17,121.59,0.050199999999999995,
2007-02-12,1778.42,631.17,121.77,0.0504,
2007-02-13,1783.82,631.17,121.24,0.050300000000000004,
2007-02-14,1814.98,631.17,120.8,0.050199999999999995,
2007-02-15,1823.41,631.17,119.49,0.050300000000000004,
2007-02-16,1821.49,631.17,119.23,0.0504,
2007-02-20,1833.71,631.17,120.1,0.050499999999999996,
2007-02-21,1839.13,631.17,120.99,0.0504,
2007-02-22,1846.34,631.17,121.3,0.050499999999999996,
2007-02-23,1839.77,631.17,121.1,0.050499999999999996,
2007-02-26,1830.59,631.17,120.76,0.050499999999999996,
2007-02-27,1756.27,631.17,118.67,0.0499,
2007-02-28,1761.65,664.75,118.33,0.0501,
2007-03-01,1753.45,664.75,117.53,0.05,
2007-03-02,1726.03,664.75,116.82,0.049800000000000004,
2007-03-05,1712.94,664.75,116.01,0.049699999999999994,
2007-03-06,1743.1,664.75,116.5,0.0499,
2007-03-07,1736.1,664.75,116.41,0.049699999999999994,
2007-03-08,1746.43,664.75,117.35,0.0495,
2007-03-09,1744.74,664.75,118.15,0.0496,
2007-03-12,1756.42,664.75,117.51,0.0496,
2007-03-13,1722.48,664.75,116.96,0.049400000000000006,
2007-03-14,1743.15,664.75,116.33,0.0492,
2007-03-15,1744.87,664.75,117.26,0.049100000000000005,
2007-03-16,1742.23,664.75,116.77,0.049,
2007-03-19,1758.23,664.75,117.58,0.0493,
2007-03-20,1767.25,664.75,117.32,0.0492,
2007-03-21,1806.35,664.75,117.83,0.049100000000000005,
2007-03-22,1799.75,664.75,117.79,0.0492,
2007-03-23,1794.04,664.75,117.82,0.049400000000000006,
2007-03-26,1802.95,664.75,117.84,0.0493,
2007-03-27,1789.93,664.75,117.8,0.0493,
2007-03-28,1770.54,664.75,116.83,0.0492,
2007-03-29,1771.72,664.75,117.75,0.049100000000000005,
2007-03-30,1772.36,664.75,117.56,0.049,
2007-04-02,1773.33,664.75,117.69,0.049100000000000005,
2007-04-03,1796.31,664.75,118.83,0.049100000000000005,
2007-04-04,1801.74,664.75,118.72,0.0492,
2007-04-05,1812.94,664.75,118.66,0.049,
2007-04-09,1808.19,664.75,119.28,0.0489,
2007-04-10,1816.93,664.75,119.07,0.0489,
2007-04-11,1798.09,664.75,119.36,0.049,
2007-04-12,1813.49,664.75,118.99,0.0489,
2007-04-13,1816.85,664.75,119.27,0.048799999999999996,
2007-04-16,1833.96,664.75,119.84,0.048799999999999996,
2007-04-17,1834.91,664.75,118.96,0.0487,
2007-04-18,1832.39,664.75,118.27,0.048600000000000004,
2007-04-19,1832.47,664.75,118.36,0.048499999999999995,
2007-04-20,1845.89,664.75,118.81,0.048499999999999995,
2007-04-23,1850.18,664.75,118.47,0.048499999999999995,
2007-04-24,1858.87,664.75,118.52,0.0484,
2007-04-25,1881.33,664.75,118.62,0.0483,
2007-04-26,1889.57,664.75,119.5,0.0482,
2007-04-27,1891.06,664.75,119.59,0.0481,
2007-04-30,1867.75,679.368,119.44,0.0479,
2007-05-01,1873.43,679.368,119.77,0.047599999999999996,
2007-05-02,1889.73,679.368,120.05,0.04769999999999999,
2007-05-03,1895.64,679.368,120.33,0.047599999999999996,
2007-05-04,1895.7,679.368,120.16,0.047599999999999996,
2007-05-07,1895.96,679.368,119.96,0.04769999999999999,
2007-05-08,1899.83,679.368,119.89,0.047599999999999996,
2007-05-09,1905.65,679.368,119.8,0.047400000000000005,
2007-05-10,1875.2,679.368,120.37,0.0473,
2007-05-11,1898.79,679.368,120.19,0.0473,
2007-05-14,1888.08,679.368,120.37,0.0473,
2007-05-15,1871.79,679.368,120.22,0.047,
2007-05-16,1891.57,679.368,120.74,0.0462,
2007-05-17,1884.68,679.368,121.3,0.046799999999999994,
2007-05-18,1896.93,679.368,121.09,0.047,
2007-05-21,1911.16,679.368,121.57,0.047599999999999996,
2007-05-22,1916.45,679.368,121.47,0.0479,
2007-05-23,1904.41,679.368,121.52,0.04769999999999999,
2007-05-24,1874.6,679.368,121.46,0.04769999999999999,
2007-05-25,1889.25,679.368,121.72,0.0475,
2007-05-29,1899.79,679.368,121.79,0.047599999999999996,
2007-05-30,1918.08,679.368,121.48,0.0471,
2007-05-31,1928.19,667.31,121.76,0.046,
2007-06-01,1928.26,667.31,122.1,0.0466,
2007-06-04,1933.73,667.31,121.72,0.046799999999999994,
2007-06-05,1932.35,667.31,121.49,0.047,
2007-06-06,1914.85,667.31,121.08,0.0467,
2007-06-07,1882.17,667.31,121.34,0.0467,
2007-06-08,1906.26,667.31,121.62,0.0464,
2007-06-11,1901.96,667.31,121.78,0.046,
2007-06-12,1890.67,667.31,121.76,0.045899999999999996,
2007-06-13,1913.87,667.31,122.37,0.0453,
2007-06-14,1924.54,667.31,122.97,0.0452,
2007-06-15,1942.41,667.31,123.55,0.0443,
2007-06-18,1944.37,667.31,123.67,0.0451,
2007-06-19,1941.75,667.31,123.39,0.0452,
2007-06-20,1922.12,667.31,123.6,0.0461,
2007-06-21,1941.32,667.31,123.68,0.045700000000000005,
2007-06-22,1921.94,667.31,124.09,0.045899999999999996,
2007-06-25,1912.9,667.31,123.84,0.046900000000000004,
2007-06-26,1908.64,667.31,123.49,0.046900000000000004,
2007-06-27,1933.06,667.31,122.52,0.0464,
2007-06-28,1931.67,667.31,123.01,0.0464,
2007-06-29,1934.1,667.31,123.39,0.046799999999999994,
2007-07-02,1954.12,667.31,122.32,0.0481,
2007-07-03,1965.2,667.31,122.4,0.0481,
2007-07-05,1981.06,667.31,122.82,0.0481,
2007-07-06,1988.31,667.31,123.27,0.0481,
2007-07-09,1989.2,667.31,123.34,0.0483,
2007-07-10,1971.89,667.31,122.19,0.0481,
2007-07-11,1984.08,667.31,122.13,0.0481,
2007-07-12,2021.03,667.31,122.5,0.0483,
2007-07-13,2032.16,667.31,121.99,0.0483,
2007-07-16,2028.02,667.31,121.9,0.0484,
2007-07-17,2041.78,667.31,122.36,0.0482,
2007-07-18,2037.98,667.31,121.83,0.0482,
2007-07-19,2052.99,667.31,122.06,0.0484,
2007-07-20,2035.88,667.31,121.15,0.0483,
2007-07-23,2036.33,667.31,121.31,0.048799999999999996,
2007-07-24,2000.55,667.31,120.57,0.048799999999999996,
2007-07-25,2011.14,667.31,120.33,0.048499999999999995,
2007-07-26,1986.6,667.31,119.14,0.0478,
2007-07-27,1956.19,667.31,118.56,0.0472,
2007-07-30,1973.93,667.31,118.41,0.0482,
2007-07-31,1932.06,665.38,119.13,0.0482,
2007-08-01,1945.08,665.38,118.71,0.0475,
2007-08-02,1966.6,665.38,119.35,0.0475,
2007-08-03,1918.56,665.38,118.43,0.0472,
2007-08-06,1954.37,665.38,118.04,0.047400000000000005,
2007-08-07,1961.64,665.38,118.48,0.048,
2007-08-08,1987.34,665.38,119.76,0.0481,
2007-08-09,1936.76,665.38,118.69,0.0467,
2007-08-10,1925.14,665.38,118.0,0.0444,
2007-08-13,1934.41,665.38,118.47,0.0461,
2007-08-14,1901.32,665.38,118.21,0.0451,
2007-08-15,1864.92,665.38,117.19,0.040999999999999995,
2007-08-16,1846.09,665.38,114.03,0.0369,
2007-08-17,1888.78,665.38,113.81,0.0365,
2007-08-20,1893.05,665.38,114.49,0.0308,
2007-08-21,1910.99,665.38,114.42,0.0351,
2007-08-22,1936.77,665.38,114.95,0.0358,
2007-08-23,1931.88,665.38,115.81,0.0379,
2007-08-24,1961.38,665.38,116.12,0.041299999999999996,
2007-08-27,1947.49,665.38,116.05,0.045,
2007-08-28,1899.24,665.38,114.7,0.042800000000000005,
2007-08-29,1954.85,665.38,115.52,0.0388,
2007-08-30,1963.75,665.38,115.81,0.0374,
2007-08-31,1988.73,665.41,115.83,0.0391,
2007-09-04,2020.51,665.41,116.21,0.0435,
2007-09-05,1994.38,665.41,115.15,0.0424,
2007-09-06,1998.67,665.41,115.33,0.0418,
2007-09-07,1958.35,665.41,113.57,0.039599999999999996,
2007-09-10,1960.2,665.41,113.43,0.038599999999999995,
2007-09-11,1988.98,665.41,113.97,0.04,
2007-09-12,1988.96,665.41,114.24,0.0393,
2007-09-13,1998.63,665.41,115.37,0.0397,
2007-09-14,2000.82,665.41,115.31,0.039,
2007-09-17,1983.08,665.41,114.93,0.0405,
2007-09-18,2035.37,665.41,115.75,0.0391,
2007-09-19,2041.36,665.41,116.21,0.0383,
2007-09-20,2032.61,665.41,114.18,0.0369,
2007-09-21,2049.48,665.41,115.6,0.0364,
2007-09-24,2057.25,665.41,114.92,0.037599999999999995,
2007-09-25,2076.83,665.41,114.48,0.037000000000000005,
2007-09-26,2088.38,665.41,115.66,0.0364,
2007-09-27,2096.39,665.41,115.76,0.0362,
2007-09-28,2091.11,665.41,114.97,0.037200000000000004,
2007-10-01,2116.97,665.41,115.91,0.0383,
2007-10-02,2115.89,665.41,115.83,0.038599999999999995,
2007-10-03,2103.01,665.41,116.74,0.038599999999999995,
2007-10-04,2105.56,665.41,116.59,0.0385,
2007-10-05,2149.67,665.41,116.83,0.038900000000000004,
2007-10-08,2163.26,665.41,116.83,0.038900000000000004,
2007-10-09,2171.21,665.41,116.98,0.039599999999999996,
2007-10-10,2176.98,665.41,117.17,0.0395,
2007-10-11,2140.92,665.41,117.71,0.0401,
2007-10-12,2177.99,665.41,117.5,0.0409,
2007-10-15,2158.92,665.41,117.37,0.04190000000000001,
2007-10-16,2151.14,665.41,116.61,0.0414,
2007-10-17,2179.14,665.41,116.62,0.0391,
2007-10-18,2187.52,665.41,115.64,0.0366,
2007-10-19,2131.08,665.41,115.15,0.0375,
2007-10-22,2157.45,665.41,114.07,0.039,
2007-10-23,2205.18,665.41,114.65,0.0388,
2007-10-24,2188.59,665.41,113.94,0.0375,
2007-10-25,2161.52,665.41,114.09,0.0384,
2007-10-26,2194.59,665.41,114.01,0.038599999999999995,
2007-10-29,2203.42,665.41,114.69,0.0391,
2007-10-30,2207.61,665.41,114.72,0.038599999999999995,
2007-10-31,2238.98,754.6,115.27,0.0384,
2007-11-01,2197.07,754.6,114.87,0.0371,
2007-11-02,2213.86,754.6,114.74,0.0352,
2007-11-05,2200.48,754.6,114.54,0.0362,
2007-11-06,2223.97,754.6,114.51,0.0366,
2007-11-07,2169.43,754.6,113.29,0.034,
2007-11-08,2106.16,754.6,112.66,0.033,
2007-11-09,2034.3,754.6,110.9,0.0319,
2007-11-12,1982.16,754.6,110.9,0.0319,
2007-11-13,2066.08,754.6,110.31,0.0341,
2007-11-14,2038.05,754.6,111.38,0.0333,
2007-11-15,2024.03,754.6,110.78,0.0322,
2007-11-16,2048.62,754.6,111.05,0.0332,
2007-11-19,2021.14,754.6,110.05,0.0332,
2007-11-20,2029.94,754.6,110.05,0.0317,
2007-11-21,2006.38,754.6,108.54,0.0302,
2007-11-23,2028.9,754.6,108.17,0.0315,
2007-11-26,1989.36,754.6,108.17,0.030600000000000002,
2007-11-27,2033.76,754.6,108.64,0.0308,
2007-11-28,2095.39,754.6,110.38,0.0298,
2007-11-29,2102.42,754.6,109.94,0.0292,
2007-11-30,2089.1,806.248,111.02,0.0308,
2007-12-03,2067.45,806.248,110.44,0.029900000000000003,
2007-12-04,2059.06,806.248,109.68,0.03,
2007-12-05,2099.31,806.248,110.85,0.03,
2007-12-06,2127.65,806.248,111.05,0.0302,
2007-12-07,2130.0,806.248,111.72,0.0304,
2007-12-10,2134.88,806.248,111.6,0.0298,
2007-12-11,2083.72,806.248,111.77,0.0287,
2007-12-12,2101.36,806.248,112.36,0.0281,
2007-12-13,2094.68,806.248,112.26,0.027999999999999997,
2007-12-14,2072.11,806.248,113.35,0.0281,
2007-12-17,2020.8,806.248,113.2,0.0301,
2007-12-18,2029.49,806.248,113.17,0.0298,
2007-12-19,2031.0,806.248,113.44,0.0285,
2007-12-20,2069.68,806.248,112.97,0.0285,
2007-12-21,2111.77,806.248,113.95,0.0292,
2007-12-24,2128.62,806.248,114.45,0.0326,
2007-12-26,2136.94,806.248,114.08,0.032400000000000005,
2007-12-27,2106.09,806.248,114.0,0.030899999999999997,
2007-12-28,2107.05,806.248,112.93,0.031,
2007-12-31,2084.93,803.0,111.71,0.0329,
2008-01-02,2049.71,803.0,109.7,0.0318,
2008-01-03,2051.76,803.0,109.58,0.0316,
2008-01-04,1963.52,803.0,108.38,0.031200000000000002,
2008-01-07,1957.44,803.0,109.1,0.0319,
2008-01-08,1910.33,803.0,109.29,0.0317,
2008-01-09,1949.2,803.0,109.4,0.031400000000000004,
2008-01-10,1953.64,803.0,109.38,0.0316,
2008-01-11,1912.81,803.0,109.11,0.0302,
2008-01-14,1949.15,803.0,108.18,0.0311,
2008-01-15,1894.09,803.0,107.07,0.030899999999999997,
2008-01-16,1872.29,803.0,107.27,0.030600000000000002,
2008-01-17,1842.1,803.0,107.01,0.03,
2008-01-18,1844.09,803.0,106.82,0.0279,
2008-01-22,1795.61,803.0,106.76,0.023,
2008-01-23,1789.53,803.0,105.42,0.0216,
2008-01-24,1826.92,803.0,106.68,0.0232,
2008-01-25,1789.17,803.0,107.31,0.0225,
2008-01-28,1805.08,803.0,106.65,0.0229,
2008-01-29,1807.67,803.0,107.08,0.0223,
2008-01-30,1808.51,803.0,107.25,0.0216,
2008-01-31,1841.42,890.0,106.74,0.0192,
2008-02-01,1855.27,890.0,106.3,0.0206,
2008-02-04,1828.8,890.0,106.73,0.0222,
2008-02-05,1773.49,890.0,106.94,0.021400000000000002,
2008-02-06,1740.95,890.0,106.75,0.020499999999999997,
2008-02-07,1753.3,890.0,106.82,0.0212,
2008-02-08,1773.74,890.0,107.34,0.0218,
2008-02-11,1793.09,890.0,106.64,0.0225,
2008-02-12,1780.54,890.0,107.42,0.0225,
2008-02-13,1823.0,890.0,108.15,0.0222,
2008-02-14,1787.59,890.0,107.97,0.0226,
2008-02-15,1780.38,890.0,107.67,0.0216,
2008-02-19,1764.81,890.0,107.5,0.0223,
2008-02-20,1787.45,890.0,107.97,0.022000000000000002,
2008-02-21,1766.3,890.0,107.6,0.0215,
2008-02-22,1773.44,890.0,106.98,0.0215,
2008-02-25,1785.46,890.0,107.88,0.0215,
2008-02-26,1791.31,890.0,107.73,0.0209,
2008-02-27,1799.94,890.0,106.38,0.0194,
2008-02-28,1794.46,890.0,105.64,0.018600000000000002,
2008-02-29,1745.27,922.0,104.19,0.0181,
2008-03-03,1733.27,922.0,103.57,0.0167,
2008-03-04,1743.7,922.0,102.67,0.0163,
2008-03-05,1753.57,922.0,103.99,0.015,
2008-03-06,1712.5,922.0,103.1,0.0137,
2008-03-07,1707.5,922.0,102.69,0.014199999999999999,
2008-03-10,1673.03,922.0,101.8,0.013300000000000001,
2008-03-11,1740.95,922.0,102.87,0.014499999999999999,
2008-03-12,1735.18,922.0,102.38,0.014499999999999999,
2008-03-13,1750.4,922.0,100.58,0.013300000000000001,
2008-03-14,1713.83,922.0,100.2,0.0116,
2008-03-17,1687.19,922.0,96.88,0.0109,
2008-03-18,1761.05,922.0,98.23,0.0091,
2008-03-19,1715.59,922.0,99.34,0.006,
2008-03-20,1751.99,922.0,98.79,0.0062,
2008-03-24,1814.4,922.0,100.77,0.0123,
2008-03-25,1824.54,922.0,100.07,0.0127,
2008-03-26,1817.28,922.0,99.12,0.0127,
2008-03-27,1777.89,922.0,99.87,0.0128,
2008-03-28,1767.57,922.0,99.71,0.0131,
2008-03-31,1781.93,968.0,99.85,0.013600000000000001,
2008-04-01,1855.48,968.0,101.77,0.0138,
2008-04-02,1848.8,968.0,102.77,0.0139,
2008-04-03,1855.19,968.0,102.21,0.0138,
2008-04-04,1865.87,968.0,101.75,0.013300000000000001,
2008-04-07,1860.83,968.0,102.62,0.0143,
2008-04-08,1846.14,968.0,102.55,0.0139,
2008-04-09,1826.19,968.0,101.83,0.0129,
2008-04-10,1852.97,968.0,101.71,0.0125,
2008-04-11,1798.72,968.0,101.09,0.011699999999999999,
2008-04-14,1790.93,968.0,100.87,0.010700000000000001,
2008-04-15,1794.73,968.0,101.33,0.0109,
2008-04-16,1846.89,968.0,101.4,0.0111,
2008-04-17,1840.88,968.0,102.22,0.0121,
2008-04-18,1900.28,968.0,104.56,0.0132,
2008-04-21,1913.12,968.0,103.38,0.013300000000000001,
2008-04-22,1881.65,968.0,102.7,0.0126,
2008-04-23,1906.66,968.0,103.55,0.0124,
2008-04-24,1924.58,968.0,104.2,0.0124,
2008-04-25,1918.58,968.0,104.17,0.0131,
2008-04-28,1923.26,968.0,104.3,0.014199999999999999,
2008-04-29,1933.6,968.0,103.4,0.0144,
2008-04-30,1917.7,910.0,104.53,0.0141,
2008-05-01,1980.44,910.0,104.04,0.014199999999999999,
2008-05-02,1981.87,910.0,105.33,0.0147,
2008-05-05,1975.82,910.0,105.12,0.0151,
2008-05-06,1990.61,910.0,104.54,0.016,
2008-05-07,1951.42,910.0,105.28,0.016399999999999998,
2008-05-08,1966.86,910.0,103.87,0.0163,
2008-05-09,1960.29,910.0,103.01,0.0166,
2008-05-12,1997.02,910.0,103.83,0.0174,
2008-05-13,2000.61,910.0,104.41,0.018000000000000002,
2008-05-14,1997.3,910.0,105.2,0.0179,
2008-05-15,2031.34,910.0,104.61,0.018000000000000002,
2008-05-16,2031.27,910.0,103.86,0.0181,
2008-05-19,2016.6,910.0,104.55,0.0179,
2008-05-20,2000.67,910.0,103.66,0.0183,
2008-05-21,1956.8,910.0,103.34,0.0183,
2008-05-22,1964.92,910.0,104.03,0.0183,
2008-05-23,1958.96,910.0,103.22,0.0182,
2008-05-27,1995.44,910.0,103.98,0.018600000000000002,
2008-05-28,2000.07,910.0,104.69,0.018600000000000002,
2008-05-29,2019.02,910.0,105.52,0.0187,
2008-05-30,2032.57,910.0,105.46,0.018500000000000003,
2008-06-02,2006.84,910.0,104.41,0.0182,
2008-06-03,1996.79,910.0,105.29,0.0182,
2008-06-04,2021.45,910.0,104.99,0.0181,
2008-06-05,2055.11,910.0,106.0,0.0182,
2008-06-06,1990.39,910.0,105.33,0.0181,
2008-06-09,1979.71,910.0,106.06,0.018600000000000002,
2008-06-10,1972.54,910.0,107.19,0.019799999999999998,
2008-06-11,1924.33,910.0,106.77,0.0192,
2008-06-12,1924.26,910.0,107.94,0.0196,
2008-06-13,1966.01,910.0,107.92,0.0195,
2008-06-16,1984.76,910.0,108.19,0.0204,
2008-06-17,1972.82,910.0,108.03,0.0196,
2008-06-18,1951.1,910.0,108.05,0.0189,
2008-06-19,1982.69,910.0,107.95,0.0187,
2008-06-20,1928.39,910.0,107.42,0.0183,
2008-06-23,1913.31,910.0,107.89,0.018500000000000003,
2008-06-24,1903.74,910.0,107.76,0.018000000000000002,
2008-06-25,1933.86,910.0,108.29,0.0178,
2008-06-26,1855.39,910.0,107.29,0.017,
2008-06-27,1855.72,910.0,106.28,0.016399999999999998,
2008-06-30,1837.09,889.0,106.17,0.0187,
2008-07-01,1862.71,889.0,105.73,0.0184,
2008-07-02,1816.15,889.0,105.87,0.0179,
2008-07-03,1816.35,889.0,106.79,0.0181,
2008-07-07,1826.93,889.0,107.55,0.0184,
2008-07-08,1871.28,889.0,107.35,0.0183,
2008-07-09,1819.18,889.0,107.12,0.0179,
2008-07-10,1839.57,889.0,107.03,0.016399999999999998,
2008-07-11,1810.88,889.0,106.14,0.0158,
2008-07-14,1798.03,889.0,106.18,0.015,
2008-07-15,1798.35,889.0,104.78,0.0137,
2008-07-16,1843.87,889.0,104.64,0.013500000000000002,
2008-07-17,1853.47,889.0,105.82,0.013999999999999999,
2008-07-18,1823.23,889.0,106.75,0.014499999999999999,
2008-07-21,1819.76,889.0,106.74,0.0146,
2008-07-22,1821.62,889.0,107.11,0.0152,
2008-07-23,1845.56,889.0,107.68,0.015600000000000001,
2008-07-24,1816.98,889.0,107.62,0.016200000000000003,
2008-07-25,1846.55,889.0,107.89,0.0171,
2008-07-28,1802.99,889.0,107.49,0.017,
2008-07-29,1845.55,889.0,108.19,0.0169,
2008-07-30,1852.8,889.0,108.17,0.0167,
2008-07-31,1849.15,939.77,108.1,0.0165,
2008-08-01,1826.56,939.77,107.59,0.0163,
2008-08-04,1804.84,939.77,108.23,0.0172,
2008-08-05,1869.76,939.77,108.2,0.0172,
2008-08-06,1895.21,939.77,109.39,0.0161,
2008-08-07,1880.09,939.77,109.44,0.0163,
2008-08-08,1926.23,939.77,110.09,0.0167,
2008-08-11,1941.23,939.77,110.08,0.0184,
2008-08-12,1941.07,939.77,109.78,0.0183,
2008-08-13,1942.02,939.77,108.71,0.0182,
2008-08-14,1964.38,939.77,109.75,0.018500000000000003,
2008-08-15,1957.56,939.77,110.48,0.0181,
2008-08-18,1932.7,939.77,110.07,0.0179,
2008-08-19,1908.68,939.77,109.68,0.0177,
2008-08-20,1913.02,939.77,109.98,0.0168,
2008-08-21,1906.74,939.77,108.35,0.0169,
2008-08-22,1931.47,939.77,109.88,0.0167,
2008-08-25,1889.72,939.77,109.11,0.0171,
2008-08-26,1886.32,939.77,109.83,0.0168,
2008-08-27,1900.3,939.77,109.72,0.016399999999999998,
2008-08-28,1915.12,939.77,109.56,0.0171,
2008-08-29,1872.54,939.77,108.69,0.0169,
2008-09-02,1850.14,939.77,108.85,0.0169,
2008-09-03,1833.09,939.77,108.18,0.0167,
2008-09-04,1774.78,939.77,107.76,0.0166,
2008-09-05,1768.23,939.77,106.96,0.0165,
2008-09-08,1762.95,939.77,107.91,0.0169,
2008-09-09,1721.55,939.77,107.1,0.0163,
2008-09-10,1738.07,939.77,107.86,0.016200000000000003,
2008-09-11,1773.65,939.77,106.66,0.0158,
2008-09-12,1767.13,939.77,107.51,0.0146,
2008-09-15,1705.46,939.77,105.67,0.0103,
2008-09-16,1724.08,939.77,105.11,0.0084,
2008-09-17,1632.45,939.77,104.71,0.0003,
2008-09-18,1697.42,939.77,104.85,0.0023,
2008-09-19,1745.06,939.77,107.18,0.0097,
2008-09-22,1665.94,939.77,106.35,0.0129,
2008-09-23,1648.4,939.77,105.8,0.008100000000000001,
2008-09-24,1661.33,939.77,106.03,0.005,
2008-09-25,1687.55,939.77,106.48,0.0075,
2008-09-26,1672.04,939.77,106.06,0.0086,
2008-09-29,1496.15,939.77,105.1,0.0096,
2008-09-30,1594.63,830.0,105.94,0.009000000000000001,
2008-10-01,1563.8,830.0,106.06,0.0084,
2008-10-02,1491.11,830.0,105.3,0.0062,
2008-10-03,1470.84,830.0,105.76,0.005,
2008-10-06,1411.28,830.0,101.26,0.0054,
2008-10-07,1329.98,830.0,102.3,0.008100000000000001,
2008-10-08,1330.61,830.0,99.73,0.0067,
2008-10-09,1275.1,830.0,100.67,0.0058,
2008-10-10,1269.8,830.0,99.44,0.0024,
2008-10-13,1429.54,830.0,99.44,0.0024,
2008-10-14,1364.59,830.0,102.17,0.0034000000000000002,
2008-10-15,1244.23,830.0,101.47,0.0022,
2008-10-16,1312.97,830.0,100.46,0.0045000000000000005,
2008-10-17,1311.72,830.0,101.4,0.008,
2008-10-20,1352.76,830.0,101.74,0.0124,
2008-10-21,1283.43,830.0,100.43,0.0109,
2008-10-22,1237.09,830.0,98.63,0.0103,
2008-10-23,1239.16,830.0,97.6,0.0096,
2008-10-24,1202.27,830.0,92.64,0.0086,
2008-10-27,1169.78,830.0,93.28,0.0084,
2008-10-28,1297.57,830.0,95.68,0.0076,
2008-10-29,1302.12,830.0,97.48,0.0060999999999999995,
2008-10-30,1333.94,830.0,97.47,0.004,
2008-10-31,1334.78,807.0,98.28,0.0044,
2008-11-03,1334.75,807.0,98.95,0.0049,
2008-11-04,1378.4,807.0,100.48,0.0048,
2008-11-05,1299.98,807.0,98.95,0.0039000000000000003,
2008-11-06,1241.97,807.0,98.04,0.0031,
2008-11-07,1271.62,807.0,98.15,0.003,
2008-11-10,1251.0,807.0,97.96,0.0029,
2008-11-11,1225.59,807.0,97.96,0.0029,
2008-11-12,1165.38,807.0,95.54,0.0018,
2008-11-13,1240.93,807.0,95.95,0.0021,
2008-11-14,1179.63,807.0,96.66,0.0014000000000000002,
2008-11-17,1151.96,807.0,97.03,0.0012,
2008-11-18,1155.75,807.0,97.38,0.0012,
2008-11-19,1087.6,807.0,96.75,0.0007000000000000001,
2008-11-20,1036.51,807.0,94.98,0.0003,
2008-11-21,1085.57,807.0,95.42,0.0002,
2008-11-24,1154.34,807.0,96.69,0.0013,
2008-11-25,1142.58,807.0,95.53,0.001,
2008-11-26,1193.09,807.0,95.46,0.0005,
2008-11-28,1185.75,807.0,95.46,0.0001,
2008-12-01,1091.16,807.0,93.71,0.0007000000000000001,
2008-12-02,1130.0,807.0,93.64,0.0006,
2008-12-03,1166.2,807.0,93.25,0.0002,
2008-12-04,1127.75,807.0,92.78,0.0002,
2008-12-05,1177.87,807.0,92.18,0.0002,
2008-12-08,1225.06,807.0,92.77,0.0003,
2008-12-09,1212.45,807.0,92.44,0.0003,
2008-12-10,1222.38,807.0,92.94,0.0,
2008-12-11,1180.46,807.0,91.96,0.0001,
2008-12-12,1206.65,807.0,91.26,0.0002,
2008-12-15,1181.87,807.0,90.68,0.0004,
2008-12-16,1243.49,807.0,89.98,0.0004,
2008-12-17,1225.86,807.0,87.84,0.0005,
2008-12-18,1204.69,807.0,89.81,0.0,
2008-12-19,1217.19,807.0,89.48,0.0002,
2008-12-22,1189.15,807.0,90.07,0.0001,
2008-12-23,1183.19,807.0,90.57,0.0002,
2008-12-24,1184.3,807.0,90.68,0.0,
2008-12-26,1185.44,807.0,90.65,0.0003,
2008-12-29,1173.15,807.0,90.2,0.0006,
2008-12-30,1201.34,807.0,90.37,0.001,
2008-12-31,1211.65,816.0,90.79,0.0011,
2009-01-02,1263.7,816.0,91.12,0.0008,
2009-01-05,1262.52,816.0,93.2,0.0014000000000000002,
2009-01-06,1274.49,816.0,94.2,0.0014000000000000002,
2009-01-07,1238.6,816.0,92.7,0.0011,
2009-01-08,1252.52,816.0,91.15,0.0009,
2009-01-09,1223.01,816.0,90.25,0.0007000000000000001,
2009-01-12,1201.13,816.0,88.92,0.0012,
2009-01-13,1202.65,816.0,89.65,0.0011,
2009-01-14,1163.42,816.0,89.28,0.0012,
2009-01-15,1183.52,816.0,89.59,0.0011,
2009-01-16,1198.14,816.0,90.29,0.0012,
2009-01-20,1136.61,816.0,90.19,0.0013,
2009-01-21,1185.76,816.0,87.8,0.0011,
2009-01-22,1168.08,816.0,88.64,0.001,
2009-01-23,1175.89,816.0,88.72,0.0011,
2009-01-26,1184.56,816.0,89.25,0.0015,
2009-01-27,1194.41,816.0,88.99,0.0013,
2009-01-28,1235.91,816.0,88.87,0.0019,
2009-01-29,1203.85,816.0,89.77,0.0023,
2009-01-30,1180.25,816.0,89.83,0.0024,
2009-02-02,1195.75,816.0,89.86,0.0027,
2009-02-03,1215.66,816.0,89.09,0.0032,
2009-02-04,1215.43,816.0,89.53,0.003,
2009-02-05,1245.11,816.0,91.01,0.0029,
2009-02-06,1277.49,816.0,91.95,0.0028000000000000004,
2009-02-09,1281.65,816.0,91.47,0.0032,
2009-02-10,1229.29,816.0,90.65,0.0031,
2009-02-11,1227.05,816.0,90.66,0.003,
2009-02-12,1242.81,816.0,90.55,0.0029,
2009-02-13,1236.85,816.0,91.84,0.0029,
2009-02-17,1187.04,816.0,92.17,0.0032,
2009-02-18,1188.77,816.0,93.81,0.0031,
2009-02-19,1167.89,816.0,94.09,0.003,
2009-02-20,1172.71,816.0,93.87,0.0027,
2009-02-23,1128.97,816.0,94.63,0.003,
2009-02-24,1171.45,816.0,96.6,0.0032,
2009-02-25,1160.83,816.0,97.33,0.003,
2009-02-26,1127.1,816.0,98.55,0.0027,
2009-02-27,1116.99,816.0,97.74,0.0026,
2009-03-02,1076.67,816.0,97.17,0.0028000000000000004,
2009-03-03,1080.67,816.0,98.16,0.0027,
2009-03-04,1110.3,816.0,99.34,0.0026,
2009-03-05,1074.52,816.0,98.32,0.002,
2009-03-06,1064.7,816.0,97.88,0.002,
2009-03-09,1043.87,816.0,98.87,0.0023,
2009-03-10,1112.44,816.0,98.39,0.0024,
2009-03-11,1125.95,816.0,97.74,0.0023,
2009-03-12,1164.71,816.0,97.86,0.0021,
2009-03-13,1168.52,816.0,98.04,0.0019,
2009-03-16,1145.45,816.0,98.17,0.0024,
2009-03-17,1192.17,816.0,98.85,0.0024,
2009-03-18,1206.96,816.0,98.08,0.0021,
2009-03-19,1204.21,816.0,93.85,0.002,
2009-03-20,1187.18,816.0,96.18,0.0021,
2009-03-23,1259.81,816.0,97.3,0.0022,
2009-03-24,1234.34,816.0,97.86,0.0021,
2009-03-25,1236.66,816.0,97.7,0.0019,
2009-03-26,1281.3,816.0,98.47,0.0015,
2009-03-27,1251.47,816.0,97.99,0.0013,
2009-03-30,1220.81,816.0,97.44,0.0018,
2009-03-31,1237.01,924.27,99.15,0.0021,
2009-04-01,1252.51,924.27,98.93,0.0022,
2009-04-02,1294.3,924.27,99.48,0.0022,
2009-04-03,1316.16,924.27,99.94,0.0021,
2009-04-06,1313.1,924.27,100.65,0.002,
2009-04-07,1275.42,924.27,100.71,0.002,
2009-04-08,1300.75,924.27,99.95,0.0018,
2009-04-09,1340.28,924.27,100.43,0.0018,
2009-04-13,1336.67,924.27,100.12,0.0018,
2009-04-14,1322.31,924.27,99.08,0.0017000000000000001,
2009-04-15,1316.51,924.27,99.37,0.0015,
2009-04-16,1352.98,924.27,99.29,0.0013,
2009-04-17,1353.92,924.27,99.21,0.0014000000000000002,
2009-04-20,1309.37,924.27,98.29,0.0014000000000000002,
2009-04-21,1329.06,924.27,98.6,0.0015,
2009-04-22,1335.72,924.27,98.14,0.0014000000000000002,
2009-04-23,1344.41,924.27,97.88,0.001,
2009-04-24,1373.28,924.27,97.08,0.001,
2009-04-27,1369.94,924.27,96.57,0.0013,
2009-04-28,1361.92,924.27,96.49,0.0013,
2009-04-29,1382.38,924.27,96.97,0.0011,
2009-04-30,1394.33,890.2,98.76,0.0014000000000000002,
2009-05-01,1396.62,890.2,99.24,0.0015,
2009-05-04,1427.96,890.2,99.12,0.0019,
2009-05-05,1423.81,890.2,98.76,0.0019,
2009-05-06,1423.85,890.2,98.6,0.0019,
2009-05-07,1389.83,890.2,99.0,0.0018,
2009-05-08,1394.16,890.2,99.01,0.0018,
2009-05-11,1395.79,890.2,97.45,0.0019,
2009-05-12,1377.4,890.2,96.59,0.0019,
2009-05-13,1339.83,890.2,95.75,0.0017000000000000001,
2009-05-14,1359.67,890.2,95.62,0.0016,
2009-05-15,1355.11,890.2,94.89,0.0017000000000000001,
2009-05-18,1392.73,890.2,96.05,0.0019,
2009-05-19,1398.05,890.2,96.1,0.0018,
2009-05-20,1393.72,890.2,95.16,0.0018,
2009-05-21,1367.39,890.2,94.97,0.0019,
2009-05-22,1363.17,890.2,94.45,0.0018,
2009-05-26,1412.61,890.2,94.81,0.0018,
2009-05-27,1401.88,890.2,95.01,0.0017000000000000001,
2009-05-28,1420.31,890.2,96.76,0.0015,
2009-05-29,1435.57,890.2,95.55,0.0014000000000000002,
2009-06-01,1477.12,890.2,96.53,0.0013,
2009-06-02,1480.31,890.2,95.72,0.0014000000000000002,
2009-06-03,1475.44,890.2,95.72,0.0014000000000000002,
2009-06-04,1492.74,890.2,96.37,0.0014000000000000002,
2009-06-05,1493.21,890.2,98.18,0.0019,
2009-06-08,1488.49,890.2,98.56,0.0019,
2009-06-09,1501.55,890.2,97.6,0.0019,
2009-06-10,1495.27,890.2,98.13,0.0018,
2009-06-11,1497.01,890.2,97.83,0.0019,
2009-06-12,1489.97,890.2,98.17,0.0018,
2009-06-15,1456.96,890.2,98.03,0.0017000000000000001,
2009-06-16,1443.25,890.2,96.26,0.0017000000000000001,
2009-06-17,1455.89,890.2,95.65,0.0017000000000000001,
2009-06-18,1453.8,890.2,96.36,0.0018,
2009-06-19,1471.23,890.2,96.15,0.0018,
2009-06-22,1426.61,890.2,95.9,0.002,
2009-06-23,1424.46,890.2,95.32,0.002,
2009-06-24,1447.06,890.2,95.38,0.0019,
2009-06-25,1475.82,890.2,96.21,0.0018,
2009-06-26,1480.2,890.2,95.19,0.0019,
2009-06-29,1483.83,890.2,95.84,0.002,
2009-06-30,1477.25,946.0,96.42,0.0019,
2009-07-01,1481.34,946.0,96.41,0.0017000000000000001,
2009-07-02,1446.28,946.0,95.9,0.0017000000000000001,
2009-07-06,1441.01,946.0,95.0,0.0019,
2009-07-07,1404.78,946.0,95.11,0.0019,
2009-07-08,1411.53,946.0,92.9,0.0018,
2009-07-09,1414.98,946.0,92.79,0.0019,
2009-07-10,1419.84,946.0,92.33,0.0018,
2009-07-13,1447.7,946.0,92.74,0.0018,
2009-07-14,1452.84,946.0,93.03,0.0018,
2009-07-15,1500.98,946.0,94.09,0.0018,
2009-07-16,1518.87,946.0,93.59,0.0019,
2009-07-17,1527.26,946.0,94.08,0.0017000000000000001,
2009-07-20,1544.0,946.0,94.52,0.0019,
2009-07-21,1553.01,946.0,93.36,0.0019,
2009-07-22,1565.0,946.0,93.77,0.0019,
2009-07-23,1601.52,946.0,94.75,0.0019,
2009-07-24,1599.06,946.0,94.86,0.0018,
2009-07-27,1599.31,946.0,95.32,0.0019,
2009-07-28,1605.47,946.0,94.6,0.0019,
2009-07-29,1599.61,946.0,95.13,0.0019,
2009-07-30,1609.87,946.0,95.67,0.0018,
2009-07-31,1603.36,934.0,94.54,0.0018,
2009-08-03,1628.12,934.0,95.23,0.0019,
2009-08-04,1628.49,934.0,95.41,0.0018,
2009-08-05,1614.44,934.0,94.98,0.0018,
2009-08-06,1600.29,934.0,95.56,0.0017000000000000001,
2009-08-07,1619.49,934.0,97.65,0.0018,
2009-08-10,1610.43,934.0,97.23,0.0019,
2009-08-11,1594.69,934.0,95.94,0.0018,
2009-08-12,1619.59,934.0,96.16,0.0017000000000000001,
2009-08-13,1628.65,934.0,95.46,0.0017000000000000001,
2009-08-14,1611.58,934.0,94.64,0.0018,
2009-08-17,1564.89,934.0,94.33,0.0018,
2009-08-18,1586.5,934.0,94.72,0.0018,
2009-08-19,1596.61,934.0,93.87,0.0017000000000000001,
2009-08-20,1614.22,934.0,94.12,0.0017000000000000001,
2009-08-21,1637.78,934.0,94.6,0.0017000000000000001,
2009-08-24,1634.78,934.0,94.47,0.0017000000000000001,
2009-08-25,1639.9,934.0,94.28,0.0017000000000000001,
2009-08-26,1637.0,934.0,94.25,0.0015,
2009-08-27,1640.97,934.0,93.57,0.0015,
2009-08-28,1643.24,934.0,93.55,0.0015,
2009-08-31,1625.19,949.38,92.82,0.0015,
2009-09-01,1595.84,949.38,93.09,0.0014000000000000002,
2009-09-02,1594.28,949.38,92.43,0.0014000000000000002,
2009-09-03,1605.98,949.38,92.54,0.0015,
2009-09-04,1638.07,949.38,92.75,0.0014000000000000002,
2009-09-08,1654.81,949.38,92.21,0.0014000000000000002,
2009-09-09,1669.23,949.38,91.85,0.0014000000000000002,
2009-09-10,1686.16,949.38,91.86,0.0014000000000000002,
2009-09-11,1685.46,949.38,90.3,0.0014000000000000002,
2009-09-14,1693.76,949.38,90.85,0.0014000000000000002,
2009-09-15,1699.53,949.38,90.95,0.0013,
2009-09-16,1723.73,949.38,91.0,0.001,
2009-09-17,1721.09,949.38,91.15,0.001,
2009-09-18,1725.24,949.38,91.31,0.0008,
2009-09-21,1731.58,949.38,91.87,0.0011,
2009-09-22,1734.09,949.38,91.08,0.0011,
2009-09-23,1724.27,949.38,91.45,0.0011,
2009-09-24,1709.76,949.38,91.16,0.001,
2009-09-25,1694.15,949.38,89.83,0.001,
2009-09-28,1724.59,949.38,89.34,0.0011,
2009-09-29,1717.67,949.38,90.26,0.0013,
2009-09-30,1718.99,996.59,89.49,0.0014000000000000002,
2009-10-01,1666.41,996.59,89.73,0.001,
2009-10-02,1662.49,996.59,89.62,0.001,
2009-10-05,1675.64,996.59,89.56,0.0008,
2009-10-06,1705.25,996.59,88.77,0.0008,
2009-10-07,1710.45,996.59,88.76,0.0009,
2009-10-08,1717.79,996.59,88.44,0.0006,
2009-10-09,1727.76,996.59,89.69,0.0007000000000000001,
2009-10-12,1729.63,996.59,89.69,0.0007000000000000001,
2009-10-13,1730.27,996.59,89.71,0.0007000000000000001,
2009-10-14,1754.26,996.59,89.44,0.0007000000000000001,
2009-10-15,1753.36,996.59,90.39,0.0007000000000000001,
2009-10-16,1739.32,996.59,90.73,0.0007000000000000001,
2009-10-19,1756.68,996.59,90.72,0.0008,
2009-10-20,1756.19,996.59,90.83,0.0008,
2009-10-21,1753.56,996.59,91.04,0.0007000000000000001,
2009-10-22,1763.15,996.59,91.42,0.0006,
2009-10-23,1753.63,996.59,91.88,0.0007000000000000001,
2009-10-26,1746.75,996.59,91.96,0.0008,
2009-10-27,1722.46,996.59,92.04,0.0008,
2009-10-28,1682.06,996.59,91.07,0.0007000000000000001,
2009-10-29,1711.27,996.59,91.41,0.0006,
2009-10-30,1667.13,996.59,90.5,0.0005,
2009-11-02,1672.91,996.59,90.56,0.0006,
2009-11-03,1679.2,996.59,90.3,0.0006,
2009-11-04,1680.67,996.59,90.96,0.0005,
2009-11-05,1721.09,996.59,90.45,0.0004,
2009-11-06,1730.76,996.59,89.86,0.0006,
2009-11-09,1768.4,996.59,89.92,0.0007000000000000001,
2009-11-10,1773.17,996.59,89.82,0.0007000000000000001,
2009-11-11,1782.95,996.59,89.82,0.0007000000000000001,
2009-11-12,1773.14,996.59,90.4,0.0007000000000000001,
2009-11-13,1788.61,996.59,89.55,0.0006,
2009-11-16,1807.56,996.59,89.28,0.0007000000000000001,
2009-11-17,1812.21,996.59,89.41,0.0006,
2009-11-18,1801.74,996.59,89.36,0.0004,
2009-11-19,1773.19,996.59,88.95,0.0002,
2009-11-20,1764.39,996.59,88.9,0.0002,
2009-11-23,1792.94,996.59,89.14,0.0005,
2009-11-24,1786.25,996.59,88.58,0.0005,
2009-11-25,1793.67,996.59,87.65,0.0005,
2009-11-27,1765.46,996.59,86.87,0.0003,
2009-11-30,1767.43,1127.0,86.12,0.0006,
2009-12-01,1787.71,1127.0,86.62,0.0006,
2009-12-02,1790.82,1127.0,87.13,0.0005,
2009-12-03,1782.91,1127.0,88.2,0.0006,
2009-12-04,1791.91,1127.0,89.87,0.0006,
2009-12-07,1783.65,1127.0,89.44,0.0004,
2009-12-08,1772.73,1127.0,88.41,0.0003,
2009-12-09,1789.7,1127.0,87.83,0.0003,
2009-12-10,1799.37,1127.0,88.2,0.0002,
2009-12-11,1792.06,1127.0,89.23,0.0003,
2009-12-14,1809.09,1127.0,88.65,0.0004,
2009-12-15,1798.21,1127.0,89.91,0.0005,
2009-12-16,1800.82,1127.0,89.52,0.0004,
2009-12-17,1778.27,1127.0,90.35,0.0004,
2009-12-18,1807.36,1127.0,90.47,0.0005,
2009-12-21,1828.79,1127.0,90.95,0.0008,
2009-12-22,1839.51,1127.0,91.67,0.0008,
2009-12-23,1851.99,1127.0,91.52,0.0007000000000000001,
2009-12-24,1869.84,1127.0,91.69,0.0005,
2009-12-28,1878.18,1127.0,91.57,0.0011,
2009-12-29,1872.02,1127.0,91.95,0.001,
2009-12-30,1878.65,1127.0,92.66,0.0005,
2009-12-31,1860.31,1135.0,93.08,0.0006,
2010-01-04,1886.7,1135.0,92.55,0.0008,
2010-01-05,1888.43,1135.0,91.48,0.0007000000000000001,
2010-01-06,1878.42,1135.0,92.53,0.0006,
2010-01-07,1876.72,1135.0,93.31,0.0005,
2010-01-08,1892.59,1135.0,92.7,0.0005,
2010-01-11,1886.24,1135.0,91.9,0.0004,
2010-01-12,1861.79,1135.0,90.95,0.0005,
2010-01-13,1886.13,1135.0,91.38,0.0006,
2010-01-14,1886.52,1135.0,91.03,0.0005,
2010-01-15,1864.52,1135.0,90.79,0.0006,
2010-01-19,1895.48,1135.0,91.13,0.0006,
2010-01-20,1867.95,1135.0,91.23,0.0005,
2010-01-21,1850.57,1135.0,90.25,0.0006,
2010-01-22,1794.82,1135.0,90.07,0.0006,
2010-01-25,1802.39,1135.0,90.12,0.0006,
2010-01-26,1803.86,1135.0,89.63,0.0007000000000000001,
2010-01-27,1818.9,1135.0,89.41,0.0008,
2010-01-28,1771.1,1135.0,90.08,0.0008,
2010-01-29,1741.04,1135.0,90.38,0.0008,
2010-02-01,1760.72,1135.0,90.8,0.001,
2010-02-02,1776.92,1135.0,90.39,0.001,
2010-02-03,1784.7,1135.0,91.11,0.001,
2010-02-04,1732.99,1135.0,89.11,0.0009,
2010-02-05,1746.12,1135.0,89.25,0.001,
2010-02-08,1734.88,1135.0,89.32,0.0012,
2010-02-09,1753.84,1135.0,89.45,0.0012,
2010-02-10,1749.76,1135.0,89.88,0.0011,
2010-02-11,1775.74,1135.0,89.82,0.0011,
2010-02-12,1779.11,1135.0,90.0,0.001,
2010-02-16,1802.06,1135.0,90.46,0.001,
2010-02-17,1810.86,1135.0,90.79,0.001,
2010-02-18,1823.39,1135.0,91.43,0.001,
2010-02-19,1823.32,1135.0,91.94,0.0011,
2010-02-22,1817.63,1135.0,91.11,0.0011,
2010-02-23,1793.82,1135.0,90.04,0.0012,
2010-02-24,1812.51,1135.0,90.06,0.0012,
2010-02-25,1812.91,1135.0,88.85,0.0013,
2010-02-26,1818.68,1135.0,88.84,0.0013,
2010-03-01,1846.4,1135.0,89.28,0.0013,
2010-03-02,1851.21,1135.0,88.95,0.0014000000000000002,
2010-03-03,1851.57,1135.0,88.43,0.0014000000000000002,
2010-03-04,1859.72,1135.0,89.02,0.0014000000000000002,
2010-03-05,1888.56,1135.0,90.32,0.0015,
2010-03-08,1890.89,1135.0,90.3,0.0016,
2010-03-09,1901.38,1135.0,89.89,0.0016,
2010-03-10,1917.35,1135.0,90.62,0.0015,
2010-03-11,1923.81,1135.0,90.6,0.0016,
2010-03-12,1924.43,1135.0,90.46,0.0015,
2010-03-15,1920.09,1135.0,90.45,0.0017000000000000001,
2010-03-16,1932.24,1135.0,90.43,0.0016,
2010-03-17,1936.22,1135.0,90.42,0.0015,
2010-03-18,1943.94,1135.0,90.46,0.0016,
2010-03-19,1932.43,1135.0,90.5,0.0016,
2010-03-22,1949.59,1135.0,90.02,0.0015,
2010-03-23,1963.2,1135.0,90.24,0.0014000000000000002,
2010-03-24,1951.84,1135.0,91.89,0.0014000000000000002,
2010-03-25,1949.15,1135.0,92.69,0.0014000000000000002,
2010-03-26,1952.63,1135.0,92.56,0.0014000000000000002,
2010-03-29,1961.22,1135.0,92.65,0.0015,
2010-03-30,1967.96,1135.0,92.89,0.0016,
2010-03-31,1958.34,1113.0,93.4,0.0016,
2010-04-01,1959.56,1113.0,93.83,0.0016,
2010-04-05,1977.83,1113.0,94.28,0.0018,
2010-04-06,1981.95,1113.0,93.81,0.0017000000000000001,
2010-04-07,1977.3,1113.0,93.59,0.0017000000000000001,
2010-04-08,1980.73,1113.0,93.16,0.0017000000000000001,
2010-04-09,1994.43,1113.0,93.28,0.0016,
2010-04-12,1995.65,1113.0,93.21,0.0016,
2010-04-13,2003.81,1113.0,92.78,0.0016,
2010-04-14,2028.82,1113.0,93.01,0.0016,
2010-04-15,2038.64,1113.0,93.04,0.0016,
2010-04-16,2012.84,1113.0,92.03,0.0016,
2010-04-19,2013.53,1113.0,92.18,0.0016,
2010-04-20,2023.6,1113.0,93.28,0.0016,
2010-04-21,2034.53,1113.0,93.24,0.0015,
2010-04-22,2045.16,1113.0,93.01,0.0016,
2010-04-23,2055.33,1113.0,94.18,0.0016,
2010-04-26,2049.09,1113.0,94.06,0.0016,
2010-04-27,2006.25,1113.0,93.01,0.0016,
2010-04-28,2007.59,1113.0,94.07,0.0016,
2010-04-29,2042.89,1113.0,94.16,0.0017000000000000001,
2010-04-30,2000.63,1149.0,94.24,0.0016,
2010-05-03,2031.6,1149.0,94.68,0.0017000000000000001,
2010-05-04,1968.97,1149.0,94.58,0.0016,
2010-05-05,1958.26,1149.0,94.3,0.0015,
2010-05-06,1893.75,1149.0,92.22,0.0011,
2010-05-07,1849.44,1149.0,91.67,0.0013,
2010-05-10,1942.61,1149.0,93.39,0.0016,
2010-05-11,1940.48,1149.0,92.83,0.0016,
2010-05-12,1975.58,1149.0,92.93,0.0016,
2010-05-13,1945.52,1149.0,92.7,0.0016,
2010-05-14,1907.1,1149.0,91.94,0.0016,
2010-05-17,1915.45,1149.0,92.08,0.0016,
2010-05-18,1887.06,1149.0,92.52,0.0017000000000000001,
2010-05-19,1873.42,1149.0,91.16,0.0017000000000000001,
2010-05-20,1800.12,1149.0,90.07,0.0017000000000000001,
2010-05-21,1822.77,1149.0,90.21,0.0017000000000000001,
2010-05-24,1815.28,1149.0,90.49,0.0017000000000000001,
2010-05-25,1815.68,1149.0,89.89,0.0017000000000000001,
2010-05-26,1796.47,1149.0,90.28,0.0017000000000000001,
2010-05-27,1862.71,1149.0,90.71,0.0017000000000000001,
2010-05-28,1852.39,1149.0,90.81,0.0016,
2010-06-01,1835.04,1149.0,91.16,0.0016,
2010-06-02,1879.59,1149.0,92.21,0.0016,
2010-06-03,1895.66,1149.0,92.33,0.0014000000000000002,
2010-06-04,1832.04,1149.0,91.83,0.0014000000000000002,
2010-06-07,1798.16,1149.0,92.0,0.0012,
2010-06-08,1795.7,1149.0,91.3,0.0012,
2010-06-09,1778.92,1149.0,91.54,0.001,
2010-06-10,1830.09,1149.0,91.04,0.001,
2010-06-11,1847.15,1149.0,91.72,0.0008,
2010-06-14,1845.48,1149.0,91.8,0.0007000000000000001,
2010-06-15,1897.48,1149.0,91.25,0.0009,
2010-06-16,1905.31,1149.0,91.39,0.001,
2010-06-17,1910.65,1149.0,90.92,0.0009,
2010-06-18,1913.48,1149.0,90.79,0.0011,
2010-06-21,1895.84,1149.0,91.18,0.0012,
2010-06-22,1880.54,1149.0,90.59,0.0013,
2010-06-23,1874.42,1149.0,89.82,0.0013,
2010-06-24,1844.59,1149.0,89.4,0.0013,
2010-06-25,1838.52,1149.0,89.35,0.0013,
2010-06-28,1836.0,1149.0,89.23,0.0017000000000000001,
2010-06-29,1764.06,1149.0,88.39,0.0015,
2010-06-30,1739.14,1233.0,88.49,0.0018,
2010-07-01,1734.41,1233.0,87.42,0.0017000000000000001,
2010-07-02,1728.34,1233.0,87.69,0.0017000000000000001,
2010-07-06,1734.68,1233.0,87.55,0.0017000000000000001,
2010-07-07,1789.72,1233.0,87.16,0.0016,
2010-07-08,1798.31,1233.0,88.44,0.0015,
2010-07-09,1814.79,1233.0,88.48,0.0016,
2010-07-12,1821.03,1233.0,88.53,0.0016,
2010-07-13,1845.03,1233.0,88.24,0.0015,
2010-07-14,1853.41,1233.0,88.59,0.0015,
2010-07-15,1856.24,1233.0,87.41,0.0015,
2010-07-16,1803.48,1233.0,86.4,0.0015,
2010-07-19,1819.28,1233.0,86.77,0.0017000000000000001,
2010-07-20,1840.67,1233.0,87.22,0.0016,
2010-07-21,1817.3,1233.0,87.3,0.0016,
2010-07-22,1863.1,1233.0,87.0,0.0016,
2010-07-23,1875.38,1233.0,87.31,0.0016,
2010-07-26,1890.4,1233.0,87.2,0.0016,
2010-07-27,1888.81,1233.0,87.88,0.0015,
2010-07-28,1872.62,1233.0,87.62,0.0015,
2010-07-29,1860.3,1233.0,86.87,0.0015,
2010-07-30,1864.0,1233.0,86.43,0.0015,
2010-08-02,1898.99,1233.0,86.42,0.0016,
2010-08-03,1891.81,1233.0,85.88,0.0016,
2010-08-04,1909.2,1233.0,86.26,0.0016,
2010-08-05,1904.95,1233.0,85.83,0.0015,
2010-08-06,1902.88,1233.0,85.25,0.0015,
2010-08-09,1915.17,1233.0,85.88,0.0015,
2010-08-10,1899.24,1233.0,85.88,0.0015,
2010-08-11,1845.38,1233.0,85.36,0.0015,
2010-08-12,1832.17,1233.0,85.83,0.0016,
2010-08-13,1818.8,1233.0,86.2,0.0015,
2010-08-16,1821.51,1233.0,85.33,0.0016,
2010-08-17,1845.37,1233.0,85.51,0.0017000000000000001,
2010-08-18,1850.8,1233.0,85.31,0.0016,
2010-08-19,1823.0,1233.0,85.27,0.0016,
2010-08-20,1825.75,1233.0,85.63,0.0015,
2010-08-23,1808.31,1233.0,85.16,0.0016,
2010-08-24,1775.27,1233.0,84.16,0.0016,
2010-08-25,1790.88,1233.0,84.56,0.0016,
2010-08-26,1769.02,1233.0,84.61,0.0016,
2010-08-27,1791.64,1233.0,85.1,0.0015,
2010-08-30,1772.07,1233.0,84.67,0.0014000000000000002,
2010-08-31,1767.43,1216.0,84.1,0.0014000000000000002,
2010-09-01,1820.05,1216.0,84.48,0.0013,
2010-09-02,1840.58,1216.0,84.15,0.0014000000000000002,
2010-09-03,1870.31,1216.0,84.45,0.0014000000000000002,
2010-09-07,1856.5,1216.0,83.75,0.0014000000000000002,
2010-09-08,1880.0,1216.0,83.85,0.0014000000000000002,
2010-09-09,1886.14,1216.0,83.83,0.0014000000000000002,
2010-09-10,1892.34,1216.0,84.13,0.0014000000000000002,
2010-09-13,1921.67,1216.0,83.53,0.0015,
2010-09-14,1928.59,1216.0,83.05,0.0015,
2010-09-15,1939.6,1216.0,85.63,0.0015,
2010-09-16,1948.11,1216.0,85.72,0.0016,
2010-09-17,1955.83,1216.0,85.77,0.0016,
2010-09-20,1989.43,1216.0,85.74,0.0017000000000000001,
2010-09-21,1989.11,1216.0,85.36,0.0017000000000000001,
2010-09-22,1982.76,1216.0,84.37,0.0016,
2010-09-23,1982.15,1216.0,84.32,0.0016,
2010-09-24,2023.84,1216.0,84.24,0.0015,
2010-09-27,2010.99,1216.0,84.17,0.0016,
2010-09-28,2012.43,1216.0,83.82,0.0016,
2010-09-29,2009.08,1216.0,83.61,0.0016,
2010-09-30,1998.04,1271.0,83.53,0.0016,
2010-10-01,1996.6,1271.0,83.3,0.0016,
2010-10-04,1975.33,1271.0,83.33,0.0013,
2010-10-05,2024.63,1271.0,83.17,0.0012,
2010-10-06,2006.52,1271.0,82.8,0.0013,
2010-10-07,2011.63,1271.0,82.35,0.0013,
2010-10-08,2027.03,1271.0,81.86,0.0012,
2010-10-11,2026.98,1271.0,81.86,0.0012,
2010-10-12,2041.55,1271.0,81.74,0.0013,
2010-10-13,2057.25,1271.0,81.81,0.0013,
2010-10-14,2054.51,1271.0,81.44,0.0014000000000000002,
2010-10-15,2097.73,1271.0,81.32,0.0014000000000000002,
2010-10-18,2104.15,1271.0,81.16,0.0015,
2010-10-19,2069.73,1271.0,81.6,0.0014000000000000002,
2010-10-20,2085.75,1271.0,81.14,0.0014000000000000002,
2010-10-21,2090.1,1271.0,81.16,0.0013,
2010-10-22,2104.21,1271.0,81.48,0.0013,
2010-10-25,2113.55,1271.0,80.61,0.0014000000000000002,
2010-10-26,2119.05,1271.0,81.28,0.0014000000000000002,
2010-10-27,2125.88,1271.0,81.55,0.0014000000000000002,
2010-10-28,2129.73,1271.0,80.99,0.0013,
2010-10-29,2124.45,1271.0,80.48,0.0012,
2010-11-01,2128.42,1271.0,80.66,0.0013,
2010-11-02,2151.72,1271.0,80.8,0.0013,
2010-11-03,2158.36,1271.0,81.41,0.0013,
2010-11-04,2187.8,1271.0,80.61,0.0013,
2010-11-05,2186.71,1271.0,81.35,0.0013,
2010-11-08,2188.94,1271.0,81.14,0.0013,
2010-11-09,2176.88,1271.0,81.15,0.0013,
2010-11-10,2187.74,1271.0,82.53,0.0013,
2010-11-11,2173.11,1271.0,82.53,0.0013,
2010-11-12,2137.95,1271.0,82.44,0.0013,
2010-11-15,2131.48,1271.0,82.9,0.0014000000000000002,
2010-11-16,2093.63,1271.0,83.41,0.0015,
2010-11-17,2100.0,1271.0,83.15,0.0014000000000000002,
2010-11-18,2134.77,1271.0,83.64,0.0015,
2010-11-19,2135.27,1271.0,83.49,0.0014000000000000002,
2010-11-22,2150.86,1271.0,83.46,0.0015,
2010-11-23,2116.61,1271.0,82.86,0.0015,
2010-11-24,2160.52,1271.0,83.38,0.0016,
2010-11-26,2153.91,1271.0,84.08,0.0016,
2010-11-29,2144.56,1271.0,84.34,0.0018,
2010-11-30,2117.33,1369.89,83.56,0.0017000000000000001,
2010-12-01,2162.83,1369.89,84.0,0.0016,
2010-12-02,2185.3,1369.89,83.53,0.0016,
2010-12-03,2191.17,1369.89,82.73,0.0014000000000000002,
2010-12-06,2189.81,1369.89,82.7,0.0015,
2010-12-07,2189.35,1369.89,83.04,0.0014000000000000002,
2010-12-08,2200.6,1369.89,84.16,0.0015,
2010-12-09,2201.57,1369.89,83.85,0.0014000000000000002,
2010-12-10,2215.34,1369.89,83.87,0.0013,
2010-12-13,2207.45,1369.89,83.57,0.0015,
2010-12-14,2212.59,1369.89,83.52,0.0015,
2010-12-15,2202.45,1369.89,84.04,0.0014000000000000002,
2010-12-16,2218.02,1369.89,84.23,0.0013,
2010-12-17,2218.29,1369.89,84.15,0.0011,
2010-12-20,2223.04,1369.89,83.72,0.0014000000000000002,
2010-12-21,2234.57,1369.89,83.76,0.0014000000000000002,
2010-12-22,2235.91,1369.89,83.56,0.0014000000000000002,
2010-12-23,2230.27,1369.89,82.97,0.0014000000000000002,
2010-12-27,2229.86,1369.89,82.91,0.0017000000000000001,
2010-12-28,2227.42,1369.89,82.21,0.0015,
2010-12-29,2231.64,1369.89,81.9,0.0013,
2010-12-30,2225.72,1369.89,81.67,0.0012,
2010-12-31,2217.86,1391.0,81.67,0.0012,
2011-01-03,2254.23,1391.0,81.56,0.0015,
2011-01-04,2251.46,1391.0,81.96,0.0014000000000000002,
2011-01-05,2270.4,1391.0,83.22,0.0014000000000000002,
2011-01-06,2277.51,1391.0,83.15,0.0015,
2011-01-07,2276.7,1391.0,83.04,0.0014000000000000002,
2011-01-10,2284.38,1391.0,82.78,0.0015,
2011-01-11,2288.73,1391.0,83.36,0.0015,
2011-01-12,2304.88,1391.0,83.29,0.0015,
2011-01-13,2305.53,1391.0,82.72,0.0015,
2011-01-14,2323.43,1391.0,82.99,0.0015,
2011-01-18,2328.79,1391.0,82.66,0.0016,
2011-01-19,2303.32,1391.0,82.03,0.0016,
2011-01-20,2286.08,1391.0,83.02,0.0016,
2011-01-21,2268.32,1391.0,82.63,0.0016,
2011-01-24,2300.39,1391.0,82.44,0.0016,
2011-01-25,2304.03,1391.0,82.35,0.0016,
2011-01-26,2314.19,1391.0,82.27,0.0016,
2011-01-27,2330.07,1391.0,83.03,0.0015,
2011-01-28,2270.51,1391.0,82.03,0.0015,
2011-01-31,2281.91,1360.0,81.97,0.0015,
2011-02-01,2324.95,1360.0,81.48,0.0015,
2011-02-02,2321.09,1360.0,81.82,0.0016,
2011-02-03,2323.07,1360.0,81.48,0.0014000000000000002,
2011-02-04,2338.2,1360.0,81.99,0.0015,
2011-02-07,2349.2,1360.0,82.4,0.0016,
2011-02-08,2363.61,1360.0,81.92,0.0015,
2011-02-09,2360.95,1360.0,82.47,0.0014000000000000002,
2011-02-10,2364.35,1360.0,83.11,0.0012,
2011-02-11,2379.15,1360.0,83.52,0.0012,
2011-02-14,2385.6,1360.0,83.32,0.0013,
2011-02-15,2381.92,1360.0,83.79,0.0013,
2011-02-16,2397.94,1360.0,83.73,0.0012,
2011-02-17,2397.57,1360.0,83.25,0.0009,
2011-02-18,2392.47,1360.0,83.22,0.001,
2011-02-22,2322.86,1360.0,82.94,0.0012,
2011-02-23,2300.94,1360.0,82.39,0.0012,
2011-02-24,2313.31,1360.0,81.67,0.0013,
2011-02-25,2346.29,1360.0,81.76,0.0013,
2011-02-28,2350.99,1375.0,81.94,0.0015,
2011-03-01,2315.26,1375.0,81.86,0.0014000000000000002,
2011-03-02,2326.77,1375.0,81.62,0.0013,
2011-03-03,2371.76,1375.0,82.41,0.0013,
2011-03-04,2359.96,1375.0,82.35,0.0012,
2011-03-07,2328.07,1375.0,82.12,0.0011,
2011-03-08,2337.55,1375.0,82.69,0.0011,
2011-03-09,2322.69,1375.0,82.78,0.001,
2011-03-10,2284.29,1375.0,82.98,0.0008,
2011-03-11,2299.26,1375.0,81.77,0.0008,
2011-03-14,2290.72,1375.0,81.65,0.0009,
2011-03-15,2259.62,1375.0,80.82,0.001,
2011-03-16,2202.97,1375.0,80.17,0.001,
2011-03-17,2225.24,1375.0,78.74,0.0008,
2011-03-18,2221.07,1375.0,81.14,0.0007000000000000001,
2011-03-21,2262.7,1375.0,81.11,0.001,
2011-03-22,2257.96,1375.0,81.0,0.001,
2011-03-23,2270.5,1375.0,80.94,0.0009,
2011-03-24,2312.09,1375.0,80.82,0.0009,
2011-03-25,2316.36,1375.0,81.12,0.0009,
2011-03-28,2303.1,1375.0,81.67,0.0011,
2011-03-29,2325.54,1375.0,82.38,0.001,
2011-03-30,2336.52,1375.0,82.98,0.001,
2011-03-31,2338.99,1423.0,82.76,0.0009,
2011-04-01,2342.92,1423.0,84.05,0.0007000000000000001,
2011-04-04,2334.54,1423.0,83.98,0.0006,
2011-04-05,2327.87,1423.0,84.65,0.0007000000000000001,
2011-04-06,2332.34,1423.0,85.26,0.0006,
2011-04-07,2332.88,1423.0,84.98,0.0004,
2011-04-08,2321.18,1423.0,84.99,0.0004,
2011-04-11,2314.5,1423.0,84.58,0.0005,
2011-04-12,2298.3,1423.0,83.79,0.0005,
2011-04-13,2316.63,1423.0,83.59,0.0006,
2011-04-14,2311.25,1423.0,83.23,0.0007000000000000001,
2011-04-15,2307.58,1423.0,83.13,0.0007000000000000001,
2011-04-18,2292.34,1423.0,82.43,0.0007000000000000001,
2011-04-19,2306.77,1423.0,82.41,0.0006,
2011-04-20,2357.76,1423.0,82.58,0.0006,
2011-04-21,2377.3,1423.0,81.81,0.0006,
2011-04-25,2383.72,1423.0,81.93,0.0007000000000000001,
2011-04-26,2396.03,1423.0,81.93,0.0007000000000000001,
2011-04-27,2413.59,1423.0,82.6,0.0006,
2011-04-28,2409.9,1423.0,81.57,0.0004,
2011-04-29,2404.08,1423.0,81.31,0.0004,
2011-05-02,2404.24,1423.0,81.23,0.0005,
2011-05-03,2392.8,1423.0,81.02,0.0003,
2011-05-04,2387.51,1423.0,80.69,0.0003,
2011-05-05,2375.21,1423.0,80.12,0.0002,
2011-05-06,2383.18,1423.0,80.51,0.0002,
2011-05-09,2390.97,1423.0,80.66,0.0003,
2011-05-10,2411.35,1423.0,80.75,0.0003,
2011-05-11,2393.08,1423.0,80.78,0.0003,
2011-05-12,2407.89,1423.0,80.75,0.0002,
2011-05-13,2379.24,1423.0,80.76,0.0003,
2011-05-16,2337.85,1423.0,80.82,0.0004,
2011-05-17,2343.51,1423.0,81.39,0.0004,
2011-05-18,2362.95,1423.0,81.37,0.0005,
2011-05-19,2369.67,1423.0,81.78,0.0005,
2011-05-20,2351.43,1423.0,81.64,0.0005,
2011-05-23,2316.78,1423.0,81.81,0.0006,
2011-05-24,2303.55,1423.0,82.12,0.0006,
2011-05-25,2310.95,1423.0,81.96,0.0006,
2011-05-26,2325.93,1423.0,81.44,0.0005,
2011-05-27,2336.09,1423.0,80.75,0.0005,
2011-05-31,2372.54,1513.0,81.29,0.0006,
2011-06-01,2322.48,1513.0,80.82,0.0005,
2011-06-02,2326.7,1513.0,80.98,0.0004,
2011-06-03,2292.31,1513.0,80.38,0.0004,
2011-06-06,2274.48,1513.0,80.19,0.0005,
2011-06-07,2268.96,1513.0,80.21,0.0005,
2011-06-08,2252.89,1513.0,79.87,0.0004,
2011-06-09,2256.65,1513.0,80.07,0.0005,
2011-06-10,2221.09,1513.0,80.26,0.0005,
2011-06-13,2222.28,1513.0,80.16,0.0005,
2011-06-14,2250.34,1513.0,80.5,0.0005,
2011-06-15,2209.01,1513.0,80.71,0.0005,
2011-06-16,2199.93,1513.0,80.7,0.0005,
2011-06-17,2192.96,1513.0,80.1,0.0004,
2011-06-20,2204.36,1513.0,80.26,0.0003,
2011-06-21,2251.82,1513.0,80.15,0.0003,
2011-06-22,2235.75,1513.0,80.06,0.0002,
2011-06-23,2255.05,1513.0,80.45,0.0001,
2011-06-24,2217.06,1513.0,80.32,0.0002,
2011-06-27,2252.24,1513.0,80.89,0.0002,
2011-06-28,2285.75,1513.0,80.85,0.0003,
2011-06-29,2294.43,1513.0,80.8,0.0002,
2011-06-30,2325.07,1529.0,80.64,0.0003,
2011-07-01,2361.39,1529.0,80.81,0.0002,
2011-07-05,2371.21,1529.0,81.14,0.0002,
2011-07-06,2378.58,1529.0,80.9,0.0001,
2011-07-07,2412.89,1529.0,81.26,0.0003,
2011-07-08,2405.89,1529.0,80.64,0.0003,
2011-07-11,2362.0,1529.0,80.37,0.0003,
2011-07-12,2343.79,1529.0,79.53,0.0003,
2011-07-13,2352.43,1529.0,78.99,0.0001,
2011-07-14,2325.06,1529.0,79.11,0.0001,
2011-07-15,2356.67,1529.0,79.03,0.0002,
2011-07-18,2344.01,1529.0,79.1,0.0002,
2011-07-19,2398.17,1529.0,78.91,0.0003,
2011-07-20,2387.8,1529.0,78.76,0.0002,
2011-07-21,2404.24,1529.0,78.47,0.0005,
2011-07-22,2429.5,1529.0,78.44,0.0005,
2011-07-25,2424.15,1529.0,78.31,0.0005,
2011-07-26,2429.45,1529.0,78.04,0.0007000000000000001,
2011-07-27,2367.16,1529.0,77.99,0.0008,
2011-07-28,2371.77,1529.0,77.87,0.0007000000000000001,
2011-07-29,2362.81,1529.0,77.18,0.001,
2011-08-01,2354.05,1529.0,76.87,0.001,
2011-08-02,2292.85,1529.0,77.13,0.0006,
2011-08-03,2312.78,1529.0,76.87,0.0002,
2011-08-04,2207.2,1529.0,79.01,0.0002,
2011-08-05,2194.38,1529.0,78.48,0.0001,
2011-08-08,2060.29,1529.0,77.53,0.0005,
2011-08-09,2160.79,1529.0,77.16,0.0003,
2011-08-10,2073.09,1529.0,76.41,0.0002,
2011-08-11,2167.07,1529.0,76.68,0.0003,
2011-08-12,2182.05,1529.0,76.79,0.0002,
2011-08-15,2214.12,1529.0,76.73,0.0002,
2011-08-16,2194.27,1529.0,76.76,0.0003,
2011-08-17,2181.62,1529.0,76.46,0.0001,
2011-08-18,2073.03,1529.0,76.52,0.0001,
2011-08-19,2038.22,1529.0,76.46,0.0002,
2011-08-22,2044.73,1529.0,76.77,0.0001,
2011-08-23,2129.27,1529.0,76.59,0.0001,
2011-08-24,2145.04,1529.0,76.78,0.0002,
2011-08-25,2108.21,1529.0,77.38,0.0001,
2011-08-26,2161.97,1529.0,76.62,0.0001,
2011-08-29,2223.96,1529.0,76.96,0.0002,
2011-08-30,2237.69,1529.0,76.75,0.0001,
2011-08-31,2241.01,1759.0,76.5,0.0002,
2011-09-01,2219.05,1759.0,76.81,0.0002,
2011-09-02,2167.83,1759.0,76.79,0.0002,
2011-09-06,2167.6,1759.0,77.48,0.0002,
2011-09-07,2223.75,1759.0,77.39,0.0002,
2011-09-08,2214.29,1759.0,77.43,0.0002,
2011-09-09,2163.66,1759.0,77.31,0.0001,
2011-09-12,2191.84,1759.0,77.15,0.0001,
2011-09-13,2220.58,1759.0,76.88,0.0001,
2011-09-14,2252.75,1759.0,76.71,0.0001,
2011-09-15,2286.56,1759.0,76.7,0.0001,
2011-09-16,2306.09,1759.0,76.89,0.0001,
2011-09-19,2308.76,1759.0,76.48,0.0001,
2011-09-20,2295.89,1759.0,76.52,0.0001,
2011-09-21,2258.3,1759.0,76.38,0.0001,
2011-09-22,2184.59,1759.0,76.31,0.0,
2011-09-23,2206.86,1759.0,76.3,0.0001,
2011-09-26,2234.28,1759.0,76.35,0.0002,
2011-09-27,2253.55,1759.0,76.6,0.0001,
2011-09-28,2220.84,1759.0,76.51,0.0002,
2011-09-29,2197.68,1759.0,76.68,0.0002,
2011-09-30,2139.18,1772.0,77.04,0.0002,
2011-10-03,2085.04,1772.0,76.66,0.0002,
2011-10-04,2129.21,1772.0,76.86,0.0001,
2011-10-05,2182.77,1772.0,76.86,0.0,
2011-10-06,2217.99,1772.0,76.64,0.0001,
2011-10-07,2202.76,1772.0,76.77,0.0001,
2011-10-10,2278.65,1772.0,76.77,0.0001,
2011-10-11,2294.92,1772.0,76.66,0.0002,
2011-10-12,2307.18,1772.0,77.3,0.0002,
2011-10-13,2326.88,1772.0,76.88,0.0002,
2011-10-14,2371.94,1772.0,77.36,0.0002,
2011-10-17,2334.38,1772.0,76.8,0.0004,
2011-10-18,2364.87,1772.0,76.75,0.0004,
2011-10-19,2316.81,1772.0,76.79,0.0003,
2011-10-20,2306.29,1772.0,76.91,0.0003,
2011-10-21,2335.93,1772.0,76.1,0.0002,
2011-10-24,2384.42,1772.0,76.1,0.0002,
2011-10-25,2335.87,1772.0,75.88,0.0001,
2011-10-26,2334.79,1772.0,76.05,0.0002,
2011-10-27,2399.83,1772.0,75.8,0.0002,
2011-10-28,2401.29,1772.0,75.72,0.0001,
2011-10-31,2360.08,1666.43,77.97,0.0001,
2011-11-01,2298.37,1666.43,78.28,0.0001,
2011-11-02,2318.32,1666.43,78.04,0.0001,
2011-11-03,2367.71,1666.43,77.96,0.0001,
2011-11-04,2356.32,1666.43,78.17,0.0001,
2011-11-07,2371.04,1666.43,78.06,0.0001,
2011-11-08,2400.01,1666.43,77.79,0.0001,
2011-11-09,2314.1,1666.43,77.77,0.0001,
2011-11-10,2312.07,1666.43,77.58,0.0001,
2011-11-11,2355.78,1666.43,77.58,0.0001,
2011-11-14,2341.32,1666.43,77.02,0.0001,
2011-11-15,2366.24,1666.43,76.99,0.0001,
2011-11-16,2324.37,1666.43,77.02,0.0001,
2011-11-17,2272.09,1666.43,76.98,0.0002,
2011-11-18,2253.95,1666.43,76.93,0.0001,
2011-11-21,2211.14,1666.43,76.97,0.0002,
2011-11-22,2216.33,1666.43,77.07,0.0002,
2011-11-23,2166.54,1666.43,77.41,0.0002,
2011-11-25,2150.88,1666.43,77.66,0.0002,
2011-11-28,2224.22,1666.43,78.05,0.0003,
2011-11-29,2211.39,1666.43,77.86,0.0002,
2011-11-30,2295.2,1739.0,77.58,0.0001,
2011-12-01,2309.2,1739.0,77.6,0.0001,
2011-12-02,2302.04,1739.0,77.88,0.0002,
2011-12-05,2326.95,1739.0,77.77,0.0001,
2011-12-06,2321.49,1739.0,77.73,0.0001,
2011-12-07,2320.54,1739.0,77.69,0.0002,
2011-12-08,2282.59,1739.0,77.67,0.0001,
2011-12-09,2318.68,1739.0,77.58,0.0001,
2011-12-12,2292.24,1739.0,77.87,0.0001,
2011-12-13,2268.37,1739.0,77.86,0.0001,
2011-12-14,2233.03,1739.0,78.08,0.0001,
2011-12-15,2226.71,1739.0,77.87,0.0,
2011-12-16,2238.18,1739.0,77.65,0.0,
2011-12-19,2215.27,1739.0,77.96,0.0001,
2011-12-20,2281.94,1739.0,77.76,0.0001,
2011-12-21,2249.03,1739.0,78.0,0.0001,
2011-12-22,2266.77,1739.0,78.13,0.0001,
2011-12-23,2287.57,1739.0,78.13,0.0001,
2011-12-27,2293.12,1739.0,77.83,0.0002,
2011-12-28,2267.08,1739.0,77.98,0.0001,
2011-12-29,2285.07,1739.0,77.71,0.0002,
2011-12-30,2277.83,1739.0,76.98,0.0002,
2012-01-03,2321.96,1739.0,76.67,0.0002,
2012-01-04,2329.71,1739.0,76.68,0.0002,
2012-01-05,2348.98,1739.0,77.18,0.0002,
2012-01-06,2356.17,1739.0,77.06,0.0002,
2012-01-09,2350.65,1739.0,76.88,0.0001,
2012-01-10,2367.38,1739.0,76.84,0.0002,
2012-01-11,2372.25,1739.0,76.9,0.0002,
2012-01-12,2381.99,1739.0,76.76,0.0003,
2012-01-13,2371.98,1739.0,76.9,0.0003,
2012-01-17,2393.24,1739.0,76.8,0.0003,
2012-01-18,2425.96,1739.0,76.81,0.0003,
2012-01-19,2441.7,1739.0,77.23,0.0005,
2012-01-20,2437.02,1739.0,76.97,0.0005,
2012-01-23,2437.22,1739.0,76.92,0.0004,
2012-01-24,2433.96,1739.0,77.78,0.0004,
2012-01-25,2465.66,1739.0,78.13,0.0004,
2012-01-26,2454.63,1739.0,77.47,0.0005,
2012-01-27,2461.77,1739.0,76.68,0.0006,
2012-01-30,2465.32,1739.0,76.28,0.0005,
2012-01-31,2467.95,1654.0,76.34,0.0006,
2012-02-01,2488.18,1654.0,76.11,0.0006,
2012-02-02,2495.83,1654.0,76.13,0.0008,
2012-02-03,2529.17,1654.0,76.54,0.0008,
2012-02-06,2528.3,1654.0,76.54,0.0008,
2012-02-07,2532.06,1654.0,76.88,0.0008,
2012-02-08,2545.72,1654.0,76.9,0.0009,
2012-02-09,2563.93,1654.0,77.42,0.0009,
2012-02-10,2547.32,1654.0,77.57,0.0009,
2012-02-13,2569.49,1654.0,77.52,0.0011,
2012-02-14,2575.24,1654.0,78.39,0.0012,
2012-02-15,2556.01,1654.0,78.22,0.0011,
2012-02-16,2592.29,1654.0,78.77,0.001,
2012-02-17,2584.24,1654.0,79.33,0.0009,
2012-02-21,2590.24,1654.0,79.73,0.0008,
2012-02-22,2579.78,1654.0,80.3,0.0009,
2012-02-23,2594.93,1654.0,80.21,0.0009,
2012-02-24,2604.21,1654.0,80.88,0.001,
2012-02-27,2606.76,1654.0,80.42,0.0012,
2012-02-28,2633.46,1654.0,80.44,0.001,
2012-02-29,2623.1,1745.0,81.1,0.0008,
2012-03-01,2643.54,1745.0,81.16,0.0008,
2012-03-02,2641.58,1745.0,81.56,0.0007000000000000001,
2012-03-05,2614.92,1745.0,81.43,0.0008,
2012-03-06,2588.95,1745.0,80.86,0.0008,
2012-03-07,2607.85,1745.0,81.06,0.0008,
2012-03-08,2637.18,1745.0,81.5,0.0008,
2012-03-09,2646.85,1745.0,82.59,0.0009,
2012-03-12,2646.85,1745.0,82.21,0.0009,
2012-03-13,2697.43,1745.0,82.66,0.0008,
2012-03-14,2708.41,1745.0,83.78,0.0009,
2012-03-15,2714.79,1745.0,83.28,0.0008,
2012-03-16,2712.78,1745.0,83.34,0.0009,
2012-03-19,2733.26,1745.0,83.31,0.001,
2012-03-20,2737.63,1745.0,83.62,0.001,
2012-03-21,2736.88,1745.0,83.62,0.0009,
2012-03-22,2731.5,1745.0,82.5,0.0008,
2012-03-23,2728.55,1745.0,82.35,0.0008,
2012-03-26,2778.02,1745.0,82.84,0.0009,
2012-03-27,2782.12,1745.0,83.15,0.0009,
2012-03-28,2770.97,1745.0,82.74,0.0009,
2012-03-29,2762.05,1745.0,82.28,0.0007000000000000001,
2012-03-30,2755.27,1745.0,82.41,0.0007000000000000001,
2012-04-02,2784.42,1745.0,82.16,0.0008,
2012-04-03,2782.78,1745.0,82.18,0.0008,
2012-04-04,2745.0,1745.0,82.62,0.0008,
2012-04-05,2762.5,1745.0,82.33,0.0008,
2012-04-09,2739.98,1745.0,81.36,0.0009,
2012-04-10,2695.12,1745.0,80.94,0.0009,
2012-04-11,2708.13,1745.0,80.88,0.0009,
2012-04-12,2740.26,1745.0,80.87,0.0009,
2012-04-13,2698.99,1745.0,80.99,0.0009,
2012-04-16,2670.1,1745.0,80.46,0.0008,
2012-04-17,2723.58,1745.0,80.72,0.0008,
2012-04-18,2716.14,1745.0,81.29,0.0007000000000000001,
2012-04-19,2686.82,1745.0,81.57,0.0007000000000000001,
2012-04-20,2676.04,1745.0,81.6,0.0008,
2012-04-23,2653.5,1745.0,81.16,0.0008,
2012-04-24,2638.73,1745.0,81.21,0.0009,
2012-04-25,2709.62,1745.0,81.33,0.0009,
2012-04-26,2725.23,1745.0,80.78,0.0009,
2012-04-27,2741.34,1745.0,80.48,0.0009,
2012-04-30,2723.68,1649.0,79.81,0.001,
2012-05-01,2726.92,1649.0,80.17,0.0009,
2012-05-02,2734.77,1649.0,80.19,0.0008,
2012-05-03,2704.59,1649.0,80.36,0.0009,
2012-05-04,2637.92,1649.0,79.84,0.0007000000000000001,
2012-05-07,2639.28,1649.0,79.88,0.001,
2012-05-08,2629.87,1649.0,79.79,0.0009,
2012-05-09,2621.35,1649.0,79.64,0.0009,
2012-05-10,2616.24,1649.0,79.91,0.001,
2012-05-11,2615.98,1649.0,79.86,0.001,
2012-05-14,2590.28,1649.0,79.83,0.001,
2012-05-15,2580.75,1649.0,80.09,0.0009,
2012-05-16,2561.56,1649.0,80.32,0.001,
2012-05-17,2509.05,1649.0,79.26,0.001,
2012-05-18,2478.53,1649.0,79.14,0.0008,
2012-05-21,2545.43,1649.0,79.31,0.0009,
2012-05-22,2539.2,1649.0,79.98,0.0009,
2012-05-23,2547.08,1649.0,79.33,0.0009,
2012-05-24,2531.35,1649.0,79.47,0.001,
2012-05-25,2527.05,1649.0,79.64,0.0009,
2012-05-29,2558.97,1649.0,79.44,0.0009,
2012-05-30,2537.4,1649.0,78.93,0.0007000000000000001,
2012-05-31,2524.87,1589.0,78.29,0.0007000000000000001,
2012-06-01,2458.83,1589.0,78.21,0.0007000000000000001,
2012-06-04,2478.13,1589.0,78.3,0.0008,
2012-06-05,2487.5,1589.0,78.57,0.0008,
2012-06-06,2546.32,1589.0,79.11,0.0009,
2012-06-07,2535.41,1589.0,79.67,0.0009,
2012-06-08,2559.21,1589.0,79.47,0.0009,
2012-06-11,2517.18,1589.0,79.5,0.0009,
2012-06-12,2546.2,1589.0,79.44,0.001,
2012-06-13,2527.44,1589.0,79.35,0.001,
2012-06-14,2539.97,1589.0,79.29,0.0011,
2012-06-15,2571.23,1589.0,78.65,0.0009,
2012-06-18,2592.52,1589.0,78.95,0.001,
2012-06-19,2620.83,1589.0,78.92,0.0009,
2012-06-20,2623.33,1589.0,79.54,0.0009,
2012-06-21,2556.96,1589.0,80.18,0.0009,
2012-06-22,2585.53,1589.0,80.52,0.0009,
2012-06-25,2533.54,1589.0,79.5,0.001,
2012-06-26,2549.84,1589.0,79.46,0.001,
2012-06-27,2565.53,1589.0,79.83,0.0009,
2012-06-28,2536.65,1589.0,79.35,0.0009,
2012-06-29,2615.72,1589.0,79.81,0.0009,
2012-07-02,2625.03,1589.0,79.42,0.001,
2012-07-03,2645.84,1589.0,79.77,0.0009,
2012-07-05,2647.47,1589.0,79.95,0.0008,
2012-07-06,2612.29,1589.0,79.61,0.0008,
2012-07-09,2610.31,1589.0,79.66,0.0009,
2012-07-10,2585.52,1589.0,79.44,0.0009,
2012-07-11,2570.99,1589.0,79.7,0.001,
2012-07-12,2545.3,1589.0,79.29,0.001,
2012-07-13,2584.97,1589.0,79.2,0.001,
2012-07-16,2577.06,1589.0,78.8,0.001,
2012-07-17,2591.65,1589.0,79.04,0.001,
2012-07-18,2625.88,1589.0,78.79,0.0009,
2012-07-19,2655.81,1589.0,78.6,0.0009,
2012-07-20,2618.05,1589.0,78.49,0.0009,
2012-07-23,2589.93,1589.0,78.38,0.001,
2012-07-24,2567.46,1589.0,78.19,0.001,
2012-07-25,2549.21,1589.0,78.21,0.001,
2012-07-26,2584.85,1589.0,78.24,0.0011,
2012-07-27,2647.03,1589.0,78.55,0.0011,
2012-07-30,2642.12,1589.0,78.2,0.0011,
2012-07-31,2642.53,1594.0,78.1,0.0011,
2012-08-01,2635.13,1594.0,78.19,0.001,
2012-08-02,2625.52,1594.0,78.22,0.0009,
2012-08-03,2676.0,1594.0,78.6,0.0009,
2012-08-06,2694.09,1594.0,78.17,0.001,
2012-08-07,2717.16,1594.0,78.71,0.0011,
2012-08-08,2714.02,1594.0,78.44,0.0011,
2012-08-09,2719.61,1594.0,78.64,0.0011,
2012-08-10,2722.96,1594.0,78.24,0.001,
2012-08-13,2728.68,1594.0,78.34,0.0011,
2012-08-14,2727.79,1594.0,78.82,0.0011,
2012-08-15,2735.47,1594.0,78.89,0.0009,
2012-08-16,2768.09,1594.0,79.25,0.0009,
2012-08-17,2780.3,1594.0,79.5,0.0009,
2012-08-20,2784.33,1594.0,79.41,0.0011,
2012-08-21,2772.2,1594.0,79.43,0.0011,
2012-08-22,2783.42,1594.0,79.19,0.0011,
2012-08-23,2762.02,1594.0,78.46,0.0011,
2012-08-24,2778.05,1594.0,78.65,0.001,
2012-08-27,2782.55,1594.0,78.67,0.0011,
2012-08-28,2782.69,1594.0,78.5,0.001,
2012-08-29,2784.0,1594.0,78.72,0.0012,
2012-08-30,2753.74,1594.0,78.55,0.001,
2012-08-31,2772.24,1630.0,78.3,0.0009,
2012-09-04,2772.03,1630.0,78.35,0.001,
2012-09-05,2766.95,1630.0,78.34,0.0011,
2012-09-06,2829.71,1630.0,78.96,0.0011,
2012-09-07,2825.11,1630.0,78.14,0.0011,
2012-09-10,2788.35,1630.0,78.24,0.001,
2012-09-11,2784.89,1630.0,77.78,0.001,
2012-09-12,2791.68,1630.0,77.86,0.001,
2012-09-13,2831.35,1630.0,77.41,0.001,
2012-09-14,2855.23,1630.0,78.22,0.0011,
2012-09-17,2856.44,1630.0,78.68,0.0011,
2012-09-18,2857.38,1630.0,78.59,0.001,
2012-09-19,2864.03,1630.0,78.4,0.0011,
2012-09-20,2861.7,1630.0,78.3,0.0011,
2012-09-21,2861.64,1630.0,78.17,0.0011,
2012-09-24,2843.98,1630.0,77.9,0.0011,
2012-09-25,2804.53,1630.0,77.91,0.0011,
2012-09-26,2781.63,1630.0,77.78,0.0011,
2012-09-27,2821.6,1630.0,77.62,0.0009,
2012-09-28,2799.19,1630.0,77.92,0.001,
2012-10-01,2794.28,1630.0,78.0,0.0009,
2012-10-02,2799.29,1630.0,78.01,0.0009,
2012-10-03,2818.84,1630.0,78.57,0.0009,
2012-10-04,2828.6,1630.0,78.44,0.001,
2012-10-05,2811.94,1630.0,78.66,0.0011,
2012-10-08,2786.92,1630.0,78.66,0.0011,
2012-10-09,2741.92,1630.0,78.23,0.001,
2012-10-10,2728.54,1630.0,78.26,0.001,
2012-10-11,2719.21,1630.0,78.44,0.001,
2012-10-12,2720.14,1630.0,78.31,0.0011,
2012-10-15,2739.87,1630.0,78.76,0.0011,
2012-10-16,2778.38,1630.0,78.92,0.0009,
2012-10-17,2775.62,1630.0,78.74,0.0011,
2012-10-18,2744.17,1630.0,79.24,0.001,
2012-10-19,2678.32,1630.0,79.26,0.001,
2012-10-22,2694.56,1630.0,79.84,0.001,
2012-10-23,2666.02,1630.0,79.79,0.0011,
2012-10-24,2655.55,1630.0,79.82,0.0011,
2012-10-25,2657.66,1630.0,80.04,0.0011,
2012-10-26,2665.83,1630.0,79.63,0.0012,
2012-10-31,2647.92,1746.58,79.94,0.0011,
2012-11-01,2687.52,1746.58,80.14,0.0009,
2012-11-02,2656.28,1746.58,80.53,0.0009,
2012-11-05,2672.91,1746.58,80.17,0.0011,
2012-11-06,2681.05,1746.58,80.28,0.001,
2012-11-07,2612.69,1746.58,79.85,0.001,
2012-11-08,2572.57,1746.58,79.74,0.001,
2012-11-09,2584.1,1746.58,79.46,0.0009,
2012-11-12,2582.77,1746.58,79.46,0.0009,
2012-11-13,2561.86,1746.58,79.42,0.0011,
2012-11-14,2531.87,1746.58,80.2,0.001,
2012-11-15,2524.36,1746.58,81.16,0.0008,
2012-11-16,2534.16,1746.58,81.28,0.0006,
2012-11-19,2595.83,1746.58,81.18,0.0009,
2012-11-20,2594.66,1746.58,81.72,0.0008,
2012-11-21,2600.48,1746.58,82.36,0.001,
2012-11-23,2639.59,1746.58,82.34,0.001,
2012-11-26,2651.67,1746.58,82.11,0.001,
2012-11-27,2641.42,1746.58,82.23,0.001,
2012-11-28,2665.27,1746.58,81.84,0.001,
2012-11-29,2680.03,1746.58,82.06,0.0009,
2012-11-30,2677.88,1722.0,82.54,0.0008,
2012-12-03,2671.84,1722.0,82.24,0.001,
2012-12-04,2667.89,1722.0,81.86,0.001,
2012-12-05,2637.89,1722.0,82.4,0.001,
2012-12-06,2656.3,1722.0,82.29,0.001,
2012-12-07,2640.54,1722.0,82.37,0.0009,
2012-12-10,2647.57,1722.0,82.37,0.0009,
2012-12-11,2682.07,1722.0,82.42,0.0008,
2012-12-12,2674.57,1722.0,83.1,0.0007000000000000001,
2012-12-13,2654.01,1722.0,83.54,0.0006,
2012-12-14,2628.09,1722.0,83.52,0.0004,
2012-12-17,2664.26,1722.0,83.7,0.0005,
2012-12-18,2705.39,1722.0,84.0,0.0006,
2012-12-19,2690.99,1722.0,84.32,0.0005,
2012-12-20,2693.55,1722.0,84.33,0.0006,
2012-12-21,2664.67,1722.0,84.1,0.0006,
2012-12-24,2658.05,1722.0,84.81,0.0006,
2012-12-26,2637.18,1722.0,85.62,0.0009,
2012-12-27,2632.94,1722.0,86.06,0.0008,
2012-12-28,2606.36,1722.0,86.12,0.0001,
2012-12-31,2660.93,1685.0,86.64,0.0005,
2013-01-02,2746.47,1685.0,87.1,0.0008,
2013-01-03,2732.26,1685.0,86.92,0.0008,
2013-01-04,2724.49,1685.0,88.14,0.0007000000000000001,
2013-01-07,2724.22,1685.0,87.68,0.0007000000000000001,
2013-01-08,2718.72,1685.0,87.31,0.0007000000000000001,
2013-01-09,2727.65,1685.0,87.9,0.0006,
2013-01-10,2744.18,1685.0,88.16,0.0006,
2013-01-11,2748.26,1685.0,89.22,0.0007000000000000001,
2013-01-14,2735.7,1685.0,89.34,0.0008,
2013-01-15,2722.98,1685.0,88.65,0.0009,
2013-01-16,2734.73,1685.0,88.64,0.0008,
2013-01-17,2747.15,1685.0,89.41,0.0007000000000000001,
2013-01-18,2743.24,1685.0,89.9,0.0008,
2013-01-22,2746.19,1685.0,88.62,0.0008,
2013-01-23,2762.17,1685.0,88.44,0.0008,
2013-01-24,2723.53,1685.0,90.04,0.0008,
2013-01-25,2736.73,1685.0,91.04,0.0008,
2013-01-28,2742.43,1685.0,90.73,0.0007000000000000001,
2013-01-29,2743.58,1685.0,90.65,0.0007000000000000001,
2013-01-30,2738.71,1685.0,91.05,0.0007000000000000001,
2013-01-31,2731.53,1672.0,91.28,0.0007000000000000001,
2013-02-01,2763.96,1672.0,92.54,0.0006,
2013-02-04,2715.68,1672.0,92.57,0.0007000000000000001,
2013-02-05,2754.99,1672.0,93.34,0.0007000000000000001,
2013-02-06,2746.35,1672.0,93.56,0.0007000000000000001,
2013-02-07,2746.5,1672.0,93.24,0.0007000000000000001,
2013-02-08,2775.56,1672.0,92.72,0.0007000000000000001,
2013-02-11,2774.64,1672.0,93.44,0.0009,
2013-02-12,2762.62,1672.0,93.14,0.0009,
2013-02-13,2773.77,1672.0,93.39,0.001,
2013-02-14,2771.43,1672.0,93.1,0.0011,
2013-02-15,2764.67,1672.0,93.64,0.001,
2013-02-19,2782.86,1672.0,93.54,0.0012,
2013-02-20,2739.99,1672.0,93.53,0.0012,
2013-02-21,2711.51,1672.0,92.96,0.0013,
2013-02-22,2737.28,1672.0,93.35,0.0013,
2013-02-25,2700.97,1672.0,93.35,0.0012,
2013-02-26,2713.02,1672.0,91.38,0.0014000000000000002,
2013-02-27,2741.26,1672.0,91.88,0.0011,
2013-02-28,2738.58,1628.0,92.36,0.0011,
2013-03-01,2747.75,1628.0,93.38,0.0011,
2013-03-04,2759.53,1628.0,93.32,0.0011,
2013-03-05,2799.25,1628.0,93.39,0.0008,
2013-03-06,2792.56,1628.0,93.64,0.001,
2013-03-07,2799.49,1628.0,95.0,0.001,
2013-03-08,2804.11,1628.0,96.0,0.001,
2013-03-11,2811.86,1628.0,96.12,0.001,
2013-03-12,2800.81,1628.0,95.96,0.001,
2013-03-13,2798.68,1628.0,96.0,0.0009,
2013-03-14,2807.3,1628.0,96.16,0.001,
2013-03-15,2799.41,1628.0,95.26,0.0009,
2013-03-18,2792.3,1628.0,94.92,0.0007000000000000001,
2013-03-19,2787.27,1628.0,94.85,0.0007000000000000001,
2013-03-20,2805.91,1628.0,95.51,0.0007000000000000001,
2013-03-21,2774.85,1628.0,95.06,0.0007000000000000001,
2013-03-22,2800.81,1628.0,94.48,0.0007000000000000001,
2013-03-25,2789.45,1628.0,94.34,0.0008,
2013-03-26,2806.5,1628.0,94.22,0.0007000000000000001,
2013-03-27,2809.98,1628.0,94.38,0.0009,
2013-03-28,2818.69,1628.0,94.02,0.0007000000000000001,
2013-04-01,2797.07,1628.0,93.3,0.0008,
2013-04-02,2820.62,1628.0,93.43,0.0007000000000000001,
2013-04-03,2795.04,1628.0,92.96,0.0006,
2013-04-04,2794.92,1628.0,96.12,0.0007000000000000001,
2013-04-05,2771.75,1628.0,96.86,0.0007000000000000001,
2013-04-08,2786.13,1628.0,98.9,0.0007000000000000001,
2013-04-09,2804.67,1628.0,99.02,0.0006,
2013-04-10,2859.21,1628.0,99.61,0.0007000000000000001,
2013-04-11,2859.07,1628.0,99.42,0.0007000000000000001,
2013-04-12,2856.48,1628.0,98.98,0.0006,
2013-04-15,2797.47,1628.0,98.0,0.0006,
2013-04-16,2838.41,1628.0,97.86,0.0006,
2013-04-17,2781.98,1628.0,97.74,0.0006,
2013-04-18,2741.95,1628.0,98.22,0.0005,
2013-04-19,2780.46,1628.0,99.28,0.0005,
2013-04-22,2810.07,1628.0,99.29,0.0005,
2013-04-23,2835.37,1628.0,99.43,0.0005,
2013-04-24,2834.12,1628.0,99.39,0.0006,
2013-04-25,2848.66,1628.0,99.42,0.0005,
2013-04-26,2840.55,1628.0,97.84,0.0005,
2013-04-29,2866.95,1628.0,98.09,0.0005,
2013-04-30,2887.44,1487.86,97.52,0.0005,
2013-05-01,2873.35,1487.86,97.28,0.0006,
2013-05-02,2911.14,1487.86,97.96,0.0005,
2013-05-03,2944.59,1487.86,99.1,0.0005,
2013-05-06,2955.36,1487.86,99.35,0.0004,
2013-05-07,2952.88,1487.86,99.0,0.0004,
2013-05-08,2968.24,1487.86,98.9,0.0004,
2013-05-09,2961.12,1487.86,99.29,0.0004,
2013-05-10,2981.02,1487.86,101.74,0.0004,
2013-05-13,2982.09,1487.86,101.84,0.0005,
2013-05-14,2996.05,1487.86,102.18,0.0005,
2013-05-15,3002.62,1487.86,102.44,0.0004,
2013-05-16,2999.34,1487.86,102.22,0.0003,
2013-05-17,3028.96,1487.86,102.98,0.0004,
2013-05-20,3020.97,1487.86,102.54,0.0005,
2013-05-21,3026.45,1487.86,102.36,0.0004,
2013-05-22,2999.13,1487.86,103.52,0.0004,
2013-05-23,2991.45,1487.86,101.66,0.0005,
2013-05-24,2991.02,1487.86,100.98,0.0004,
2013-05-28,3011.94,1487.86,102.07,0.0005,
2013-05-29,2994.82,1487.86,100.91,0.0005,
2013-05-30,3011.83,1487.86,101.06,0.0004,
2013-05-31,2981.76,1414.0,100.83,0.0004,
2013-06-03,2990.79,1414.0,99.18,0.0005,
2013-06-04,2973.69,1414.0,100.15,0.0004,
2013-06-05,2937.14,1414.0,99.16,0.0005,
2013-06-06,2950.3,1414.0,97.76,0.0005,
2013-06-07,2990.87,1414.0,97.2,0.0004,
2013-06-10,2990.49,1414.0,98.88,0.0005,
2013-06-11,2959.84,1414.0,96.82,0.0005,
2013-06-12,2926.14,1414.0,95.36,0.0005,
2013-06-13,2962.9,1414.0,94.29,0.0005,
2013-06-14,2943.86,1414.0,94.34,0.0005,
2013-06-17,2971.26,1414.0,94.87,0.0005,
2013-06-18,2996.09,1414.0,95.2,0.0005,
2013-06-19,2959.5,1414.0,95.22,0.0005,
2013-06-20,2890.33,1414.0,98.18,0.0005,
2013-06-21,2877.94,1414.0,97.48,0.0005,
2013-06-24,2848.2,1414.0,97.7,0.0006,
2013-06-25,2866.5,1414.0,97.87,0.0006,
2013-06-26,2893.85,1414.0,97.43,0.0006,
2013-06-27,2906.84,1414.0,98.4,0.0006,
2013-06-28,2909.6,1414.0,99.21,0.0004,
2013-07-01,2927.35,1414.0,99.62,0.0004,
2013-07-02,2929.63,1414.0,100.43,0.0003,
2013-07-03,2941.41,1414.0,99.82,0.0005,
2013-07-05,2963.22,1414.0,100.94,0.0004,
2013-07-08,2966.13,1414.0,101.07,0.0005,
2013-07-09,2984.32,1414.0,101.08,0.0004,
2013-07-10,3000.66,1414.0,100.1,0.0004,
2013-07-11,3059.46,1414.0,98.8,0.0004,
2013-07-12,3079.07,1414.0,99.39,0.0004,
2013-07-15,3079.85,1414.0,100.04,0.0004,
2013-07-16,3077.47,1414.0,99.37,0.0003,
2013-07-17,3085.28,1414.0,99.7,0.0003,
2013-07-18,3077.82,1414.0,100.6,0.0003,
2013-07-19,3044.93,1414.0,100.3,0.0003,
2013-07-22,3055.23,1414.0,99.6,0.0004,
2013-07-23,3031.4,1414.0,99.76,0.0002,
2013-07-24,3041.16,1414.0,100.21,0.0003,
2013-07-25,3061.67,1414.0,99.56,0.0002,
2013-07-26,3076.23,1414.0,98.24,0.0003,
2013-07-29,3068.95,1414.0,97.8,0.0003,
2013-07-30,3085.33,1414.0,98.02,0.0004,
2013-07-31,3090.19,1286.0,98.35,0.0004,
2013-08-01,3126.3,1286.0,99.3,0.0004,
2013-08-02,3143.52,1286.0,99.04,0.0004,
2013-08-05,3143.19,1286.0,98.54,0.0005,
2013-08-06,3122.2,1286.0,97.85,0.0004,
2013-08-07,3118.69,1286.0,96.72,0.0005,
2013-08-08,3130.12,1286.0,96.03,0.0005,
2013-08-09,3118.57,1286.0,96.24,0.0005,
2013-08-12,3125.92,1286.0,96.44,0.0006,
2013-08-13,3141.06,1286.0,98.06,0.0006,
2013-08-14,3129.45,1286.0,98.15,0.0005,
2013-08-15,3076.23,1286.0,97.81,0.0005,
2013-08-16,3073.91,1286.0,97.6,0.0005,
2013-08-19,3069.76,1286.0,97.94,0.0006,
2013-08-20,3082.17,1286.0,97.12,0.0004,
2013-08-21,3071.47,1286.0,97.66,0.0004,
2013-08-22,3101.82,1286.0,98.53,0.0003,
2013-08-23,3124.27,1286.0,98.57,0.0003,
2013-08-26,3122.67,1286.0,98.64,0.0004,
2013-08-27,3059.58,1286.0,97.3,0.0005,
2013-08-28,3072.17,1286.0,97.65,0.0003,
2013-08-29,3093.36,1286.0,98.46,0.0002,
2013-08-30,3073.81,1286.0,98.22,0.0003,
2013-09-03,3091.76,1286.0,99.43,0.0002,
2013-09-04,3124.54,1286.0,99.61,0.0002,
2013-09-05,3129.94,1286.0,100.08,0.0002,
2013-09-06,3133.38,1286.0,99.04,0.0002,
2013-09-09,3169.93,1286.0,99.55,0.0002,
2013-09-10,3185.07,1286.0,100.22,0.0002,
2013-09-11,3179.86,1286.0,100.08,0.0002,
2013-09-12,3175.57,1286.0,99.24,0.0001,
2013-09-13,3178.27,1286.0,99.38,0.0001,
2013-09-16,3168.69,1286.0,98.98,0.0002,
2013-09-17,3190.83,1286.0,99.16,0.0001,
2013-09-18,3231.31,1286.0,99.04,0.0001,
2013-09-19,3237.61,1286.0,99.33,0.0001,
2013-09-20,3224.73,1286.0,99.38,0.0001,
2013-09-23,3219.34,1286.0,98.76,0.0002,
2013-09-24,3218.66,1286.0,98.76,0.0002,
2013-09-25,3208.55,1286.0,98.62,0.0002,
2013-09-26,3234.04,1286.0,98.95,0.0,
2013-09-27,3230.3,1286.0,98.3,0.0002,
2013-09-30,3218.2,1349.0,98.29,0.0002,
2013-10-01,3253.05,1349.0,98.05,0.0002,
2013-10-02,3253.25,1349.0,97.36,0.0002,
2013-10-03,3213.83,1349.0,97.08,0.0003,
2013-10-04,3242.57,1349.0,97.2,0.0003,
2013-10-07,3215.69,1349.0,97.02,0.0003,
2013-10-08,3153.87,1349.0,96.94,0.0005,
2013-10-09,3142.54,1349.0,97.23,0.0005,
2013-10-10,3210.84,1349.0,98.09,0.0005,
2013-10-11,3233.83,1349.0,98.42,0.0008,
2013-10-14,3256.02,1349.0,98.42,0.0008,
2013-10-15,3244.66,1349.0,98.58,0.0014000000000000002,
2013-10-16,3281.67,1349.0,98.9,0.001,
2013-10-17,3301.28,1349.0,97.85,0.0005,
2013-10-18,3353.88,1349.0,97.77,0.0004,
2013-10-21,3361.18,1349.0,98.14,0.0004,
2013-10-22,3366.93,1349.0,98.18,0.0004,
2013-10-23,3346.05,1349.0,97.28,0.0004,
2013-10-24,3362.37,1349.0,97.36,0.0003,
2013-10-25,3383.83,1349.0,97.46,0.0004,
2013-10-28,3382.68,1349.0,97.7,0.0004,
2013-10-29,3391.75,1349.0,98.09,0.0004,
2013-10-30,3385.38,1349.0,98.14,0.0004,
2013-10-31,3377.73,1317.0,98.1,0.0004,
2013-11-01,3379.76,1317.0,98.78,0.0004,
2013-11-04,3384.75,1317.0,98.62,0.0005,
2013-11-05,3388.82,1317.0,98.6,0.0005,
2013-11-06,3385.38,1317.0,98.6,0.0005,
2013-11-07,3321.41,1317.0,98.56,0.0005,
2013-11-08,3366.84,1317.0,99.03,0.0006,
2013-11-11,3362.98,1317.0,99.03,0.0006,
2013-11-12,3365.23,1317.0,99.65,0.0008,
2013-11-13,3405.56,1317.0,99.31,0.0008,
2013-11-14,3415.14,1317.0,99.93,0.0008,
2013-11-15,3422.58,1317.0,100.17,0.0008,
2013-11-18,3388.87,1317.0,100.04,0.0009,
2013-11-19,3378.13,1317.0,100.14,0.0008,
2013-11-20,3367.17,1317.0,100.02,0.0008,
2013-11-21,3402.73,1317.0,100.95,0.0007000000000000001,
2013-11-22,3422.02,1317.0,101.29,0.0007000000000000001,
2013-11-25,3427.49,1317.0,101.7,0.0008,
2013-11-26,3445.76,1317.0,101.38,0.0007000000000000001,
2013-11-27,3470.48,1317.0,102.18,0.0007000000000000001,
2013-11-29,3487.82,1317.0,102.45,0.0006,
2013-12-02,3481.15,1317.0,103.04,0.0005,
2013-12-03,3479.34,1317.0,102.36,0.0006,
2013-12-04,3483.01,1317.0,102.48,0.0006,
2013-12-05,3477.73,1317.0,101.82,0.0006,
2013-12-06,3504.26,1317.0,102.88,0.0006,
2013-12-09,3516.17,1317.0,103.22,0.0007000000000000001,
2013-12-10,3514.2,1317.0,102.8,0.0007000000000000001,
2013-12-11,3468.99,1317.0,102.38,0.0007000000000000001,
2013-12-12,3460.29,1317.0,103.11,0.0007000000000000001,
2013-12-13,3456.4,1317.0,103.28,0.0007000000000000001,
2013-12-16,3475.79,1317.0,102.91,0.0007000000000000001,
2013-12-17,3469.32,1317.0,102.63,0.0007000000000000001,
2013-12-18,3509.63,1317.0,103.18,0.0007000000000000001,
2013-12-19,3498.63,1317.0,104.16,0.0006,
2013-12-20,3531.19,1317.0,104.07,0.0007000000000000001,
2013-12-23,3569.4,1317.0,104.06,0.0007000000000000001,
2013-12-24,3572.8,1317.0,104.26,0.0007000000000000001,
2013-12-26,3584.58,1317.0,104.72,0.0007000000000000001,
2013-12-27,3574.02,1317.0,105.05,0.0007000000000000001,
2013-12-30,3570.08,1317.0,105.0,0.0007000000000000001,
2013-12-31,3592.0,1222.0,105.25,0.0007000000000000001,
2014-01-02,3563.57,1222.0,104.84,0.0007000000000000001,
2014-01-03,3538.73,1222.0,104.46,0.0007000000000000001,
2014-01-06,3526.96,1222.0,104.38,0.0005,
2014-01-07,3557.85,1222.0,104.54,0.0004,
2014-01-08,3567.54,1222.0,104.87,0.0005,
2014-01-09,3552.58,1222.0,104.74,0.0004,
2014-01-10,3565.08,1222.0,104.06,0.0005,
2014-01-13,3512.8,1222.0,103.31,0.0003,
2014-01-14,3580.65,1222.0,103.8,0.0004,
2014-01-15,3609.84,1222.0,104.42,0.0004,
2014-01-16,3611.29,1222.0,104.32,0.0004,
2014-01-17,3591.25,1222.0,104.32,0.0005,
2014-01-21,3617.7,1222.0,104.14,0.0004,
2014-01-22,3627.72,1222.0,104.36,0.0004,
2014-01-23,3613.76,1222.0,103.65,0.0004,
2014-01-24,3541.48,1222.0,102.41,0.0004,
2014-01-27,3509.02,1222.0,102.26,0.0005,
2014-01-28,3505.72,1222.0,102.8,0.0005,
2014-01-29,3467.82,1222.0,102.2,0.0004,
2014-01-30,3532.41,1222.0,102.83,0.0002,
2014-01-31,3521.92,1244.0,102.28,0.0002,
2014-02-03,3440.5,1244.0,101.11,0.0005,
2014-02-04,3470.2,1244.0,101.62,0.0006,
2014-02-05,3454.89,1244.0,101.38,0.0007000000000000001,
2014-02-06,3497.6,1244.0,101.84,0.0007000000000000001,
2014-02-07,3561.91,1244.0,102.32,0.0008,
2014-02-10,3582.11,1244.0,102.14,0.0007000000000000001,
2014-02-11,3621.72,1244.0,102.63,0.0005,
2014-02-12,3627.36,1244.0,102.48,0.0005,
2014-02-13,3659.56,1244.0,102.2,0.0003,
2014-02-14,3663.88,1244.0,101.82,0.0002,
2014-02-18,3679.43,1244.0,102.31,0.0005,
2014-02-19,3652.84,1244.0,102.3,0.0006,
2014-02-20,3671.93,1244.0,102.32,0.0005,
2014-02-21,3662.6,1244.0,102.71,0.0005,
2014-02-24,3685.81,1244.0,102.44,0.0005,
2014-02-25,3679.14,1244.0,102.2,0.0005,
2014-02-26,3676.6,1244.0,102.36,0.0005,
2014-02-27,3699.8,1244.0,102.12,0.0004,
2014-02-28,3696.1,1300.0,102.08,0.0005,
2014-03-03,3668.37,1300.0,101.36,0.0005,
2014-03-04,3719.93,1300.0,102.18,0.0005,
2014-03-05,3727.19,1300.0,102.32,0.0006,
2014-03-06,3720.93,1300.0,103.03,0.0005,
2014-03-07,3703.4,1300.0,103.38,0.0006,
2014-03-10,3706.34,1300.0,103.23,0.0005,
2014-03-11,3691.5,1300.0,103.18,0.0005,
2014-03-12,3707.06,1300.0,102.74,0.0005,
2014-03-13,3651.49,1300.0,102.12,0.0005,
2014-03-14,3627.87,1300.0,101.46,0.0005,
2014-03-17,3662.51,1300.0,101.62,0.0006,
2014-03-18,3706.62,1300.0,101.37,0.0005,
2014-03-19,3682.73,1300.0,101.54,0.0006,
2014-03-20,3693.97,1300.0,102.39,0.0006,
2014-03-21,3653.07,1300.0,102.38,0.0006,
2014-03-24,3617.39,1300.0,102.21,0.0006,
2014-03-25,3629.73,1300.0,102.32,0.0005,
2014-03-26,3582.89,1300.0,102.3,0.0005,
2014-03-27,3563.13,1300.0,102.1,0.0004,
2014-03-28,3571.48,1300.0,102.92,0.0004,
2014-03-31,3595.74,1336.0,102.98,0.0005,
2014-04-01,3658.4,1336.0,103.52,0.0004,
2014-04-02,3665.99,1336.0,103.82,0.0002,
2014-04-03,3637.58,1336.0,103.94,0.0002,
2014-04-04,3539.38,1336.0,103.39,0.0003,
2014-04-07,3507.75,1336.0,103.04,0.0003,
2014-04-08,3538.23,1336.0,102.12,0.0003,
2014-04-09,3600.44,1336.0,101.85,0.0004,
2014-04-10,3487.76,1336.0,101.43,0.0004,
2014-04-11,3446.85,1336.0,101.56,0.0004,
2014-04-14,3474.63,1336.0,101.81,0.0004,
2014-04-15,3487.85,1336.0,101.6,0.0004,
2014-04-16,3533.09,1336.0,102.3,0.0004,
2014-04-17,3534.53,1336.0,102.22,0.0003,
2014-04-21,3559.95,1336.0,102.56,0.0004,
2014-04-22,3588.8,1336.0,102.6,0.0003,
2014-04-23,3557.04,1336.0,102.26,0.0002,
2014-04-24,3591.03,1336.0,102.34,0.0001,
2014-04-25,3533.1,1336.0,102.12,0.0003,
2014-04-28,3545.02,1336.0,102.46,0.0003,
2014-04-29,3573.99,1336.0,102.57,0.0002,
2014-04-30,3582.02,1298.45,102.14,0.0003,
2014-05-01,3594.36,1298.45,102.3,0.0003,
2014-05-02,3587.64,1298.45,102.34,0.0002,
2014-05-05,3605.09,1298.45,102.06,0.0003,
2014-05-06,3556.51,1298.45,101.57,0.0003,
2014-05-07,3546.47,1298.45,101.72,0.0003,
2014-05-08,3540.42,1298.45,101.66,0.0003,
2014-05-09,3555.7,1298.45,101.74,0.0003,
2014-05-12,3612.73,1298.45,102.1,0.0003,
2014-05-13,3611.13,1298.45,102.2,0.0003,
2014-05-14,3593.25,1298.45,101.75,0.0003,
2014-05-15,3565.17,1298.45,101.44,0.0003,
2014-05-16,3587.2,1298.45,101.5,0.0003,
2014-05-19,3615.62,1298.45,101.26,0.0003,
2014-05-20,3600.31,1298.45,101.26,0.0003,
2014-05-21,3635.61,1298.45,101.44,0.0004,
2014-05-22,3650.86,1298.45,101.76,0.0003,
2014-05-23,3677.33,1298.45,101.88,0.0004,
2014-05-27,3723.06,1298.45,102.14,0.0004,
2014-05-28,3712.26,1298.45,101.78,0.0004,
2014-05-29,3735.72,1298.45,101.58,0.0004,
2014-05-30,3736.82,1298.45,101.77,0.0004,
2014-06-02,3732.96,1298.45,102.3,0.0004,
2014-06-03,3730.07,1298.45,102.42,0.0004,
2014-06-04,3743.59,1298.45,102.69,0.0004,
2014-06-05,3776.95,1298.45,102.44,0.0004,
2014-06-06,3794.57,1298.45,102.5,0.0004,
2014-06-09,3795.74,1298.45,102.52,0.0004,
2014-06-10,3800.86,1298.45,102.37,0.0004,
2014-06-11,3797.85,1298.45,101.94,0.0004,
2014-06-12,3763.8,1298.45,101.83,0.0004,
2014-06-13,3775.56,1298.45,102.06,0.0004,
2014-06-16,3779.93,1298.45,101.82,0.0004,
2014-06-17,3781.32,1298.45,102.18,0.0004,
2014-06-18,3804.61,1298.45,102.16,0.0003,
2014-06-19,3800.8,1298.45,101.84,0.0002,
2014-06-20,3802.64,1298.45,102.14,0.0002,
2014-06-23,3805.31,1298.45,101.9,0.0003,
2014-06-24,3799.53,1298.45,102.13,0.0003,
2014-06-25,3827.33,1298.45,101.75,0.0003,
2014-06-26,3826.91,1298.45,101.66,0.0004,
2014-06-27,3844.44,1298.45,101.39,0.0003,
2014-06-30,3849.48,1279.0,101.28,0.0004,
2014-07-01,3894.33,1279.0,101.51,0.0002,
2014-07-02,3899.27,1279.0,101.76,0.0002,
2014-07-03,3923.01,1279.0,102.19,0.0001,
2014-07-07,3910.71,1279.0,101.84,0.0004,
2014-07-08,3864.07,1279.0,101.53,0.0003,
2014-07-09,3892.91,1279.0,101.7,0.0003,
2014-07-10,3880.04,1279.0,101.26,0.0002,
2014-07-11,3904.58,1279.0,101.33,0.0002,
2014-07-14,3929.46,1279.0,101.58,0.0003,
2014-07-15,3914.45,1279.0,101.62,0.0002,
2014-07-16,3932.33,1279.0,101.69,0.0002,
2014-07-17,3878.01,1279.0,101.3,0.0002,
2014-07-18,3939.89,1279.0,101.37,0.0002,
2014-07-21,3934.14,1279.0,101.34,0.0003,
2014-07-22,3961.62,1279.0,101.54,0.0003,
2014-07-23,3986.19,1279.0,101.5,0.0003,
2014-07-24,3983.19,1279.0,101.82,0.0003,
2014-07-25,3965.16,1279.0,101.81,0.0003,
2014-07-28,3967.24,1279.0,101.82,0.0004,
2014-07-29,3959.03,1279.0,102.12,0.0002,
2014-07-30,3976.07,1279.0,102.9,0.0004,
2014-07-31,3892.5,1311.0,102.75,0.0003,
2014-08-01,3879.67,1311.0,102.45,0.0003,
2014-08-04,3908.77,1311.0,102.47,0.0004,
2014-08-05,3874.94,1311.0,102.77,0.0003,
2014-08-06,3874.27,1311.0,102.34,0.0003,
2014-08-07,3857.94,1311.0,102.06,0.0003,
2014-08-08,3888.09,1311.0,101.91,0.0003,
2014-08-11,3910.46,1311.0,102.14,0.0004,
2014-08-12,3905.22,1311.0,102.22,0.0003,
2014-08-13,3949.2,1311.0,102.48,0.0004,
2014-08-14,3969.11,1311.0,102.44,0.0004,
2014-08-15,3987.51,1311.0,102.19,0.0003,
2014-08-18,4020.5,1311.0,102.54,0.0003,
2014-08-19,4040.13,1311.0,102.86,0.0003,
2014-08-20,4040.7,1311.0,103.36,0.0004,
2014-08-21,4047.03,1311.0,103.78,0.0002,
2014-08-22,4052.75,1311.0,103.97,0.0003,
2014-08-25,4067.48,1311.0,103.96,0.0004,
2014-08-26,4071.67,1311.0,104.12,0.0003,
2014-08-27,4073.18,1311.0,103.98,0.0004,
2014-08-28,4066.27,1311.0,103.78,0.0003,
2014-08-29,4082.56,1311.0,104.0,0.0003,
2014-09-02,4095.81,1311.0,105.1,0.0003,
2014-09-03,4070.96,1311.0,104.88,0.0003,
2014-09-04,4066.13,1311.0,105.22,0.0003,
2014-09-05,4089.92,1311.0,104.94,0.0003,
2014-09-08,4095.46,1311.0,105.65,0.0002,
2014-09-09,4061.88,1311.0,106.32,0.0002,
2014-09-10,4094.97,1311.0,106.76,0.0002,
2014-09-11,4092.65,1311.0,106.87,0.0002,
2014-09-12,4069.23,1311.0,107.24,0.0002,
2014-09-15,4029.89,1311.0,107.18,0.0002,
2014-09-16,4067.27,1311.0,106.91,0.0002,
2014-09-17,4073.57,1311.0,107.58,0.0002,
2014-09-18,4103.08,1311.0,108.69,0.0002,
2014-09-19,4100.09,1311.0,108.96,0.0002,
2014-09-22,4061.23,1311.0,108.88,0.0001,
2014-09-23,4051.57,1311.0,108.82,0.0001,
2014-09-24,4094.31,1311.0,108.92,0.0002,
2014-09-25,4007.82,1311.0,108.7,0.0001,
2014-09-26,4053.72,1311.0,109.32,0.0001,
2014-09-29,4047.18,1311.0,109.34,0.0002,
2014-09-30,4049.44,1236.55,109.66,0.0002,
2014-10-01,3984.74,1236.55,109.3,0.0002,
2014-10-02,3985.87,1236.55,108.1,0.0001,
2014-10-03,4027.31,1236.55,109.7,0.0001,
2014-10-06,4016.27,1236.55,109.08,0.0002,
2014-10-07,3958.59,1236.55,108.3,0.0002,
2014-10-08,4041.12,1236.55,108.41,0.0001,
2014-10-09,3969.32,1236.55,108.0,0.0001,
2014-10-10,3870.85,1236.55,107.83,0.0001,
2014-10-13,3808.0,1236.55,107.83,0.0001,
2014-10-14,3810.45,1236.55,107.15,0.0002,
2014-10-15,3785.97,1236.55,106.06,0.0002,
2014-10-16,3765.28,1236.55,105.98,0.0003,
2014-10-17,3815.47,1236.55,106.72,0.0002,
2014-10-20,3870.08,1236.55,106.87,0.0002,
2014-10-21,3971.39,1236.55,106.7,0.0002,
2014-10-22,3949.59,1236.55,107.32,0.0002,
2014-10-23,4012.27,1236.55,108.16,0.0001,
2014-10-24,4042.02,1236.55,108.06,0.0001,
2014-10-27,4046.02,1236.55,107.71,0.0002,
2014-10-28,4106.63,1236.55,108.0,0.0002,
2014-10-29,4090.55,1236.55,108.1,0.0003,
2014-10-30,4100.64,1236.55,108.94,0.0001,
2014-10-31,4158.21,1222.49,112.09,0.0001,
2014-11-03,4169.28,1222.49,113.92,0.0002,
2014-11-04,4156.23,1222.49,113.44,0.0003,
2014-11-05,4153.27,1222.49,114.62,0.0003,
2014-11-06,4164.08,1222.49,114.87,0.0003,
2014-11-07,4160.5,1222.49,114.73,0.0003,
2014-11-10,4175.95,1222.49,114.78,0.0002,
2014-11-11,4187.16,1222.49,114.78,0.0002,
2014-11-12,4195.4,1222.49,115.42,0.0002,
2014-11-13,4213.49,1222.49,115.63,0.0002,
2014-11-14,4224.99,1222.49,116.52,0.0002,
2014-11-17,4213.79,1222.49,116.44,0.0003,
2014-11-18,4242.19,1222.49,116.76,0.0002,
2014-11-19,4222.66,1222.49,117.7,0.0001,
2014-11-20,4242.09,1222.49,118.14,0.0002,
2014-11-21,4251.32,1222.49,117.74,0.0001,
2014-11-24,4284.32,1222.49,118.39,0.0002,
2014-11-25,4288.23,1222.49,117.99,0.0002,
2014-11-26,4317.99,1222.49,117.6,0.0002,
2014-11-28,4337.78,1222.49,118.7,0.0002,
2014-12-01,4287.81,1222.49,118.14,0.0003,
2014-12-02,4305.96,1222.49,119.1,0.0003,
2014-12-03,4312.93,1222.49,119.82,0.0001,
2014-12-04,4311.93,1222.49,119.67,0.0002,
2014-12-05,4311.57,1222.49,121.38,0.0002,
2014-12-08,4278.34,1222.49,120.89,0.0003,
2014-12-09,4294.67,1222.49,118.87,0.0004,
2014-12-10,4224.87,1222.49,118.5,0.0003,
2014-12-11,4246.48,1222.49,119.4,0.0003,
2014-12-12,4199.28,1222.49,118.22,0.0002,
2014-12-15,4157.41,1222.49,117.75,0.0004,
2014-12-16,4089.6,1222.49,117.28,0.0003,
2014-12-17,4165.1,1222.49,117.64,0.0003,
2014-12-18,4267.77,1222.49,118.84,0.0004,
2014-12-19,4281.78,1222.49,119.56,0.0004,
2014-12-22,4293.67,1222.49,119.84,0.0005,
2014-12-23,4279.3,1222.49,120.68,0.0003,
2014-12-24,4283.1,1222.49,120.45,0.0001,
2014-12-26,4314.09,1222.49,120.45,0.0001,
2014-12-29,4312.64,1222.49,120.57,0.0003,
2014-12-30,4282.35,1222.49,119.34,0.0003,
2014-12-31,4236.28,1201.0,119.85,0.0004,
2015-01-02,4230.24,1201.0,120.2,0.0002,
2015-01-05,4160.96,1201.0,119.64,0.0003,
2015-01-06,4110.83,1201.0,118.26,0.0003,
2015-01-07,4160.0,1201.0,119.52,0.0003,
2015-01-08,4240.55,1201.0,119.51,0.0003,
2015-01-09,4213.28,1201.0,118.66,0.0002,
2015-01-12,4169.97,1201.0,118.32,0.0003,
2015-01-13,4166.2,1201.0,118.16,0.0003,
2015-01-14,4145.84,1201.0,116.78,0.0004,
2015-01-15,4089.65,1201.0,116.95,0.0003,
2015-01-16,4142.14,1201.0,117.45,0.0003,
2015-01-20,4171.21,1201.0,118.48,0.0003,
2015-01-21,4192.09,1201.0,117.86,0.0003,
2015-01-22,4270.36,1201.0,117.92,0.0003,
2015-01-23,4278.14,1201.0,117.8,0.0002,
2015-01-26,4275.72,1201.0,118.38,0.0003,
2015-01-27,4165.5,1201.0,117.62,0.0002,
2015-01-28,4140.38,1201.0,117.74,0.0002,
2015-01-29,4181.35,1201.0,118.31,0.0003,
2015-01-30,4148.43,1201.0,117.44,0.0002,
2015-02-02,4188.59,1201.0,117.33,0.0002,
2015-02-03,4229.15,1201.0,117.48,0.0002,
2015-02-04,4221.2,1201.0,117.58,0.0001,
2015-02-05,4256.18,1201.0,117.4,0.0002,
2015-02-06,4228.68,1201.0,119.16,0.0002,
2015-02-09,4216.09,1201.0,118.7,0.0001,
2015-02-10,4281.15,1201.0,119.32,0.0001,
2015-02-11,4297.28,1201.0,120.38,0.0001,
2015-02-12,4347.97,1201.0,118.72,0.0002,
2015-02-13,4384.03,1201.0,118.7,0.0001,
2015-02-17,4385.34,1201.0,118.99,0.0002,
2015-02-18,4390.91,1201.0,119.19,0.0002,
2015-02-19,4411.86,1201.0,118.84,0.0002,
2015-02-20,4443.05,1201.0,118.68,0.0002,
2015-02-23,4449.49,1201.0,118.88,0.0002,
2015-02-24,4451.03,1201.0,119.13,0.0002,
2015-02-25,4440.59,1201.0,118.88,0.0002,
2015-02-26,4462.27,1201.0,119.36,0.0003,
2015-02-27,4440.67,1201.0,119.72,0.0002,
2015-03-02,4483.05,1201.0,120.06,0.0002,
2015-03-03,4458.78,1201.0,119.47,0.0002,
2015-03-04,4445.36,1201.0,119.76,0.0001,
2015-03-05,4452.06,1201.0,120.22,0.0002,
2015-03-06,4399.23,1201.0,120.93,0.0001,
2015-03-09,4412.99,1201.0,121.17,0.0002,
2015-03-10,4329.08,1201.0,121.2,0.0002,
2015-03-11,4305.38,1201.0,121.5,0.0003,
2015-03-12,4336.23,1201.0,121.28,0.0003,
2015-03-13,4314.9,1201.0,121.17,0.0003,
2015-03-16,4370.47,1201.0,121.3,0.0005,
2015-03-17,4375.63,1201.0,121.28,0.0005,
2015-03-18,4422.5,1201.0,120.92,0.0003,
2015-03-19,4426.82,1201.0,120.9,0.0003,
2015-03-20,4458.54,1201.0,120.28,0.0001,
2015-03-23,4445.54,1201.0,119.74,0.0003,
2015-03-24,4430.99,1201.0,119.9,0.0002,
2015-03-25,4329.29,1201.0,119.37,0.0004,
2015-03-26,4315.26,1201.0,119.01,0.0003,
2015-03-27,4332.86,1201.0,119.15,0.0004,
2015-03-30,4382.82,1201.0,120.11,0.0004,
2015-03-31,4333.69,1179.0,119.96,0.0003,
2015-04-01,4311.26,1179.0,119.62,0.0003,
2015-04-02,4316.01,1179.0,119.74,0.0002,
2015-04-06,4350.98,1179.0,119.05,0.0003,
2015-04-07,4344.08,1179.0,120.36,0.0002,
2015-04-08,4375.96,1179.0,119.96,0.0003,
2015-04-09,4403.95,1179.0,120.32,0.0003,
2015-04-10,4422.02,1179.0,120.29,0.0002,
2015-04-13,4409.21,1179.0,120.32,0.0003,
2015-04-14,4397.64,1179.0,119.26,0.0002,
2015-04-15,4424.53,1179.0,119.23,0.0002,
2015-04-16,4418.83,1179.0,119.18,0.0002,
2015-04-17,4351.8,1179.0,119.02,0.0001,
2015-04-20,4417.4,1179.0,119.27,0.0003,
2015-04-21,4435.98,1179.0,119.45,0.0003,
2015-04-22,4460.81,1179.0,119.9,0.0003,
2015-04-23,4477.07,1179.0,119.69,0.0003,
2015-04-24,4536.78,1179.0,118.98,0.0003,
2015-04-27,4525.04,1179.0,119.12,0.0002,
2015-04-28,4515.27,1179.0,118.8,0.0002,
2015-04-29,4488.15,1179.0,118.83,0.0001,
2015-04-30,4414.25,1199.0,119.86,0.0001,
2015-05-01,4479.06,1199.0,120.21,0.0001,
2015-05-04,4482.61,1199.0,120.25,0.0002,
2015-05-05,4409.39,1199.0,119.87,0.0001,
2015-05-06,4379.75,1199.0,119.42,0.0002,
2015-05-07,4401.55,1199.0,119.74,0.0001,
2015-05-08,4458.65,1199.0,119.78,0.0001,
2015-05-11,4438.64,1199.0,120.05,0.0002,
2015-05-12,4420.65,1199.0,119.8,0.0003,
2015-05-13,4426.56,1199.0,119.09,0.0002,
2015-05-14,4495.04,1199.0,119.2,0.0001,
2015-05-15,4494.29,1199.0,119.36,0.0002,
2015-05-18,4512.95,1199.0,119.82,0.0002,
2015-05-19,4503.72,1199.0,120.58,0.0002,
2015-05-20,4505.3,1199.0,121.28,0.0002,
2015-05-21,4529.47,1199.0,121.06,0.0002,
2015-05-22,4527.16,1199.0,121.45,0.0002,
2015-05-26,4472.96,1199.0,123.08,0.0002,
2015-05-27,4546.06,1199.0,123.76,0.0001,
2015-05-28,4535.66,1199.0,124.18,0.0001,
2015-05-29,4508.25,1199.0,123.98,0.0001,
2015-06-01,4521.85,1199.0,124.64,0.0002,
2015-06-02,4508.89,1199.0,124.19,0.0001,
2015-06-03,4519.86,1199.0,124.06,0.0002,
2015-06-04,4487.03,1199.0,124.56,0.0002,
2015-06-05,4477.19,1199.0,125.58,0.0003,
2015-06-08,4431.51,1199.0,125.08,0.0002,
2015-06-09,4427.61,1199.0,124.16,0.0002,
2015-06-10,4485.46,1199.0,122.72,0.0002,
2015-06-11,4488.47,1199.0,123.62,0.0001,
2015-06-12,4453.79,1199.0,123.23,0.0002,
2015-06-15,4432.92,1199.0,123.38,0.0002,
2015-06-16,4455.9,1199.0,123.39,0.0001,
2015-06-17,4468.98,1199.0,124.25,0.0001,
2015-06-18,4531.85,1199.0,122.87,0.0001,
2015-06-19,4513.42,1199.0,122.7,0.0001,
2015-06-22,4544.04,1199.0,123.28,0.0001,
2015-06-23,4548.74,1199.0,123.71,0.0001,
2015-06-24,4524.6,1199.0,124.24,0.0001,
2015-06-25,4514.01,1199.0,123.63,0.0001,
2015-06-26,4484.28,1199.0,123.92,0.0001,
2015-06-29,4379.86,1199.0,122.5,0.0002,
2015-06-30,4396.76,1182.0,122.1,0.0001,
2015-07-01,4429.23,1182.0,123.02,0.0001,
2015-07-02,4433.39,1182.0,123.14,0.0001,
2015-07-06,4418.66,1182.0,122.53,0.0002,
2015-07-07,4429.06,1182.0,122.16,0.0002,
2015-07-08,4351.58,1182.0,120.54,0.0002,
2015-07-09,4352.03,1182.0,121.22,0.0003,
2015-07-10,4420.15,1182.0,122.75,0.0001,
2015-07-13,4494.47,1182.0,123.35,0.0002,
2015-07-14,4523.47,1182.0,123.39,0.0001,
2015-07-15,4528.36,1182.0,123.89,0.0002,
2015-07-16,4594.9,1182.0,124.04,0.0002,
2015-07-17,4661.6,1182.0,124.0,0.0003,
2015-07-20,4679.68,1182.0,124.24,0.0004,
2015-07-21,4674.41,1182.0,123.93,0.0003,
2015-07-22,4623.24,1182.0,124.08,0.0004,
2015-07-23,4602.83,1182.0,123.88,0.0003,
2015-07-24,4557.37,1182.0,123.74,0.0004,
2015-07-27,4519.09,1182.0,123.24,0.0005,
2015-07-28,4560.23,1182.0,123.52,0.0005,
2015-07-29,4581.6,1182.0,123.86,0.0006,
2015-07-30,4598.59,1182.0,124.38,0.0007000000000000001,
2015-07-31,4588.91,1128.0,123.94,0.0008,
2015-08-03,4580.46,1128.0,123.98,0.0008,
2015-08-04,4567.47,1128.0,124.0,0.0008,
2015-08-05,4602.24,1128.0,124.84,0.0008,
2015-08-06,4528.51,1128.0,124.6,0.0004,
2015-08-07,4520.08,1128.0,124.27,0.0006,
2015-08-10,4573.11,1128.0,124.55,0.0012,
2015-08-11,4513.99,1128.0,124.9,0.001,
2015-08-12,4528.19,1128.0,123.87,0.001,
2015-08-13,4519.32,1128.0,124.32,0.001,
2015-08-14,4530.74,1128.0,124.27,0.0009,
2015-08-17,4566.37,1128.0,124.33,0.001,
2015-08-18,4542.07,1128.0,124.39,0.0007000000000000001,
2015-08-19,4510.9,1128.0,124.1,0.0005,
2015-08-20,4385.13,1128.0,123.54,0.0002,
2015-08-21,4197.27,1128.0,122.11,0.0003,
2015-08-24,4038.6,1128.0,118.56,0.0006,
2015-08-25,4016.32,1128.0,119.91,0.0007000000000000001,
2015-08-26,4219.6,1128.0,119.07,0.0006,
2015-08-27,4324.82,1128.0,120.89,0.0006,
2015-08-28,4329.12,1128.0,121.32,0.0006,
2015-08-31,4274.58,1118.0,121.26,0.0008,
2015-09-01,4142.63,1118.0,119.94,0.0003,
2015-09-02,4256.23,1118.0,120.0,0.0003,
2015-09-03,4234.65,1118.0,120.2,0.0002,
2015-09-04,4184.72,1118.0,119.05,0.0002,
2015-09-08,4303.53,1118.0,119.72,0.0006,
2015-09-09,4253.45,1118.0,120.94,0.0003,
2015-09-10,4296.3,1118.0,120.71,0.0002,
2015-09-11,4323.23,1118.0,120.66,0.0004,
2015-09-14,4308.76,1118.0,119.92,0.0007000000000000001,
2015-09-15,4360.28,1118.0,120.3,0.0007000000000000001,
2015-09-16,4383.67,1118.0,120.62,0.0006,
2015-09-17,4384.96,1118.0,120.9,0.0001,
2015-09-18,4323.86,1118.0,119.85,-0.0001,
2015-09-21,4336.13,1118.0,120.46,0.0001,
2015-09-22,4274.1,1118.0,120.04,-0.0001,
2015-09-23,4273.53,1118.0,120.12,0.0001,
2015-09-24,4261.1,1118.0,119.54,0.0001,
2015-09-25,4224.74,1118.0,120.74,-0.0001,
2015-09-28,4103.47,1118.0,119.82,0.0001,
2015-09-29,4083.37,1118.0,119.76,0.0001,
2015-09-30,4181.06,1125.0,119.81,-0.0001,
2015-10-01,4192.96,1125.0,119.58,-0.0002,
2015-10-02,4267.45,1125.0,119.42,0.0,
2015-10-05,4331.43,1125.0,120.36,0.0001,
2015-10-06,4306.7,1125.0,120.18,0.0,
2015-10-07,4333.46,1125.0,119.9,0.0,
2015-10-08,4350.15,1125.0,119.94,-0.0001,
2015-10-09,4370.01,1125.0,120.3,0.0001,
2015-10-12,4382.56,1125.0,120.3,0.0001,
2015-10-13,4352.94,1125.0,119.8,0.0001,
2015-10-14,4346.92,1125.0,119.21,0.0,
2015-10-15,4418.22,1125.0,118.26,0.0001,
2015-10-16,4438.62,1125.0,119.6,0.0001,
2015-10-19,4462.07,1125.0,119.5,0.0002,
2015-10-20,4438.18,1125.0,119.79,0.0002,
2015-10-21,4413.52,1125.0,119.91,0.0001,
2015-10-22,4503.22,1125.0,120.5,0.0,
2015-10-23,4624.09,1125.0,121.2,0.0001,
2015-10-26,4630.85,1125.0,120.87,0.0002,
2015-10-27,4639.23,1125.0,120.29,0.0003,
2015-10-28,4678.58,1125.0,120.56,0.0004,
2015-10-29,4670.76,1125.0,121.14,0.0007000000000000001,
2015-10-30,4648.83,1125.0,120.7,0.0008,
2015-11-02,4703.91,1125.0,120.7,0.0008,
2015-11-03,4719.05,1125.0,121.2,0.0006,
2015-11-04,4717.55,1125.0,121.52,0.0005,
2015-11-05,4702.9,1125.0,121.71,0.0005,
2015-11-06,4707.23,1125.0,123.2,0.0008,
2015-11-09,4655.52,1125.0,123.04,0.0014000000000000002,
2015-11-10,4641.73,1125.0,123.22,0.0013,
2015-11-11,4636.94,1125.0,123.22,0.0013,
2015-11-12,4588.93,1125.0,122.84,0.0014000000000000002,
2015-11-13,4502.14,1125.0,122.93,0.0013,
2015-11-16,4565.47,1125.0,123.11,0.0015,
2015-11-17,4565.82,1125.0,123.48,0.0014000000000000002,
2015-11-18,4653.44,1125.0,123.51,0.0012,
2015-11-19,4655.35,1125.0,122.71,0.0011,
2015-11-20,4686.36,1125.0,122.8,0.0011,
2015-11-23,4674.79,1125.0,123.02,0.0014000000000000002,
2015-11-24,4669.41,1125.0,122.47,0.0016,
2015-11-25,4672.88,1125.0,122.7,0.0019,
2015-11-27,4680.47,1125.0,122.84,0.0017000000000000001,
2015-11-30,4664.51,1086.44,123.22,0.0022,
2015-12-01,4716.16,1086.44,122.88,0.0021,
2015-12-02,4686.22,1086.44,123.52,0.0021,
2015-12-03,4606.75,1086.44,123.06,0.0021,
2015-12-04,4716.12,1086.44,123.1,0.0022,
2015-12-07,4693.62,1086.44,123.31,0.0029,
2015-12-08,4694.77,1086.44,123.0,0.0027,
2015-12-09,4622.14,1086.44,121.86,0.0026,
2015-12-10,4643.05,1086.44,121.44,0.0024,
2015-12-11,4537.56,1086.44,120.94,0.0022,
2015-12-14,4570.16,1086.44,120.57,0.0026,
2015-12-15,4597.33,1086.44,121.66,0.0025,
2015-12-16,4664.56,1086.44,121.88,0.0027,
2015-12-17,4598.14,1086.44,122.75,0.0023,
2015-12-18,4514.83,1086.44,121.2,0.0019,
2015-12-21,4560.55,1086.44,120.99,0.0024,
2015-12-22,4589.26,1086.44,120.94,0.0021,
2015-12-23,4624.59,1086.44,120.94,0.002,
2015-12-24,4622.77,1086.44,120.32,0.002,
2015-12-28,4621.35,1086.44,120.3,0.0023,
2015-12-29,4691.08,1086.44,120.44,0.0023,
2015-12-30,4652.01,1086.44,120.6,0.0021,
2015-12-31,4593.27,1076.0,120.27,0.0016,
2016-01-04,4497.86,1076.0,119.3,0.0022,
2016-01-05,4484.18,1076.0,118.95,0.002,
2016-01-06,4443.99,1076.0,118.54,0.0021,
2016-01-07,4305.72,1076.0,118.0,0.002,
2016-01-08,4270.78,1076.0,117.74,0.002,
2016-01-11,4283.55,1076.0,117.48,0.0021,
2016-01-12,4333.72,1076.0,117.78,0.0021,
2016-01-13,4183.12,1076.0,118.06,0.0022,
2016-01-14,4272.97,1076.0,118.03,0.0025,
2016-01-15,4141.08,1076.0,116.78,0.0023,
2016-01-19,4147.07,1076.0,117.66,0.0026,
2016-01-20,4136.28,1076.0,116.38,0.0026,
2016-01-21,4142.6,1076.0,117.61,0.0028000000000000004,
2016-01-22,4259.77,1076.0,118.37,0.003,
2016-01-25,4196.53,1076.0,118.55,0.0031,
2016-01-26,4233.85,1076.0,118.5,0.0031,
2016-01-27,4128.86,1076.0,118.9,0.0032,
2016-01-28,4186.06,1076.0,118.61,0.0034000000000000002,
2016-01-29,4279.17,1076.0,121.05,0.0032,
2016-02-01,4286.56,1076.0,121.06,0.0034999999999999996,
2016-02-02,4193.1,1076.0,120.27,0.0034000000000000002,
2016-02-03,4171.97,1076.0,117.92,0.0033,
2016-02-04,4167.77,1076.0,116.75,0.0029,
2016-02-05,4024.47,1076.0,116.99,0.0029,
2016-02-08,3960.67,1076.0,115.7,0.0032,
2016-02-09,3947.8,1076.0,114.8,0.003,
2016-02-10,3966.28,1076.0,114.03,0.0031,
2016-02-11,3962.22,1076.0,111.72,0.0028000000000000004,
2016-02-12,4019.19,1076.0,112.96,0.0029,
2016-02-16,4104.33,1076.0,113.9,0.003,
2016-02-17,4199.1,1076.0,114.14,0.003,
2016-02-18,4151.49,1076.0,113.62,0.003,
2016-02-19,4164.09,1076.0,112.42,0.003,
2016-02-22,4231.27,1076.0,113.12,0.0033,
2016-02-23,4162.54,1076.0,112.17,0.0032,
2016-02-24,4200.66,1076.0,111.36,0.0033,
2016-02-25,4241.06,1076.0,112.7,0.0032,
2016-02-26,4235.62,1076.0,113.78,0.0032,
2016-02-29,4201.12,1200.0,112.9,0.0033,
2016-03-01,4333.61,1200.0,113.94,0.0033,
2016-03-02,4334.39,1200.0,113.81,0.0034999999999999996,
2016-03-03,4325.86,1200.0,113.53,0.0027,
2016-03-04,4329.0,1200.0,113.91,0.0028000000000000004,
2016-03-07,4303.33,1200.0,113.6,0.0032,
2016-03-08,4265.51,1200.0,112.58,0.0029,
2016-03-09,4293.23,1200.0,113.06,0.003,
2016-03-10,4286.97,1200.0,113.1,0.0031,
2016-03-11,4361.83,1200.0,113.66,0.0032,
2016-03-14,4367.33,1200.0,113.59,0.0034000000000000002,
2016-03-15,4367.08,1200.0,112.88,0.0034000000000000002,
2016-03-16,4404.2,1200.0,113.69,0.0031,
2016-03-17,4400.26,1200.0,111.3,0.0029,
2016-03-18,4410.83,1200.0,111.38,0.0029,
2016-03-21,4426.98,1200.0,111.62,0.0031,
2016-03-22,4437.62,1200.0,111.82,0.003,
2016-03-23,4402.56,1200.0,112.63,0.003,
2016-03-24,4405.53,1200.0,112.64,0.0029,
2016-03-28,4398.07,1200.0,113.29,0.0029,
2016-03-29,4467.72,1200.0,113.33,0.0023,
2016-03-30,4490.88,1200.0,112.6,0.002,
2016-03-31,4483.66,1245.0,112.42,0.0021,
2016-04-01,4532.08,1245.0,112.06,0.0023,
2016-04-04,4511.7,1245.0,111.18,0.0023,
2016-04-05,4470.75,1245.0,110.26,0.0023,
2016-04-06,4543.78,1245.0,109.63,0.0023,
2016-04-07,4475.29,1245.0,107.98,0.0023,
2016-04-08,4474.93,1245.0,108.36,0.0023,
2016-04-11,4458.71,1245.0,107.96,0.0023,
2016-04-12,4496.04,1245.0,108.54,0.0022,
2016-04-13,4554.72,1245.0,109.21,0.0023,
2016-04-14,4554.62,1245.0,109.2,0.0022,
2016-04-15,4543.16,1245.0,108.76,0.0022,
2016-04-18,4565.42,1245.0,108.85,0.0022,
2016-04-19,4537.09,1245.0,109.16,0.0021,
2016-04-20,4540.44,1245.0,109.51,0.0023,
2016-04-21,4540.8,1245.0,109.41,0.0023,
2016-04-22,4474.19,1245.0,111.5,0.0023,
2016-04-25,4474.13,1245.0,111.08,0.0025,
2016-04-26,4452.97,1245.0,111.23,0.0024,
2016-04-27,4416.63,1245.0,111.26,0.0024,
2016-04-28,4363.99,1245.0,108.55,0.0022,
2016-04-29,4341.3,1245.0,106.9,0.0022,
2016-05-02,4381.3,1245.0,106.48,0.0022,
2016-05-03,4341.39,1245.0,106.34,0.0021,
2016-05-04,4312.01,1245.0,107.12,0.0019,
2016-05-05,4309.48,1245.0,107.32,0.002,
2016-05-06,4330.17,1245.0,106.66,0.0019,
2016-05-09,4341.23,1245.0,108.39,0.0024,
2016-05-10,4402.04,1245.0,109.22,0.0024,
2016-05-11,4361.03,1245.0,108.48,0.0026,
2016-05-12,4342.81,1245.0,108.73,0.0027,
2016-05-13,4326.53,1245.0,109.14,0.0028000000000000004,
2016-05-16,4380.48,1245.0,108.89,0.0028000000000000004,
2016-05-17,4322.56,1245.0,109.02,0.0028000000000000004,
2016-05-18,4338.23,1245.0,109.65,0.003,
2016-05-19,4315.58,1245.0,109.81,0.003,
2016-05-20,4362.9,1245.0,110.52,0.0032,
2016-05-23,4355.1,1245.0,109.47,0.0034999999999999996,
2016-05-24,4444.3,1245.0,110.0,0.0034999999999999996,
2016-05-25,4476.43,1245.0,110.22,0.0033,
2016-05-26,4487.96,1245.0,109.74,0.003,
2016-05-27,4512.54,1245.0,109.86,0.0031,
2016-05-31,4523.89,1260.95,110.75,0.0034000000000000002,
2016-06-01,4520.07,1260.95,109.55,0.003,
2016-06-02,4531.35,1260.95,108.75,0.0028000000000000004,
2016-06-03,4509.79,1260.95,106.88,0.0029,
2016-06-06,4523.63,1260.95,107.33,0.0028000000000000004,
2016-06-07,4513.09,1260.95,107.3,0.0028000000000000004,
2016-06-08,4520.63,1260.95,106.68,0.0024,
2016-06-09,4512.69,1260.95,106.54,0.0025,
2016-06-10,4461.05,1260.95,107.06,0.0025,
2016-06-13,4422.76,1260.95,106.07,0.0027,
2016-06-14,4424.91,1260.95,106.02,0.0027,
2016-06-15,4409.51,1260.95,105.87,0.0026,
2016-06-16,4424.23,1260.95,104.05,0.0027,
2016-06-17,4374.38,1260.95,104.2,0.0026,
2016-06-20,4400.16,1260.95,104.32,0.0028000000000000004,
2016-06-21,4413.4,1260.95,104.56,0.0027,
2016-06-22,4404.73,1260.95,104.56,0.0027,
2016-06-23,4467.48,1260.95,105.9,0.003,
2016-06-24,4285.7,1260.95,102.26,0.0026,
2016-06-27,4201.05,1260.95,101.66,0.0027,
2016-06-28,4290.47,1260.95,102.71,0.0026,
2016-06-29,4364.74,1260.95,102.68,0.0026,
2016-06-30,4417.7,1276.0,102.77,0.0026,
2016-07-01,4437.44,1276.0,102.55,0.0027,
2016-07-05,4410.75,1276.0,101.58,0.0028000000000000004,2088.55
2016-07-06,4444.7,1276.0,101.12,0.0027,2099.73
2016-07-07,4459.58,1276.0,100.74,0.0029,2097.9
2016-07-08,4528.36,1276.0,100.65,0.0027,2129.9
2016-07-11,4554.71,1276.0,102.66,0.0031,2137.16
2016-07-12,4577.61,1276.0,104.72,0.0029,2152.14
2016-07-13,4565.77,1276.0,104.1,0.0031,2152.43
2016-07-14,4596.49,1276.0,105.4,0.0031,2163.75
2016-07-15,4589.83,1276.0,105.64,0.0031,2161.74
2016-07-18,4619.68,1276.0,106.0,0.0032,2166.89
2016-07-19,4603.28,1276.0,106.13,0.0031,2163.78
2016-07-20,4657.2,1276.0,106.65,0.0032,2173.02
2016-07-21,4647.02,1276.0,105.98,0.0031,2165.17
2016-07-22,4666.07,1276.0,106.22,0.0032,2175.03
2016-07-25,4665.93,1276.0,106.02,0.0032,2168.48
2016-07-26,4672.11,1276.0,104.83,0.0031,2169.18
2016-07-27,4702.88,1276.0,105.65,0.0031,2166.58
2016-07-28,4721.41,1276.0,104.86,0.0025,2170.06
2016-07-29,4730.23,1276.0,102.32,0.0027,2173.6
2016-08-01,4756.04,1276.0,102.26,0.0029,2170.84
2016-08-02,4719.21,1276.0,100.82,0.0029,2157.03
2016-08-03,4734.33,1276.0,101.34,0.0028000000000000004,2163.79
2016-08-04,4743.81,1276.0,101.08,0.0026,2164.25
2016-08-05,4791.21,1276.0,101.74,0.0027,2182.87
2016-08-08,4784.74,1276.0,102.53,0.0031,2180.89
2016-08-09,4795.75,1276.0,101.96,0.0029,2181.74
2016-08-10,4783.39,1276.0,101.27,0.0028000000000000004,2175.49
2016-08-11,4803.31,1276.0,101.46,0.0028000000000000004,2185.79
2016-08-12,4807.08,1276.0,101.01,0.0028000000000000004,2184.05
2016-08-15,4827.12,1276.0,101.02,0.0031,2190.15
2016-08-16,4797.19,1276.0,100.28,0.0027,2178.15
2016-08-17,4805.45,1276.0,100.24,0.003,2182.22
2016-08-18,4808.68,1276.0,100.07,0.0029,2187.02
2016-08-19,4806.14,1276.0,100.24,0.0029,2183.87
2016-08-22,4808.56,1276.0,100.25,0.0029,2182.64
2016-08-23,4818.48,1276.0,100.2,0.003,2186.9
2016-08-24,4783.49,1276.0,100.5,0.0031,2175.44
2016-08-25,4775.43,1276.0,100.58,0.0033,2172.47
2016-08-26,4783.69,1276.0,101.2,0.0033,2169.04
2016-08-29,4791.09,1276.0,102.13,0.0033,2180.38
2016-08-30,4775.99,1276.0,102.92,0.0033,2176.12
2016-08-31,4771.05,1340.0,103.38,0.0033,2170.95
2016-09-01,4783.94,1340.0,103.22,0.0033,2170.86
2016-09-02,4798.74,1340.0,104.18,0.0032,2179.98
2016-09-06,4829.51,1340.0,102.28,0.0032,2186.48
2016-09-07,4831.86,1340.0,101.72,0.0034000000000000002,2186.16
2016-09-08,4804.0,1340.0,102.28,0.0034000000000000002,2181.3
2016-09-09,4681.53,1340.0,102.86,0.0034000000000000002,2127.81
2016-09-12,4764.65,1340.0,101.96,0.0037,2159.04
2016-09-13,4722.84,1340.0,102.14,0.0036,2127.02
2016-09-14,4746.06,1340.0,102.33,0.0033,2125.77
2016-09-15,4819.9,1340.0,102.24,0.0029,2147.26
2016-09-16,4818.05,1340.0,102.36,0.0029,2139.16
2016-09-19,4796.07,1340.0,101.82,0.003,2139.12
2016-09-20,4805.22,1340.0,101.66,0.003,2139.76
2016-09-21,4853.75,1340.0,100.62,0.0022,2163.12
2016-09-22,4891.36,1340.0,100.8,0.0018,2177.18
2016-09-23,4858.91,1340.0,101.04,0.0018,2164.69
2016-09-26,4817.17,1340.0,100.34,0.0025,2146.1
2016-09-27,4866.71,1340.0,100.36,0.0026,2159.93
2016-09-28,4875.27,1340.0,100.57,0.0027,2171.37
2016-09-29,4838.3,1340.0,101.48,0.0026,2151.13
2016-09-30,4875.7,1327.0,101.21,0.0028000000000000004,2168.27
2016-10-03,4866.63,1327.0,101.54,0.0032,2161.2
2016-10-04,4859.47,1327.0,102.66,0.0033,2150.49
2016-10-05,4877.75,1327.0,103.53,0.0032,2159.73
2016-10-06,4873.92,1327.0,104.02,0.0032,2160.77
2016-10-07,4864.52,1327.0,103.42,0.0032,2153.74
2016-10-10,4893.77,1327.0,103.42,0.0032,2163.66
2016-10-11,4821.91,1327.0,103.36,0.0034999999999999996,2136.73
2016-10-12,4819.63,1327.0,104.48,0.0036,2139.18
2016-10-13,4803.1,1327.0,103.62,0.0029,2132.55
2016-10-14,4808.49,1327.0,104.1,0.0031,2132.98
2016-10-17,4796.17,1327.0,103.96,0.0034000000000000002,2126.5
2016-10-18,4839.72,1327.0,103.8,0.0034000000000000002,2139.6
2016-10-19,4836.61,1327.0,103.3,0.0034000000000000002,2144.29
2016-10-20,4832.71,1327.0,103.92,0.0034000000000000002,2141.34
2016-10-21,4851.86,1327.0,103.96,0.0033,2141.16
2016-10-24,4909.97,1327.0,104.2,0.0033,2151.33
2016-10-25,4891.45,1327.0,104.25,0.0034000000000000002,2143.16
2016-10-26,4860.59,1327.0,104.42,0.0033,2139.43
2016-10-27,4836.45,1327.0,105.14,0.0029,2133.04
2016-10-28,4805.59,1327.0,105.4,0.0029,2126.41
2016-10-31,4801.27,1266.55,105.07,0.0034000000000000002,2126.15
2016-11-01,4766.94,1266.55,104.59,0.0034999999999999996,2111.72
2016-11-02,4726.91,1266.55,103.22,0.0036,2097.94
2016-11-03,4679.1,1266.55,103.17,0.0037,2088.66
2016-11-04,4660.46,1266.55,103.02,0.0037,2085.18
2016-11-07,4773.73,1266.55,104.6,0.0040999999999999995,2131.52
2016-11-08,4804.92,1266.55,104.98,0.0043,2139.56
2016-11-09,4825.18,1266.55,104.84,0.0044,2163.26
2016-11-10,4747.03,1266.55,106.56,0.004699999999999999,2167.48
2016-11-11,4751.95,1266.55,106.56,0.004699999999999999,2164.45
2016-11-14,4702.04,1266.55,108.3,0.0054,2164.2
2016-11-15,4764.47,1266.55,108.94,0.005,2180.39
2016-11-16,4792.27,1266.55,109.16,0.0046,2176.94
2016-11-17,4826.59,1266.55,109.64,0.0043,2187.12
2016-11-18,4808.04,1266.55,110.51,0.0043,2181.9
2016-11-21,4859.0,1266.55,111.12,0.0046,2198.18
2016-11-22,4873.84,1266.55,110.98,0.0048,2202.94
2016-11-23,4853.86,1266.55,112.58,0.005,2204.72
2016-11-25,4870.02,1266.55,113.17,0.0048,2213.35
2016-11-28,4857.02,1266.55,112.36,0.0048,2201.72
2016-11-29,4873.21,1266.55,112.78,0.0048,2204.66
2016-11-30,4810.81,1238.35,114.34,0.0048,2198.81
2016-12-01,4734.1,1238.35,114.34,0.004699999999999999,2191.08
2016-12-02,4739.37,1238.35,113.76,0.0048,2191.95
2016-12-05,4778.14,1238.35,114.1,0.0049,2204.71
2016-12-06,4788.67,1238.35,113.98,0.0049,2212.23
2016-12-07,4851.94,1238.35,113.5,0.0051,2241.35
2016-12-08,4859.19,1238.35,114.16,0.005,2246.19
2016-12-09,4895.9,1238.35,115.17,0.0053,2259.53
2016-12-12,4874.3,1238.35,115.34,0.0051,2256.96
2016-12-13,4935.84,1238.35,115.26,0.0054,2271.72
2016-12-14,4921.22,1238.35,115.06,0.0054,2253.28
2016-12-15,4933.41,1238.35,118.32,0.005,2262.03
2016-12-16,4914.86,1238.35,117.74,0.005,2258.07
2016-12-19,4934.85,1238.35,116.6,0.0052,2262.53
2016-12-20,4953.8,1238.35,117.86,0.0052,2270.76
2016-12-21,4948.9,1238.35,117.79,0.0051,2265.18
2016-12-22,4934.39,1238.35,117.48,0.005,2260.96
2016-12-23,4940.02,1238.35,117.22,0.0051,2263.79
2016-12-27,4965.81,1238.35,117.52,0.0051,2268.88
2016-12-28,4926.29,1238.35,117.66,0.0052,2249.92
2016-12-29,4918.28,1238.35,116.32,0.0046,2249.26
2016-12-30,4863.62,1238.35,116.78,0.005,2238.83
2017-01-03,4911.33,1238.35,117.68,0.0053,2257.83
2017-01-04,4937.2,1238.35,117.38,0.0052,2270.75
2017-01-05,4964.95,1238.35,115.46,0.0051,2269.0
2017-01-06,5007.08,1238.35,116.85,0.0052,2276.98
2017-01-09,5024.9,1238.35,116.07,0.005,2268.9
2017-01-10,5035.17,1238.35,115.74,0.0051,2268.9
2017-01-11,5050.21,1238.35,116.26,0.0051,2275.32
2017-01-12,5041.43,1238.35,113.87,0.0051,2270.44
2017-01-13,5059.51,1238.35,115.03,0.0052,2274.64
2017-01-17,5044.65,1238.35,112.96,0.0054,2267.89
2017-01-18,5055.85,1238.35,113.4,0.0052,2271.89
2017-01-19,5051.17,1238.35,115.3,0.0051,2263.69
2017-01-20,5063.2,1238.35,115.3,0.0049,2271.31
2017-01-23,5065.7,1238.35,112.9,0.0051,2265.2
2017-01-24,5101.06,1238.35,113.63,0.005,2280.07
2017-01-25,5151.47,1238.35,113.6,0.0049,2298.37
2017-01-26,5156.92,1238.35,114.7,0.005,2296.68
2017-01-27,5168.06,1238.35,115.16,0.0051,2294.69
2017-01-30,5129.33,1238.35,113.86,0.0051,2280.9
2017-01-31,5116.77,1192.0,112.72,0.0052,2278.87
2017-02-01,5152.69,1192.0,113.29,0.005,2279.55
2017-02-02,5147.7,1192.0,112.48,0.0051,2280.85
2017-02-03,5161.6,1192.0,112.42,0.005,2297.42
2017-02-06,5167.96,1192.0,112.32,0.0053,2292.56
2017-02-07,5185.88,1192.0,112.14,0.0053,2293.08
2017-02-08,5196.58,1192.0,111.74,0.0053,2294.67
2017-02-09,5212.16,1192.0,113.24,0.0053,2307.87
2017-02-10,5226.69,1192.0,113.22,0.0054,2316.1
2017-02-13,5256.82,1192.0,113.79,0.0052,2328.25
2017-02-14,5271.07,1192.0,114.34,0.0054,2337.58
2017-02-15,5302.39,1192.0,114.17,0.0053,2349.25
2017-02-16,5300.64,1192.0,113.36,0.0052,2347.22
2017-02-17,5324.72,1192.0,112.86,0.0052,2351.16
2017-02-21,5350.73,1192.0,113.48,0.0053,2365.38
2017-02-22,5352.13,1192.0,113.46,0.0052,2362.82
2017-02-23,5332.37,1192.0,112.68,0.0051,2363.81
2017-02-24,5343.31,1192.0,112.26,0.0051,2367.34
2017-02-27,5347.55,1192.0,112.01,0.005,2369.75
2017-02-28,5330.31,1234.0,112.06,0.0053,2363.64
2017-03-01,5390.99,1234.0,113.66,0.0062,2395.96
2017-03-02,5363.26,1234.0,114.45,0.0066,2381.92
2017-03-03,5373.48,1234.0,114.6,0.006999999999999999,2383.12
2017-03-06,5360.31,1234.0,113.92,0.0073,2375.31
2017-03-07,5351.28,1234.0,113.99,0.0075,2368.39
2017-03-08,5359.8,1234.0,114.58,0.0072,2362.98
2017-03-09,5363.98,1234.0,114.71,0.0072,2364.87
2017-03-10,5385.9,1234.0,115.02,0.0073,2372.6
2017-03-13,5394.57,1234.0,114.61,0.0078000000000000005,2373.47
2017-03-14,5382.17,1234.0,114.63,0.0077,2365.45
2017-03-15,5416.25,1234.0,114.66,0.0072,2385.26
2017-03-16,5412.08,1234.0,113.02,0.0072,2381.38
2017-03-17,5408.76,1234.0,112.67,0.0072,2378.25
2017-03-20,5413.31,1234.0,112.59,0.0075,2373.47
2017-03-21,5332.53,1234.0,111.9,0.0076,2344.02
2017-03-22,5367.55,1234.0,111.06,0.0076,2348.45
2017-03-23,5355.14,1234.0,111.12,0.0075,2345.96
2017-03-24,5364.0,1234.0,111.03,0.0077,2343.98
2017-03-27,5374.27,1234.0,110.48,0.0077,2341.59
2017-03-28,5407.21,1234.0,110.56,0.0077,2358.57
2017-03-29,5430.27,1234.0,111.05,0.0077,2361.13
2017-03-30,5439.74,1234.0,111.36,0.0077,2368.06
2017-03-31,5436.23,1231.0,111.41,0.0075,2362.72
2017-04-03,5432.2,1231.0,110.96,0.0078000000000000005,2358.84
2017-04-04,5440.41,1231.0,110.74,0.0078000000000000005,2360.16
2017-04-05,5418.52,1231.0,111.2,0.0079,2352.95
2017-04-06,5420.88,1231.0,111.02,0.0078000000000000005,2357.49
2017-04-07,5418.37,1231.0,110.76,0.008100000000000001,2355.54
2017-04-10,5421.68,1231.0,110.95,0.008100000000000001,2357.16
2017-04-11,5398.4,1231.0,109.74,0.008100000000000001,2353.78
2017-04-12,5377.03,1231.0,109.54,0.008,2344.93
2017-04-13,5353.59,1231.0,109.23,0.008,2328.95
2017-04-17,5399.2,1231.0,108.46,0.008199999999999999,2349.01
2017-04-18,5391.66,1231.0,108.4,0.008100000000000001,2342.19
2017-04-19,5399.64,1231.0,109.06,0.008,2338.17
2017-04-20,5443.53,1231.0,109.34,0.0078000000000000005,2355.84
2017-04-21,5442.05,1231.0,109.08,0.0078000000000000005,2348.69
2017-04-24,5508.03,1231.0,109.74,0.008,2374.15
2017-04-25,5548.19,1231.0,110.88,0.008100000000000001,2388.61
2017-04-26,5541.09,1231.0,111.52,0.008199999999999999,2387.45
2017-04-27,5571.28,1231.0,111.13,0.008,2388.77
2017-04-28,5583.53,1231.0,111.44,0.0079,2384.2
2017-05-01,5629.63,1231.0,111.78,0.008199999999999999,2388.33
2017-05-02,5644.07,1231.0,112.06,0.008100000000000001,2391.17
2017-05-03,5625.16,1231.0,112.34,0.0084,2388.13
2017-05-04,5626.32,1231.0,112.7,0.0084,2389.52
2017-05-05,5646.09,1231.0,112.63,0.0088,2399.29
2017-05-08,5659.07,1231.0,112.84,0.009000000000000001,2399.38
2017-05-09,5678.31,1231.0,114.19,0.009000000000000001,2396.92
2017-05-10,5681.68,1231.0,114.02,0.0089,2399.63
2017-05-11,5674.22,1231.0,113.77,0.0087,2394.44
2017-05-12,5686.81,1231.0,113.3,0.0086,2390.9
2017-05-15,5704.48,1231.0,113.54,0.0089,2402.32
2017-05-16,5724.44,1231.0,113.24,0.0089,2400.67
2017-05-17,5580.55,1231.0,111.46,0.0089,2357.03
2017-05-18,5626.31,1231.0,110.82,0.0091,2365.72
2017-05-19,5651.56,1231.0,111.47,0.009000000000000001,2381.73
2017-05-22,5699.4,1231.0,111.15,0.0092,2394.02
2017-05-23,5703.35,1231.0,111.64,0.0091,2398.42
2017-05-24,5730.3,1231.0,112.02,0.0092,2404.39
2017-05-25,5778.37,1231.0,111.7,0.0092,2415.07
2017-05-26,5788.36,1231.0,111.3,0.0092,2415.82
2017-05-30,5794.63,1231.0,110.68,0.0092,2412.91
2017-05-31,5788.8,1246.04,110.71,0.0096,2411.8
2017-06-01,5816.51,1246.04,111.24,0.0096,2430.06
2017-06-02,5881.46,1246.04,110.49,0.0096,2439.07
2017-06-05,5878.12,1246.04,110.49,0.0095,2436.1
2017-06-06,5856.77,1246.04,109.34,0.0096,2429.33
2017-06-07,5877.59,1246.04,109.54,0.0098,2433.14
2017-06-08,5885.3,1246.04,110.1,0.009899999999999999,2433.79
2017-06-09,5741.94,1246.04,110.61,0.009899999999999999,2431.77
2017-06-12,5708.18,1246.04,109.72,0.0097,2429.39
2017-06-13,5751.82,1246.04,110.12,0.009899999999999999,2440.35
2017-06-14,5727.07,1246.04,109.16,0.009899999999999999,2437.92
2017-06-15,5700.89,1246.04,110.66,0.01,2432.46
2017-06-16,5681.48,1246.04,110.84,0.0101,2433.15
2017-06-19,5772.22,1246.04,111.34,0.0101,2453.46
2017-06-20,5726.31,1246.04,111.46,0.01,2437.03
2017-06-21,5782.39,1246.04,111.58,0.0097,2435.61
2017-06-22,5779.87,1246.04,111.36,0.009399999999999999,2434.5
2017-06-23,5803.11,1246.04,111.26,0.0095,2438.3
2017-06-26,5777.59,1246.04,111.48,0.0098,2439.07
2017-06-27,5671.6,1246.04,112.42,0.009899999999999999,2419.38
2017-06-28,5753.03,1246.04,112.18,0.01,2440.69
2017-06-29,5653.02,1246.04,112.32,0.0102,2419.7
2017-06-30,5646.92,1260.0,112.4,0.0101,2423.41
2017-07-03,5596.96,1260.0,113.32,0.0104,2429.01
2017-07-05,5648.82,1260.0,113.2,0.0103,2432.54
2017-07-06,5597.9,1260.0,113.28,0.0102,2409.75
2017-07-07,5656.47,1260.0,114.1,0.0103,2425.18
2017-07-10,5694.15,1260.0,114.08,0.0103,2427.43
2017-07-11,5709.8,1260.0,114.2,0.0103,2425.53
2017-07-12,5778.95,1260.0,113.19,0.0103,2443.25
2017-07-13,5793.36,1260.0,113.39,0.0103,2447.83
2017-07-14,5838.08,1260.0,112.66,0.0102,2459.27
2017-07-17,5839.74,1260.0,112.76,0.0105,2459.14
2017-07-18,5880.1,1260.0,111.89,0.0105,2460.61
2017-07-19,5916.16,1260.0,111.77,0.0109,2473.83
2017-07-20,5921.22,1260.0,111.68,0.0113,2473.45
2017-07-21,5921.52,1260.0,111.18,0.011399999999999999,2472.54
2017-07-24,5941.37,1260.0,111.1,0.0115,2469.91
2017-07-25,5930.65,1260.0,111.57,0.0116,2477.13
2017-07-26,5950.73,1260.0,112.1,0.0111,2477.83
2017-07-27,5917.03,1260.0,111.62,0.0109,2475.42
2017-07-28,5908.92,1260.0,110.87,0.0106,2472.1
2017-07-31,5880.33,1237.0,110.38,0.0105,2470.3
2017-08-01,5895.17,1237.0,110.33,0.0106,2476.35
2017-08-02,5914.23,1237.0,110.43,0.0106,2477.57
2017-08-03,5891.2,1237.0,110.12,0.0106,2472.16
2017-08-04,5899.91,1237.0,110.76,0.0106,2476.83
2017-08-07,5934.73,1237.0,110.76,0.0101,2480.91
2017-08-08,5926.35,1237.0,110.74,0.0104,2474.92
2017-08-09,5919.39,1237.0,110.04,0.0104,2474.02
2017-08-10,5788.19,1237.0,109.37,0.0103,2438.21
2017-08-11,5831.53,1237.0,109.06,0.0101,2441.32
2017-08-14,5908.17,1237.0,109.48,0.0101,2465.84
2017-08-15,5907.73,1237.0,110.42,0.0102,2464.61
2017-08-16,5917.42,1237.0,110.8,0.01,2468.11
2017-08-17,5796.32,1237.0,109.88,0.0098,2430.01
2017-08-18,5790.91,1237.0,109.32,0.01,2425.55
2017-08-21,5786.54,1237.0,108.89,0.009899999999999999,2428.37
2017-08-22,5873.33,1237.0,109.4,0.009899999999999999,2452.51
2017-08-23,5851.78,1237.0,109.14,0.0098,2444.04
2017-08-24,5834.44,1237.0,109.34,0.01,2438.97
2017-08-25,5822.53,1237.0,109.24,0.0101,2443.05
2017-08-28,5838.08,1237.0,109.22,0.0097,2444.24
2017-08-29,5862.14,1237.0,109.02,0.0101,2446.3
2017-08-30,5932.9,1237.0,110.2,0.0101,2457.59
2017-08-31,5988.6,1283.0,110.06,0.009899999999999999,2471.65
2017-09-01,5987.9,1283.0,110.09,0.01,2476.55
2017-09-05,5932.73,1283.0,108.94,0.0101,2457.85
2017-09-06,5951.13,1283.0,108.75,0.0105,2465.54
2017-09-07,5964.31,1283.0,108.26,0.0103,2465.1
2017-09-08,5913.37,1283.0,107.72,0.0102,2461.43
2017-09-11,5980.53,1283.0,109.03,0.0104,2488.11
2017-09-12,5995.64,1283.0,110.01,0.0102,2496.48
2017-09-13,6004.38,1283.0,110.58,0.0102,2498.37
2017-09-14,5968.82,1283.0,110.66,0.0103,2495.62
2017-09-15,5988.0,1283.0,110.84,0.0103,2500.23
2017-09-18,5981.12,1283.0,111.48,0.0104,2503.87
2017-09-19,5991.08,1283.0,111.49,0.0103,2506.65
2017-09-20,5973.6,1283.0,111.5,0.0102,2508.24
2017-09-21,5934.91,1283.0,112.3,0.0102,2500.6
2017-09-22,5932.32,1283.0,112.01,0.0101,2502.22
2017-09-25,5867.35,1283.0,111.64,0.0104,2496.66
2017-09-26,5881.34,1283.0,112.16,0.0105,2496.84
2017-09-27,5937.79,1283.0,112.76,0.0105,2507.04
2017-09-28,5933.07,1283.0,112.66,0.0104,2510.06
2017-09-29,5979.3,1283.0,112.64,0.0104,2519.36
2017-10-02,5981.92,1283.0,112.6,0.01,2529.12
2017-10-03,5995.06,1283.0,112.8,0.0105,2534.58
2017-10-04,5998.84,1283.0,112.84,0.0106,2537.74
2017-10-05,6057.14,1283.0,112.74,0.0105,2552.07
2017-10-06,6064.57,1283.0,112.68,0.0105,2549.33
2017-10-09,6058.53,1283.0,112.68,0.0105,2544.73
2017-10-10,6063.52,1283.0,112.15,0.0106,2550.64
2017-10-11,6081.25,1283.0,112.35,0.0108,2555.24
2017-10-12,6069.99,1283.0,112.38,0.010700000000000001,2550.93
2017-10-13,6092.45,1283.0,111.94,0.010700000000000001,2553.17
2017-10-16,6114.53,1283.0,111.72,0.0109,2557.64
2017-10-17,6122.61,1283.0,112.32,0.010700000000000001,2559.36
2017-10-18,6114.35,1283.0,112.94,0.010700000000000001,2561.26
2017-10-19,6092.62,1283.0,112.54,0.0108,2562.1
2017-10-20,6108.82,1283.0,113.5,0.0109,2575.21
2017-10-23,6067.83,1283.0,113.66,0.0108,2564.98
2017-10-24,6080.22,1283.0,113.92,0.011000000000000001,2569.13
2017-10-25,6055.04,1283.0,113.7,0.011000000000000001,2557.15
2017-10-26,6037.87,1283.0,113.72,0.0109,2560.4
2017-10-27,6213.47,1283.0,113.82,0.0108,2581.07
2017-10-30,6227.59,1283.0,113.26,0.011000000000000001,2572.83
2017-10-31,6248.56,1280.0,113.63,0.0113,2575.26
2017-11-01,6248.65,1280.0,114.04,0.0116,2579.36
2017-11-02,6236.39,1280.0,113.84,0.0115,2579.85
2017-11-03,6295.58,1280.0,114.25,0.0116,2587.84
2017-11-06,6313.61,1280.0,113.9,0.011699999999999999,2591.13
2017-11-07,6320.78,1280.0,113.9,0.012,2590.64
2017-11-08,6345.81,1280.0,113.62,0.0121,2594.38
2017-11-09,6312.21,1280.0,113.4,0.012199999999999999,2584.62
2017-11-10,6309.07,1280.0,113.4,0.0121,2582.3
2017-11-13,6316.18,1280.0,113.62,0.012199999999999999,2584.84
2017-11-14,6293.64,1280.0,113.5,0.0124,2578.87
2017-11-15,6258.36,1280.0,113.15,0.0123,2564.62
2017-11-16,6339.14,1280.0,112.89,0.0125,2585.64
2017-11-17,6314.51,1280.0,111.98,0.0126,2578.85
2017-11-20,6308.61,1280.0,112.49,0.0128,2582.14
2017-11-21,6378.63,1280.0,112.46,0.0128,2599.03
2017-11-22,6386.12,1280.0,111.62,0.0127,2597.08
2017-11-24,6409.29,1280.0,111.54,0.0126,2602.42
2017-11-27,6405.97,1280.0,111.0,0.0125,2601.42
2017-11-28,6422.56,1280.0,111.13,0.0128,2627.04
2017-11-29,6311.37,1280.0,111.75,0.0127,2626.07
2017-11-30,6365.56,1281.9,112.3,0.0125,2647.58
2017-12-01,6337.87,1281.9,111.88,0.0125,2642.22
2017-12-04,6263.7,1281.9,112.8,0.0128,2639.44
2017-12-05,6265.11,1281.9,112.76,0.0128,2629.57
2017-12-06,6293.05,1281.9,112.32,0.0128,2629.27
2017-12-07,6316.28,1281.9,112.7,0.0127,2636.98
2017-12-08,6344.57,1281.9,113.55,0.0126,2651.5
2017-12-11,6393.89,1281.9,113.34,0.0131,2659.99
2017-12-12,6383.65,1281.9,113.62,0.0132,2664.11
2017-12-13,6394.67,1281.9,113.19,0.0128,2662.85
2017-12-14,6389.91,1281.9,112.56,0.013000000000000001,2652.01
2017-12-15,6466.32,1281.9,112.68,0.0129,2675.81
2017-12-18,6513.27,1281.9,112.4,0.013600000000000001,2690.16
2017-12-19,6480.67,1281.9,112.98,0.013500000000000002,2681.47
2017-12-20,6472.48,1281.9,113.29,0.013600000000000001,2679.25
2017-12-21,6472.69,1281.9,113.42,0.013300000000000001,2684.57
2017-12-22,6465.17,1281.9,113.3,0.0131,2683.34
2017-12-26,6433.16,1281.9,113.2,0.014499999999999999,2680.5
2017-12-27,6435.15,1281.9,113.28,0.014199999999999999,2682.62
2017-12-28,6441.42,1281.9,112.85,0.0137,2687.54
2017-12-29,6396.42,1281.9,112.69,0.0137,2673.61
2018-01-02,6511.34,1281.9,112.18,0.014199999999999999,2695.81
2018-01-03,6575.8,1281.9,112.28,0.0139,2713.06
2018-01-04,6584.58,1281.9,112.78,0.0139,2723.99
2018-01-05,6653.29,1281.9,113.18,0.0137,2743.15
2018-01-08,6676.63,1281.9,113.08,0.0143,2747.71
2018-01-09,6677.94,1281.9,112.57,0.014199999999999999,2751.29
2018-01-10,6662.66,1281.9,111.48,0.013999999999999999,2748.23
2018-01-11,6708.49,1281.9,111.35,0.0141,2767.56
2018-01-12,6758.54,1281.9,111.23,0.0141,2786.24
2018-01-16,6737.14,1281.9,110.74,0.0143,2776.42
2018-01-17,6810.28,1281.9,110.81,0.014199999999999999,2802.56
2018-01-18,6811.38,1281.9,110.88,0.0143,2798.03
2018-01-19,6834.33,1281.9,110.56,0.014199999999999999,2810.3
2018-01-22,6906.28,1281.9,111.15,0.0143,2832.97
2018-01-23,6963.46,1281.9,110.46,0.014199999999999999,2839.13
2018-01-24,6919.35,1281.9,109.15,0.0141,2837.54
2018-01-25,6916.3,1281.9,108.7,0.013999999999999999,2839.25
2018-01-26,7022.97,1281.9,108.38,0.0139,2872.87
2018-01-29,6988.32,1281.9,109.12,0.0143,2853.53
2018-01-30,6930.73,1281.9,108.9,0.014199999999999999,2822.43
2018-01-31,6949.99,1331.0,109.31,0.0144,2823.81
2018-02-01,6901.5,1331.0,109.5,0.0146,2821.98
2018-02-02,6760.29,1331.0,110.4,0.0146,2762.13
2018-02-05,6495.92,1331.0,110.09,0.0149,2648.94
2018-02-06,6665.98,1331.0,109.18,0.015,2695.14
2018-02-07,6582.02,1331.0,109.53,0.015300000000000001,2681.66
2018-02-08,6306.1,1331.0,109.0,0.015300000000000001,2581.0
2018-02-09,6412.68,1331.0,108.44,0.015300000000000001,2619.55
2018-02-12,6523.85,1331.0,108.72,0.0161,2656.0
2018-02-13,6553.86,1331.0,107.59,0.015700000000000002,2662.94
2018-02-14,6675.03,1331.0,107.0,0.015600000000000001,2698.63
2018-02-15,6794.92,1331.0,106.36,0.015600000000000001,2731.2
2018-02-16,6770.66,1331.0,106.1,0.0159,2732.22
2018-02-20,6779.69,1331.0,107.23,0.016399999999999998,2716.26
2018-02-21,6759.26,1331.0,107.64,0.016200000000000003,2701.33
2018-02-22,6761.85,1331.0,106.96,0.0161,2703.96
2018-02-23,6896.6,1331.0,106.64,0.0161,2747.3
2018-02-26,6989.1,1331.0,106.96,0.0165,2779.6
2018-02-27,6900.35,1331.0,107.47,0.016399999999999998,2744.28
2018-02-28,6854.42,1331.0,106.62,0.0163,2713.83
2018-03-01,6750.54,1331.0,106.91,0.016,2677.67
2018-03-02,6811.04,1331.0,105.65,0.016200000000000003,2691.25
2018-03-05,6881.28,1331.0,105.97,0.0167,2720.94
2018-03-06,6913.02,1331.0,106.03,0.0165,2728.12
2018-03-07,6929.39,1331.0,105.94,0.0165,2726.8
2018-03-08,6966.43,1331.0,106.08,0.016399999999999998,2738.97
2018-03-09,7101.18,1331.0,106.74,0.016399999999999998,2786.57
2018-03-12,7131.12,1331.0,106.52,0.0168,2783.02
2018-03-13,7046.51,1331.0,106.64,0.017,2765.31
2018-03-14,7040.98,1331.0,106.17,0.0173,2749.48
2018-03-15,7030.97,1331.0,106.07,0.0174,2747.33
2018-03-16,7019.95,1331.0,106.1,0.0175,2752.01
2018-03-19,6864.88,1331.0,105.83,0.0177,2712.92
2018-03-20,6885.92,1331.0,106.42,0.0178,2716.94
2018-03-21,6853.45,1331.0,106.3,0.0171,2711.93
2018-03-22,6682.26,1331.0,105.34,0.0169,2643.69
2018-03-23,6508.09,1331.0,104.83,0.0171,2588.26
2018-03-26,6753.83,1331.0,105.0,0.0176,2658.55
2018-03-27,6529.84,1331.0,105.72,0.0174,2612.62
2018-03-28,6460.81,1331.0,106.3,0.017,2605.0
2018-03-29,6581.13,1331.0,106.27,0.017,2640.87
2018-04-02,6390.84,1331.0,105.99,0.0174,2581.88
2018-04-03,6458.83,1331.0,106.45,0.0172,2614.45
2018-04-04,6560.06,1331.0,106.56,0.0168,2644.69
2018-04-05,6594.84,1331.0,107.48,0.0169,2662.84
2018-04-06,6433.21,1331.0,107.03,0.017,2604.47
2018-04-09,6472.34,1331.0,107.06,0.0173,2613.16
2018-04-10,6615.87,1331.0,107.3,0.0171,2656.87
2018-04-11,6583.44,1331.0,106.78,0.017,2642.19
2018-04-12,6656.26,1331.0,107.3,0.0172,2663.99
2018-04-13,6628.34,1331.0,107.52,0.0173,2656.3
2018-04-16,6675.18,1331.0,107.26,0.0176,2677.84
2018-04-17,6816.37,1331.0,107.09,0.0177,2706.39
2018-04-18,6833.21,1331.0,107.26,0.0178,2708.64
2018-04-19,6774.89,1331.0,107.42,0.0179,2693.13
2018-04-20,6667.75,1331.0,107.6,0.0178,2670.14
2018-04-23,6648.8,1331.0,108.62,0.0184,2670.29
2018-04-24,6509.05,1331.0,109.03,0.0184,2634.56
2018-04-25,6513.94,1331.0,109.33,0.0182,2639.4
2018-04-26,6649.65,1331.0,109.3,0.0179,2666.94
2018-04-27,6656.35,1331.0,109.12,0.0178,2669.91
2018-04-30,6605.57,1335.0,109.28,0.0184,2648.05
2018-05-01,6681.96,1335.0,109.69,0.0182,2654.8
2018-05-02,6644.48,1335.0,109.89,0.0181,2635.67
2018-05-03,6643.48,1335.0,109.06,0.018000000000000002,2629.73
2018-05-04,6769.12,1335.0,109.16,0.018000000000000002,2663.42
2018-05-07,6821.87,1335.0,109.14,0.0183,2672.63
2018-05-08,6815.48,1335.0,109.16,0.0184,2671.92
2018-05-09,6893.21,1335.0,109.68,0.018500000000000003,2697.79
2018-05-10,6963.55,1335.0,109.53,0.018600000000000002,2723.07
2018-05-11,6952.56,1335.0,109.26,0.018799999999999997,2727.72
2018-05-14,6964.37,1335.0,109.52,0.019,2730.13
2018-05-15,6888.54,1335.0,110.25,0.0189,2711.45
2018-05-16,6929.97,1335.0,110.22,0.018799999999999997,2722.46
2018-05-17,6901.63,1335.0,110.76,0.018799999999999997,2720.13
2018-05-18,6866.25,1335.0,110.71,0.0187,2712.97
2018-05-21,6905.53,1335.0,111.08,0.019,2733.01
2018-05-22,6893.62,1335.0,110.94,0.019,2724.44
2018-05-23,6953.63,1335.0,110.05,0.018799999999999997,2733.29
2018-05-24,6949.7,1335.0,109.3,0.0187,2727.76
2018-05-25,6960.92,1335.0,109.35,0.018600000000000002,2721.33
2018-05-29,6926.54,1335.0,108.62,0.019,2689.86
2018-05-30,6976.37,1335.0,109.04,0.019,2724.01
2018-05-31,6967.73,1303.0,108.73,0.0189,2705.27
2018-06-01,7083.93,1303.0,109.49,0.018799999999999997,2734.62
2018-06-04,7143.57,1303.0,109.66,0.0191,2746.87
2018-06-05,7166.75,1303.0,109.63,0.0191,2748.8
2018-06-06,7210.08,1303.0,110.0,0.0191,2772.35
2018-06-07,7152.83,1303.0,109.92,0.019,2770.37
2018-06-08,7152.62,1303.0,109.45,0.0189,2779.03
2018-06-11,7168.48,1303.0,109.94,0.0191,2782.0
2018-06-12,7209.18,1303.0,110.22,0.0189,2786.85
2018-06-13,7205.26,1303.0,110.41,0.019,2775.63
2018-06-14,7279.59,1303.0,110.44,0.019,2782.49
2018-06-15,7255.76,1303.0,110.58,0.019,2779.66
2018-06-18,7251.41,1303.0,110.44,0.0191,2773.75
2018-06-19,7228.04,1303.0,110.02,0.0191,2762.59
2018-06-20,7280.7,1303.0,110.14,0.019,2767.32
2018-06-21,7217.49,1303.0,110.05,0.019,2749.76
2018-06-22,7197.51,1303.0,109.98,0.0189,2754.88
2018-06-25,7038.17,1303.0,109.62,0.019,2717.07
2018-06-26,7068.2,1303.0,109.92,0.019,2723.06
2018-06-27,6969.67,1303.0,110.34,0.0189,2699.63
2018-06-28,7031.6,1303.0,110.38,0.0189,2716.31
2018-06-29,7040.8,1303.0,110.71,0.0189,2718.37
2018-07-02,7097.82,1303.0,110.73,0.0195,2726.71
2018-07-03,7014.55,1303.0,110.54,0.0194,2713.22
2018-07-05,7101.05,1303.0,110.59,0.0192,2736.61
2018-07-06,7207.33,1303.0,110.48,0.019299999999999998,2759.82
2018-07-09,7276.0,1303.0,110.78,0.0195,2784.17
2018-07-10,7282.6,1303.0,111.24,0.0195,2793.84
2018-07-11,7243.98,1303.0,111.52,0.019299999999999998,2774.02
2018-07-12,7366.25,1303.0,112.41,0.0194,2798.29
2018-07-13,7375.82,1303.0,112.38,0.0194,2801.31
2018-07-16,7357.9,1303.0,112.29,0.019799999999999998,2798.43
2018-07-17,7403.89,1303.0,112.79,0.019799999999999998,2809.55
2018-07-18,7390.13,1303.0,112.82,0.0196,2815.62
2018-07-19,7352.36,1303.0,112.98,0.0196,2804.49
2018-07-20,7350.23,1303.0,111.74,0.0195,2801.83
2018-07-23,7371.78,1303.0,111.36,0.0196,2806.98
2018-07-24,7406.25,1303.0,111.27,0.019799999999999998,2820.4
2018-07-25,7508.59,1303.0,111.02,0.0197,2846.07
2018-07-26,7400.75,1303.0,111.2,0.0195,2837.44
2018-07-27,7296.78,1303.0,110.94,0.0196,2818.82
2018-07-30,7193.1,1303.0,110.98,0.020099999999999996,2802.6
2018-07-31,7231.98,1238.0,111.88,0.0199,2816.29
2018-08-01,7272.89,1238.0,111.72,0.0199,2813.36
2018-08-02,7372.15,1238.0,111.48,0.019799999999999998,2827.22
2018-08-03,7395.49,1238.0,111.12,0.0197,2840.35
2018-08-06,7438.99,1238.0,111.43,0.0202,2850.4
2018-08-07,7462.65,1238.0,111.19,0.0202,2858.45
2018-08-08,7469.54,1238.0,110.96,0.0202,2857.7
2018-08-09,7466.96,1238.0,110.9,0.0202,2853.58
2018-08-10,7408.3,1238.0,110.66,0.020099999999999996,2833.28
2018-08-13,7401.17,1238.0,110.65,0.0203,2821.93
2018-08-14,7447.17,1238.0,110.92,0.0204,2839.96
2018-08-15,7354.66,1238.0,110.62,0.0203,2818.37
2018-08-16,7374.29,1238.0,110.89,0.0203,2840.69
2018-08-17,7377.54,1238.0,110.54,0.020099999999999996,2850.13
2018-08-20,7371.42,1238.0,110.38,0.0203,2857.05
2018-08-21,7397.23,1238.0,110.48,0.0204,2862.96
2018-08-22,7424.6,1238.0,110.54,0.020499999999999997,2861.82
2018-08-23,7413.84,1238.0,111.14,0.0204,2856.98
2018-08-24,7485.4,1238.0,111.22,0.020499999999999997,2874.69
2018-08-27,7559.13,1238.0,111.09,0.0208,2896.74
2018-08-28,7570.25,1238.0,111.04,0.0209,2897.52
2018-08-29,7660.18,1238.0,111.8,0.0209,2914.04
2018-08-30,7642.67,1238.0,111.17,0.0207,2901.13
2018-08-31,7654.55,1202.0,110.98,0.0207,2901.52
2018-09-04,7622.32,1202.0,111.44,0.0209,2896.72
2018-09-05,7523.26,1202.0,111.47,0.021,2888.6
2018-09-06,7453.17,1202.0,110.87,0.0209,2878.05
2018-09-07,7430.26,1202.0,111.18,0.021,2871.68
2018-09-10,7447.68,1202.0,111.09,0.021099999999999997,2877.13
2018-09-11,7507.87,1202.0,111.54,0.021099999999999997,2887.89
2018-09-12,7488.06,1202.0,111.29,0.0212,2888.92
2018-09-13,7561.69,1202.0,111.92,0.021099999999999997,2904.18
2018-09-14,7545.5,1202.0,112.09,0.0212,2904.98
2018-09-17,7434.73,1202.0,111.97,0.0213,2888.8
2018-09-18,7494.4,1202.0,112.3,0.0213,2904.31
2018-09-19,7490.32,1202.0,112.21,0.0212,2907.95
2018-09-20,7569.03,1202.0,112.58,0.0213,2930.75
2018-09-21,7531.07,1202.0,112.62,0.021400000000000002,2929.67
2018-09-24,7548.75,1202.0,112.62,0.0218,2919.37
2018-09-25,7563.19,1202.0,112.88,0.0217,2915.56
2018-09-26,7563.09,1202.0,112.92,0.0216,2905.97
2018-09-27,7629.57,1202.0,113.38,0.021400000000000002,2914.0
2018-09-28,7627.65,1202.0,113.48,0.0215,2913.98
2018-10-01,7645.45,1202.0,113.96,0.0219,2924.59
2018-10-02,7628.28,1202.0,113.66,0.0219,2923.43
2018-10-03,7637.43,1202.0,114.19,0.0219,2925.51
2018-10-04,7490.0,1202.0,113.79,0.0218,2901.61
2018-10-05,7399.01,1202.0,113.56,0.0218,2885.57
2018-10-08,7352.82,1202.0,113.56,0.0218,2884.43
2018-10-09,7371.62,1202.0,113.13,0.022099999999999998,2880.34
2018-10-10,7044.5,1202.0,112.71,0.0223,2785.68
2018-10-11,6964.03,1202.0,112.26,0.0222,2728.37
2018-10-12,7157.21,1202.0,112.02,0.0223,2767.13
2018-10-15,7068.67,1202.0,111.82,0.0227,2750.79
2018-10-16,7276.43,1202.0,112.16,0.0226,2809.92
2018-10-17,7278.63,1202.0,112.21,0.0227,2809.21
2018-10-18,7116.09,1202.0,112.11,0.0227,2768.78
2018-10-19,7107.23,1202.0,112.52,0.0226,2767.78
2018-10-22,7141.21,1202.0,112.78,0.023,2755.88
2018-10-23,7118.67,1202.0,112.12,0.0229,2740.69
2018-10-24,6789.15,1202.0,112.58,0.0229,2656.1
2018-10-25,7016.39,1202.0,112.54,0.0229,2705.57
2018-10-26,6852.4,1202.0,111.65,0.022799999999999997,2658.69
2018-10-29,6713.9,1202.0,112.49,0.023,2641.25
2018-10-30,6810.12,1202.0,112.76,0.0229,2682.63
2018-10-31,6967.1,1215.0,112.86,0.0229,2711.74
2018-11-01,7069.17,1215.0,112.79,0.0227,2740.37
2018-11-02,6965.29,1215.0,113.09,0.022799999999999997,2723.06
2018-11-05,6937.09,1215.0,113.22,0.0232,2738.31
2018-11-06,6988.85,1215.0,113.38,0.0231,2755.45
2018-11-07,7203.13,1215.0,113.32,0.0232,2813.89
2018-11-08,7158.59,1215.0,113.87,0.023,2806.83
2018-11-09,7039.15,1215.0,113.77,0.0231,2781.01
2018-11-12,6829.1,1215.0,113.77,0.0231,2726.22
2018-11-13,6830.91,1215.0,113.97,0.023399999999999997,2722.18
2018-11-14,6769.87,1215.0,113.7,0.0233,2701.58
2018-11-15,6890.45,1215.0,113.46,0.0232,2730.2
2018-11-16,6867.02,1215.0,112.76,0.0231,2736.27
2018-11-19,6642.92,1215.0,112.54,0.023399999999999997,2690.73
2018-11-20,6526.96,1215.0,112.66,0.023399999999999997,2641.89
2018-11-21,6575.66,1215.0,113.06,0.0236,2649.93
2018-11-23,6527.35,1215.0,112.83,0.0236,2632.56
2018-11-26,6678.34,1215.0,113.58,0.023700000000000002,2673.45
2018-11-27,6701.04,1215.0,113.84,0.0236,2682.17
2018-11-28,6913.33,1215.0,113.96,0.0235,2743.79
2018-11-29,6892.4,1215.0,113.42,0.0232,2737.76
2018-11-30,6949.01,1220.65,113.54,0.0232,2760.17
2018-12-03,7062.13,1220.65,113.54,0.023399999999999997,2790.37
2018-12-04,6795.21,1220.65,112.93,0.023799999999999998,2700.06
2018-12-06,6838.85,1220.65,112.46,0.0236,2695.95
2018-12-07,6613.27,1220.65,112.6,0.0235,2633.08
2018-12-10,6682.74,1220.65,112.96,0.023700000000000002,2637.72
2018-12-11,6704.24,1220.65,113.41,0.023700000000000002,2636.78
2018-12-12,6763.96,1220.65,113.28,0.0239,2651.07
2018-12-13,6767.97,1220.65,113.66,0.023799999999999998,2650.54
2018-12-14,6594.96,1220.65,113.35,0.023700000000000002,2599.95
2018-12-17,6448.39,1220.65,112.96,0.0236,2545.94
2018-12-18,6491.52,1220.65,112.54,0.023399999999999997,2546.16
2018-12-19,6342.97,1220.65,112.15,0.0235,2506.96
2018-12-20,6243.19,1220.65,111.34,0.023399999999999997,2467.42
2018-12-21,6046.56,1220.65,111.14,0.023399999999999997,2416.62
2018-12-24,5899.35,1220.65,111.14,0.0241,2351.1
2018-12-26,6262.77,1220.65,110.45,0.0239,2467.7
2018-12-27,6288.3,1220.65,110.78,0.0236,2488.83
2018-12-28,6285.27,1220.65,110.34,0.0235,2485.74
2018-12-31,6329.96,1250.4,109.7,0.024,2506.85
2019-01-02,6360.87,1250.4,109.22,0.023700000000000002,2510.03
2019-01-03,6147.13,1250.4,108.07,0.0236,2447.89
2019-01-04,6422.67,1250.4,108.29,0.023700000000000002,2531.94
2019-01-07,6488.25,1250.4,108.62,0.0241,2549.69
2019-01-08,6551.85,1250.4,108.57,0.0241,2574.41
2019-01-09,6600.69,1250.4,108.38,0.024,2584.96
2019-01-10,6620.94,1250.4,108.29,0.023799999999999998,2596.64
2019-01-11,6601.4,1250.4,108.34,0.023799999999999998,2596.26
2019-01-14,6541.04,1250.4,108.34,0.024,2582.61
2019-01-15,6669.64,1250.4,108.72,0.024,2610.3
2019-01-16,6668.56,1250.4,108.84,0.023799999999999998,2616.1
2019-01-17,6718.45,1250.4,109.01,0.023700000000000002,2635.96
2019-01-18,6784.61,1250.4,109.79,0.0236,2670.71
2019-01-22,6646.81,1250.4,109.34,0.023799999999999998,2632.9
2019-01-23,6658.76,1250.4,109.44,0.0236,2638.7
2019-01-24,6702.55,1250.4,109.72,0.0232,2642.33
2019-01-25,6787.37,1250.4,109.6,0.023399999999999997,2664.76
2019-01-28,6697.09,1250.4,109.2,0.023700000000000002,2643.85
2019-01-29,6632.79,1250.4,109.36,0.023700000000000002,2640.0
2019-01-30,6807.91,1250.4,109.57,0.023700000000000002,2681.05
2019-01-31,6906.84,1291.75,108.84,0.0236,2704.1
2019-02-01,6875.52,1291.75,109.55,0.0235,2706.53
2019-02-04,6959.96,1291.75,109.96,0.023700000000000002,2724.87
2019-02-05,7023.52,1291.75,109.99,0.023700000000000002,2737.7
2019-02-06,6997.62,1291.75,109.75,0.023700000000000002,2731.61
2019-02-07,6904.98,1291.75,109.7,0.023700000000000002,2706.05
2019-02-08,6913.13,1291.75,109.76,0.023799999999999998,2707.88
2019-02-11,6909.18,1291.75,110.4,0.024,2709.8
2019-02-12,7014.67,1291.75,110.5,0.023799999999999998,2744.73
2019-02-13,7015.88,1291.75,110.86,0.0239,2753.03
2019-02-14,7022.42,1291.75,110.68,0.023799999999999998,2745.73
2019-02-15,7055.18,1291.75,110.54,0.023799999999999998,2775.6
2019-02-19,7066.61,1291.75,110.68,0.0241,2779.76
2019-02-20,7062.34,1291.75,110.68,0.024,2784.7
2019-02-21,7035.16,1291.75,110.72,0.024,2774.88
2019-02-22,7090.63,1291.75,110.7,0.0241,2792.67
2019-02-25,7115.43,1291.75,111.07,0.0242,2796.11
2019-02-26,7123.22,1291.75,110.76,0.024,2793.9
2019-02-27,7117.0,1291.75,110.92,0.024,2792.38
2019-02-28,7097.53,1320.07,111.38,0.024,2784.49
2019-03-01,7151.57,1320.07,111.89,0.0239,2803.69
2019-03-04,7150.83,1320.07,111.68,0.0241,2792.81
2019-03-05,7156.79,1320.07,111.98,0.0241,2789.65
2019-03-06,7112.47,1320.07,111.66,0.0241,2771.45
2019-03-07,7026.88,1320.07,111.6,0.024,2748.93
2019-03-08,7015.69,1320.07,111.11,0.0241,2743.07
2019-03-11,7164.02,1320.07,111.21,0.0241,2783.3
2019-03-12,7201.28,1320.07,111.38,0.0241,2791.52
2019-03-13,7256.98,1320.07,111.23,0.024,2810.92
2019-03-14,7243.01,1320.07,111.71,0.024,2808.48
2019-03-15,7306.99,1320.07,111.57,0.024,2822.48
2019-03-18,7326.28,1320.07,111.41,0.0239,2832.94
2019-03-19,7349.28,1320.07,111.38,0.0241,2832.57
2019-03-20,7380.75,1320.07,111.41,0.0242,2824.23
2019-03-21,7493.27,1320.07,110.86,0.024300000000000002,2854.88
2019-03-22,7326.06,1320.07,109.76,0.0241,2800.71
2019-03-25,7316.96,1320.07,110.09,0.0241,2798.36
2019-03-26,7351.15,1320.07,110.5,0.0241,2818.46
2019-03-27,7308.19,1320.07,110.38,0.0239,2805.37
2019-03-28,7320.47,1320.07,110.54,0.023799999999999998,2815.44
2019-03-29,7378.77,1320.07,110.68,0.0235,2834.4
2019-04-01,7478.42,1320.07,111.29,0.023799999999999998,2867.19
2019-04-02,7499.64,1320.07,111.32,0.023700000000000002,2867.24
2019-04-03,7544.97,1320.07,111.48,0.0239,2873.4
2019-04-04,7540.57,1320.07,111.55,0.0239,2879.39
2019-04-05,7578.84,1320.07,111.71,0.0239,2892.74
2019-04-08,7599.74,1320.07,111.47,0.023799999999999998,2895.77
2019-04-09,7568.49,1320.07,111.08,0.023700000000000002,2878.2
2019-04-10,7611.49,1320.07,110.92,0.023799999999999998,2888.21
2019-04-11,7594.89,1320.07,111.48,0.023799999999999998,2888.32
2019-04-12,7628.15,1320.07,112.0,0.0239,2907.41
2019-04-15,7629.12,1320.07,112.0,0.023799999999999998,2905.58
2019-04-16,7654.73,1320.07,111.95,0.023799999999999998,2907.06
2019-04-17,7680.72,1320.07,112.0,0.0239,2900.45
2019-04-18,7689.72,1320.07,111.94,0.023700000000000002,2905.03
2019-04-19,7689.715,1320.07,111.92,0.023700000000000002,2905.03
2019-04-22,7713.49,1320.07,111.94,0.0239,2907.97
2019-04-23,7810.71,1320.07,111.86,0.024,2933.68
2019-04-24,7784.41,1320.07,111.81,0.0239,2927.25
2019-04-25,7816.92,1320.07,111.59,0.023799999999999998,2926.17
2019-04-26,7826.68,1320.07,111.6,0.023700000000000002,2939.88
2019-04-29,7839.04,1320.07,111.8,0.0239,2943.03
2019-04-30,7781.46,1286.0,111.4,0.023799999999999998,2945.83
2019-05-01,7751.85,1286.0,111.18,0.023799999999999998,2923.73
2019-05-02,7724.06,1286.0,111.39,0.0241,2917.52
2019-05-03,7845.73,1286.0,111.28,0.023799999999999998,2945.64
2019-05-06,7794.09,1286.0,110.86,0.0239,2932.47
2019-05-07,7640.15,1286.0,110.34,0.023799999999999998,2884.05
2019-05-08,7617.55,1286.0,110.12,0.023799999999999998,2879.42
2019-05-09,7582.75,1286.0,109.55,0.023799999999999998,2870.72
2019-05-10,7586.53,1286.0,109.56,0.023799999999999998,2881.4
2019-05-13,7324.13,1286.0,109.18,0.0236,2811.87
2019-05-14,7401.88,1286.0,109.68,0.0236,2834.41
2019-05-15,7503.25,1286.0,109.58,0.023700000000000002,2850.96
2019-05-16,7580.14,1286.0,109.89,0.0235,2876.32
2019-05-17,7503.68,1286.0,109.9,0.023399999999999997,2859.53
2019-05-20,7376.7,1286.0,109.96,0.023399999999999997,2840.23
2019-05-21,7451.02,1286.0,110.6,0.023399999999999997,2864.36
2019-05-22,7420.66,1286.0,110.28,0.0233,2856.27
2019-05-23,7307.93,1286.0,109.58,0.0232,2822.24
2019-05-24,7300.96,1286.0,109.38,0.023,2826.06
2019-05-28,7278.38,1286.0,109.49,0.0232,2802.39
2019-05-29,7216.86,1286.0,109.24,0.0232,2783.02
2019-05-30,7245.4,1286.0,109.67,0.0233,2788.86
2019-05-31,7127.96,1284.0,108.66,0.023,2752.06
2019-06-03,6978.02,1284.0,108.39,0.023,2744.45
2019-06-04,7166.75,1284.0,108.3,0.023,2803.27
2019-06-05,7220.9,1284.0,108.2,0.023,2826.15
2019-06-06,7275.93,1284.0,108.08,0.022799999999999997,2843.49
2019-06-07,7417.29,1284.0,108.15,0.0223,2873.34
2019-06-10,7501.93,1284.0,108.56,0.022400000000000003,2886.73
2019-06-11,7513.85,1284.0,108.52,0.0222,2885.72
2019-06-12,7472.29,1284.0,108.42,0.0219,2879.84
2019-06-13,7510.68,1284.0,108.44,0.021400000000000002,2891.64
2019-06-14,7479.11,1284.0,108.44,0.0215,2886.98
2019-06-17,7526.52,1284.0,108.56,0.0218,2889.67
2019-06-18,7635.4,1284.0,108.39,0.0217,2917.75
2019-06-19,7667.74,1284.0,108.36,0.0213,2926.46
2019-06-20,7738.05,1284.0,107.52,0.0209,2954.18
2019-06-21,7728.78,1284.0,107.55,0.0207,2950.46
2019-06-24,7723.02,1284.0,107.36,0.0208,2945.35
2019-06-25,7591.54,1284.0,106.92,0.0207,2917.38
2019-06-26,7627.05,1284.0,107.64,0.021,2913.78
2019-06-27,7657.05,1284.0,107.73,0.0209,2924.92
2019-06-28,7671.07,1284.0,107.84,0.0208,2941.76
2019-07-01,7768.14,1284.0,108.42,0.0216,2964.33
2019-07-02,7799.82,1284.0,107.98,0.0215,2973.01
2019-07-03,7857.69,1284.0,107.84,0.0216,2995.82
2019-07-05,7841.3,1284.0,108.55,0.0218,2990.41
2019-07-08,7785.79,1284.0,108.72,0.022099999999999998,2975.95
2019-07-09,7826.86,1284.0,108.78,0.022099999999999998,2979.63
2019-07-10,7903.4,1284.0,108.44,0.0215,2993.07
2019-07-11,7896.78,1284.0,108.29,0.0212,2999.91
2019-07-12,7943.24,1284.0,108.0,0.021,3013.77
2019-07-15,7966.93,1284.0,107.89,0.021099999999999997,3014.3
2019-07-16,7927.08,1284.0,108.35,0.021,3004.04
2019-07-17,7888.76,1284.0,108.1,0.0209,2984.42
2019-07-18,7904.13,1284.0,107.74,0.020099999999999996,2995.11
2019-07-19,7834.9,1284.0,107.78,0.0202,2976.61
2019-07-22,7905.12,1284.0,107.91,0.0204,2985.03
2019-07-23,7954.56,1284.0,108.06,0.0202,3005.47
2019-07-24,8010.6,1284.0,108.08,0.020499999999999997,3019.56
2019-07-25,7929.87,1284.0,108.58,0.0206,3003.67
2019-07-26,8016.95,1284.0,108.69,0.0208,3025.86
2019-07-29,7989.08,1284.0,108.86,0.0207,3020.97
2019-07-30,7952.47,1284.0,108.66,0.0204,3013.18
2019-07-31,7848.78,1413.0,108.58,0.0204,2980.38
2019-08-01,7801.15,1413.0,108.28,0.0203,2953.56
2019-08-02,7692.8,1413.0,106.64,0.0202,2932.05
2019-08-05,7415.69,1413.0,106.02,0.02,2844.74
2019-08-06,7521.32,1413.0,106.45,0.020099999999999996,2881.77
2019-08-07,7551.9,1413.0,105.62,0.019799999999999998,2883.98
2019-08-08,7724.83,1413.0,106.04,0.019799999999999998,2938.09
2019-08-09,7646.27,1413.0,105.3,0.0196,2918.65
2019-08-12,7561.68,1413.0,105.38,0.0196,2883.75
2019-08-13,7728.15,1413.0,106.6,0.0196,2926.32
2019-08-14,7490.13,1413.0,105.79,0.0192,2840.6
2019-08-15,7484.89,1413.0,106.12,0.0187,2847.6
2019-08-16,7604.11,1413.0,106.34,0.0183,2888.68
2019-08-19,7719.32,1413.0,106.5,0.019,2923.65
2019-08-20,7664.47,1413.0,106.35,0.019,2900.51
2019-08-21,7733.22,1413.0,106.52,0.019299999999999998,2924.43
2019-08-22,7707.43,1413.0,106.44,0.0196,2922.95
2019-08-23,7464.99,1413.0,105.3,0.019299999999999998,2847.11
2019-08-26,7575.02,1413.0,106.0,0.0196,2878.38
2019-08-27,7566.03,1413.0,105.8,0.0194,2869.16
2019-08-28,7587.9,1413.0,105.86,0.0195,2887.94
2019-08-29,7702.31,1413.0,106.5,0.0195,2924.58
2019-08-30,7691.0,1413.0,106.3,0.0195,2926.46
2019-09-03,7609.51,1413.0,105.88,0.0194,2906.27
2019-09-04,7719.25,1413.0,106.28,0.019299999999999998,2937.78
2019-09-05,7862.54,1413.0,106.96,0.019299999999999998,2976.0
2019-09-06,7852.54,1413.0,106.8,0.0192,2978.71
2019-09-09,7832.4,1413.0,107.14,0.0192,2978.43
2019-09-10,7814.74,1413.0,107.34,0.0191,2979.39
2019-09-11,7887.58,1413.0,107.73,0.0192,3000.93
2019-09-12,7917.34,1413.0,107.97,0.0191,3009.57
2019-09-13,7892.95,1413.0,108.12,0.0192,3007.39
2019-09-16,7852.41,1413.0,107.94,0.0195,2997.96
2019-09-17,7888.79,1413.0,108.12,0.0195,3005.7
2019-09-18,7888.56,1413.0,108.17,0.0191,3006.73
2019-09-19,7901.79,1413.0,108.0,0.0189,3006.79
2019-09-20,7823.55,1413.0,107.95,0.0187,2992.07
2019-09-23,7818.61,1413.0,107.47,0.019,2991.78
2019-09-24,7710.04,1413.0,107.32,0.018799999999999997,2966.6
2019-09-25,7803.54,1413.0,107.78,0.018500000000000003,2984.87
2019-09-26,7771.99,1413.0,107.67,0.0179,2977.62
2019-09-27,7681.58,1413.0,108.05,0.0176,2961.79
2019-09-30,7749.45,1511.0,108.11,0.0184,2976.74
2019-10-01,7684.14,1511.0,107.7,0.0178,2940.25
2019-10-02,7550.79,1511.0,107.21,0.0175,2887.61
2019-10-03,7638.39,1511.0,106.76,0.0167,2910.63
2019-10-04,7754.1,1511.0,106.91,0.0168,2952.01
2019-10-07,7725.13,1511.0,107.06,0.0171,2938.79
2019-10-08,7604.27,1511.0,107.06,0.0168,2893.06
2019-10-09,7690.53,1511.0,107.43,0.0166,2919.4
2019-10-10,7740.36,1511.0,107.91,0.0165,2938.13
2019-10-11,7843.87,1511.0,108.52,0.0165,2970.27
2019-10-14,7842.33,1511.0,108.52,0.0165,2966.15
2019-10-15,7942.85,1511.0,108.83,0.016399999999999998,2995.68
2019-10-16,7920.21,1511.0,108.71,0.0163,2989.69
2019-10-17,7942.14,1511.0,108.51,0.0163,2997.95
2019-10-18,7868.49,1511.0,108.44,0.0163,2986.2
2019-10-21,7940.33,1511.0,108.57,0.016399999999999998,3006.72
2019-10-22,7874.62,1511.0,108.56,0.016200000000000003,2995.99
2019-10-23,7889.47,1511.0,108.64,0.016200000000000003,3004.52
2019-10-24,7966.72,1511.0,108.62,0.016399999999999998,3010.29
2019-10-25,8029.22,1511.0,108.75,0.0163,3022.55
2019-10-28,8110.67,1511.0,109.02,0.016200000000000003,3039.42
2019-10-29,8047.51,1511.0,108.83,0.016,3036.89
2019-10-30,8083.11,1511.0,108.88,0.0159,3046.77
2019-10-31,8083.83,1495.0,108.09,0.0151,3037.56
2019-11-01,8161.17,1495.0,108.16,0.0149,3066.91
2019-11-04,8210.66,1495.0,108.56,0.015,3078.27
2019-11-05,8210.18,1495.0,109.13,0.015300000000000001,3074.62
2019-11-06,8196.03,1495.0,108.86,0.015300000000000001,3076.78
2019-11-07,8219.65,1495.0,109.42,0.015300000000000001,3085.18
2019-11-08,8255.89,1495.0,109.14,0.0152,3093.08
2019-11-11,8241.91,1495.0,109.14,0.0152,3087.01
2019-11-12,8263.79,1495.0,109.09,0.015600000000000001,3091.84
2019-11-13,8259.81,1495.0,108.83,0.0154,3094.04
2019-11-14,8257.83,1495.0,108.33,0.0154,3096.63
2019-11-15,8315.52,1495.0,108.8,0.0154,3120.46
2019-11-18,8328.48,1495.0,108.61,0.0154,3122.03
2019-11-19,8338.74,1495.0,108.59,0.0154,3120.18
2019-11-20,8283.75,1495.0,108.67,0.0154,3108.46
2019-11-21,8265.62,1495.0,108.53,0.0155,3103.54
2019-11-22,8272.05,1495.0,108.67,0.0155,3110.29
2019-11-25,8371.93,1495.0,108.95,0.0158,3133.64
2019-11-26,8385.75,1495.0,109.11,0.015700000000000002,3140.52
2019-11-27,8444.71,1495.0,109.38,0.0159,3153.63
2019-11-29,8403.68,1495.0,109.47,0.015600000000000001,3140.98
2019-12-02,8309.26,1495.0,109.09,0.015700000000000002,3113.87
2019-12-03,8254.74,1495.0,108.53,0.0154,3093.2
2019-12-04,8296.53,1495.0,108.87,0.0152,3112.76
2019-12-05,8308.4,1495.0,108.69,0.0151,3117.43
2019-12-06,8397.37,1495.0,108.66,0.015,3145.91
2019-12-09,8362.74,1495.0,108.59,0.0151,3135.96
2019-12-10,8354.29,1495.0,108.73,0.015300000000000001,3132.52
2019-12-11,8402.61,1495.0,108.67,0.0154,3141.63
2019-12-12,8466.89,1495.0,109.16,0.015300000000000001,3168.57
2019-12-13,8487.71,1495.0,109.28,0.0154,3168.8
2019-12-16,8570.33,1495.0,109.64,0.0154,3191.45
2019-12-17,8575.7,1495.0,109.52,0.015300000000000001,3192.52
2019-12-18,8580.62,1495.0,109.58,0.015300000000000001,3191.14
2019-12-19,8641.29,1495.0,109.23,0.0154,3205.37
2019-12-20,8678.49,1495.0,109.45,0.0155,3221.22
2019-12-23,8696.01,1495.0,109.39,0.015600000000000001,3224.01
2019-12-24,8699.51,1495.0,109.38,0.0155,3223.38
2019-12-26,8778.31,1495.0,109.67,0.0155,3239.91
2019-12-27,8770.98,1495.0,109.47,0.0154,3240.02
2019-12-30,8709.73,1495.0,108.85,0.0154,3221.29
2019-12-31,8733.07,1479.0,108.67,0.0152,3230.78
2020-01-02,8872.22,1479.0,108.43,0.0151,3257.85
2020-01-03,8793.9,1479.0,107.94,0.0149,3234.85
2020-01-06,8848.52,1479.0,108.36,0.015300000000000001,3246.28
2020-01-07,8846.45,1479.0,108.53,0.0151,3237.18
2020-01-08,8912.37,1479.0,109.03,0.0151,3253.05
2020-01-09,8989.63,1479.0,109.47,0.0151,3274.7
2020-01-10,8966.64,1479.0,109.5,0.0151,3265.35
2020-01-13,9070.65,1479.0,109.93,0.0154,3288.13
2020-01-14,9033.42,1479.0,110.05,0.0154,3283.15
2020-01-15,9035.67,1479.0,109.94,0.0154,3289.29
2020-01-16,9125.0,1479.0,110.16,0.0152,3316.81
2020-01-17,9173.73,1479.0,110.16,0.015300000000000001,3329.62
2020-01-21,9166.63,1479.0,109.95,0.015300000000000001,3320.79
2020-01-22,9188.57,1479.0,109.93,0.0152,3321.75
2020-01-23,9216.98,1479.0,109.39,0.0152,3325.54
2020-01-24,9141.47,1479.0,109.31,0.0151,3295.47
2020-01-27,8952.18,1479.0,108.95,0.0152,3243.63
2020-01-28,9090.93,1479.0,109.17,0.0154,3276.24
2020-01-29,9101.61,1479.0,109.15,0.015300000000000001,3273.4
2020-01-30,9136.09,1479.0,108.75,0.0154,3283.66
2020-01-31,8991.51,1561.0,108.5,0.0152,3225.52
2020-02-03,9126.23,1561.0,108.59,0.0154,3248.92
2020-02-04,9334.06,1561.0,109.41,0.0154,3297.59
2020-02-05,9367.48,1561.0,109.74,0.0154,3334.69
2020-02-06,9445.92,1561.0,109.89,0.0154,3345.78
2020-02-07,9401.1,1561.0,109.81,0.015300000000000001,3327.71
2020-02-10,9516.84,1561.0,109.77,0.0155,3352.09
2020-02-11,9517.86,1561.0,109.78,0.0154,3357.75
2020-02-12,9613.2,1561.0,110.0,0.0155,3379.45
2020-02-13,9595.7,1561.0,109.81,0.015600000000000001,3373.94
2020-02-14,9623.58,1561.0,109.77,0.0155,3380.16
2020-02-18,9629.8,1561.0,109.8,0.0155,3370.29
2020-02-19,9718.73,1561.0,111.17,0.0155,3386.15
2020-02-20,9627.83,1561.0,111.86,0.0155,3373.23
2020-02-21,9446.69,1561.0,111.74,0.015300000000000001,3337.75
2020-02-24,9079.63,1561.0,110.56,0.015,3225.89
2020-02-25,8834.87,1561.0,110.23,0.015,3128.21
2020-02-26,8873.76,1561.0,110.36,0.015,3116.39
2020-02-27,8436.67,1561.0,110.15,0.014199999999999999,2978.76
2020-02-28,8461.83,1561.0,108.12,0.0125,2954.22
2020-03-02,8877.98,1561.0,108.02,0.011000000000000001,3090.23
2020-03-03,8594.49,1561.0,107.28,0.009300000000000001,3003.37
2020-03-04,8949.28,1561.0,107.34,0.0070999999999999995,3130.12
2020-03-05,8671.66,1561.0,106.56,0.0060999999999999995,3023.94
2020-03-06,8530.34,1561.0,105.31,0.0045000000000000005,2972.37
2020-03-09,7948.03,1561.0,102.52,0.0032,2746.56
2020-03-10,8372.27,1561.0,103.71,0.0043,2882.23
2020-03-11,8006.12,1561.0,104.81,0.0040999999999999995,2741.38
2020-03-12,7263.65,1561.0,105.67,0.0033,2480.64
2020-03-13,7995.26,1561.0,107.15,0.0027,2711.02
2020-03-16,7020.38,1561.0,105.64,0.0024,2386.13
2020-03-17,7473.95,1561.0,107.41,0.0019,2529.19
2020-03-18,7175.18,1561.0,108.45,0.0002,2398.1
2020-03-19,7288.52,1561.0,110.08,0.0004,2409.39
2020-03-20,6994.29,1561.0,111.3,0.0005,2304.92
2020-03-23,7006.92,1561.0,111.36,0.0002,2237.4
2020-03-24,7553.82,1561.0,111.44,0.0001,2447.33
2020-03-25,7469.62,1561.0,111.43,-0.0004,2475.56
2020-03-26,7897.13,1561.0,109.45,-0.0005,2630.07
2020-03-27,7588.37,1561.0,108.16,0.0003,2541.47
2020-03-30,7889.01,1561.0,108.06,0.0012,2626.65
2020-03-31,7813.5,1592.0,107.53,0.0011,2584.59
2020-04-01,7486.29,1592.0,107.05,0.0009,2470.5
2020-04-02,7635.66,1592.0,107.85,0.0009,2526.9
2020-04-03,7528.11,1592.0,108.53,0.001,2488.65
2020-04-06,8081.66,1592.0,109.11,0.0015,2663.68
2020-04-07,8049.31,1592.0,108.97,0.0014000000000000002,2659.41
2020-04-08,8229.54,1592.0,108.7,0.0022,2749.98
2020-04-09,8238.53,1592.0,108.38,0.0025,2789.82
2020-04-13,8332.74,1592.0,107.59,0.0026,2761.63
2020-04-14,8692.16,1592.0,107.08,0.002,2846.06
2020-04-15,8591.96,1592.0,107.42,0.0014000000000000002,2783.36
2020-04-16,8757.83,1592.0,107.72,0.0014000000000000002,2799.55
2020-04-17,8832.41,1592.0,107.52,0.0012,2874.56
2020-04-20,8726.51,1592.0,107.69,0.0012,2823.16
2020-04-21,8403.0,1592.0,107.69,0.0011,2736.56
2020-04-22,8664.63,1592.0,107.81,0.0012,2799.31
2020-04-23,8641.5,1592.0,107.65,0.0011,2797.8
2020-04-24,8786.6,1592.0,107.44,0.0012,2836.74
2020-04-27,8837.66,1592.0,107.22,0.0012,2878.48
2020-04-28,8677.6,1592.0,106.83,0.0011,2863.39
2020-04-29,8982.76,1592.0,106.67,0.001,2939.51
2020-04-30,9000.51,1683.0,106.94,0.0009,2912.43
2020-05-01,8718.18,1683.0,106.76,0.0012,2830.71
2020-05-04,8834.11,1683.0,106.82,0.0013,2842.74
2020-05-05,8930.62,1683.0,106.52,0.0013,2868.44
2020-05-06,8984.86,1683.0,106.07,0.0012,2848.42
2020-05-07,9101.88,1683.0,106.36,0.0011,2881.19
2020-05-08,9220.35,1683.0,106.5,0.0012,2929.8
2020-05-11,9298.92,1683.0,107.7,0.0012,2930.32
2020-05-12,9112.45,1683.0,107.33,0.0013,2870.12
2020-05-13,9000.08,1683.0,106.92,0.0013,2820.0
2020-05-14,9094.43,1683.0,107.09,0.0012,2852.5
2020-05-15,9152.64,1683.0,107.27,0.0012,2863.7
2020-05-18,9331.93,1683.0,107.25,0.0013,2953.91
2020-05-19,9298.54,1683.0,107.89,0.0013,2922.94
2020-05-20,9485.02,1683.0,107.46,0.0012,2971.61
2020-05-21,9377.99,1683.0,107.69,0.0012,2948.51
2020-05-22,9413.99,1683.0,107.5,0.0012,2955.45
2020-05-26,9389.98,1683.0,107.64,0.0014000000000000002,2991.77
2020-05-27,9442.05,1683.0,107.79,0.0015,3036.13
2020-05-28,9416.71,1683.0,107.67,0.0015,3029.73
2020-05-29,9555.52,1683.0,107.77,0.0014000000000000002,3044.31
2020-06-01,9598.89,1683.0,107.56,0.0014000000000000002,3055.73
2020-06-02,9657.31,1683.0,108.6,0.0015,3080.82
2020-06-03,9704.69,1683.0,108.88,0.0016,3122.87
2020-06-04,9629.66,1683.0,109.0,0.0015,3112.35
2020-06-05,9824.39,1683.0,109.68,0.0015,3193.93
2020-06-08,9901.52,1683.0,108.46,0.0017000000000000001,3232.39
2020-06-09,9967.17,1683.0,107.66,0.0019,3207.18
2020-06-10,10094.26,1683.0,107.25,0.0017000000000000001,3190.14
2020-06-11,9588.48,1683.0,106.67,0.0017000000000000001,3002.1
2020-06-12,9663.77,1683.0,107.36,0.0016,3041.31
2020-06-15,9776.89,1683.0,107.33,0.0018,3066.59
2020-06-16,9949.37,1683.0,107.35,0.0017000000000000001,3124.74
2020-06-17,9982.48,1683.0,107.26,0.0017000000000000001,3113.49
2020-06-18,10012.05,1683.0,106.78,0.0016,3115.34
2020-06-19,10008.64,1683.0,106.89,0.0015,3097.74
2020-06-22,10130.33,1683.0,106.84,0.0016,3117.86
2020-06-23,10209.82,1683.0,106.44,0.0016,3131.29
2020-06-24,10002.7,1683.0,106.83,0.0015,3050.33
2020-06-25,10101.83,1683.0,107.21,0.0016,3083.76
2020-06-26,9849.36,1683.0,107.19,0.0014000000000000002,3009.05
2020-06-29,9961.16,1683.0,107.71,0.0014000000000000002,3053.24
2020-06-30,10156.85,1732.0,107.77,0.0016,3100.29
2020-07-01,10279.25,1732.0,107.5,0.0014000000000000002,3115.86
2020-07-02,10341.89,1732.0,107.55,0.0014000000000000002,3130.01
2020-07-06,10604.06,1732.0,107.5,0.0015,3179.72
2020-07-07,10524.01,1732.0,107.53,0.0015,3145.32
2020-07-08,10666.7,1732.0,107.39,0.0015,3169.94
2020-07-09,10754.59,1732.0,107.27,0.0013,3152.05
2020-07-10,10836.33,1732.0,106.77,0.0013,3185.04
2020-07-13,10602.21,1732.0,107.22,0.0014000000000000002,3155.22
2020-07-14,10689.52,1732.0,107.2,0.0015,3197.52
2020-07-15,10701.68,1732.0,106.92,0.0016,3226.56
2020-07-16,10626.46,1732.0,107.05,0.0011,3215.57
2020-07-17,10645.22,1732.0,107.06,0.0011,3224.73
2020-07-20,10952.08,1732.0,107.21,0.0013,3251.84
2020-07-21,10833.07,1732.0,106.82,0.0013,3257.3
2020-07-22,10870.75,1732.0,107.18,0.0013,3276.02
2020-07-23,10580.59,1732.0,106.83,0.0012,3235.66
2020-07-24,10483.13,1732.0,105.79,0.0011,3215.63
2020-07-27,10674.38,1732.0,105.29,0.0011,3239.41
2020-07-28,10532.5,1732.0,105.03,0.0011,3218.44
2020-07-29,10662.98,1732.0,105.06,0.0011,3258.44
2020-07-30,10715.51,1732.0,105.05,0.0009,3246.22
2020-07-31,10905.88,1846.51,105.78,0.0009,3271.12
2020-08-03,11055.08,1846.51,106.11,0.001,3294.61
2020-08-04,11096.54,1846.51,105.87,0.0009,3306.51
2020-08-05,11125.44,1846.51,105.44,0.001,3327.77
2020-08-06,11267.08,1846.51,105.52,0.001,3349.16
2020-08-07,11139.39,1846.51,105.92,0.001,3351.28
2020-08-10,11085.17,1846.51,105.85,0.0011,3360.47
2020-08-11,10876.08,1846.51,106.56,0.0011,3333.69
2020-08-12,11157.72,1846.51,106.85,0.0011,3380.35
2020-08-13,11178.37,1846.51,106.89,0.001,3373.43
2020-08-14,11164.45,1846.51,106.49,0.001,3372.85
2020-08-17,11288.57,1846.51,105.97,0.001,3381.99
2020-08-18,11399.03,1846.51,105.41,0.0009,3389.78
2020-08-19,11318.64,1846.51,105.71,0.0011,3374.85
2020-08-20,11477.05,1846.51,105.81,0.0011,3385.51
2020-08-21,11555.16,1846.51,105.88,0.001,3397.16
2020-08-24,11626.17,1846.51,105.9,0.0012,3431.28
2020-08-25,11721.81,1846.51,106.4,0.0011,3443.62
2020-08-26,11971.94,1846.51,106.13,0.0011,3478.73
2020-08-27,11926.16,1846.51,106.42,0.0011,3484.55
2020-08-28,11995.85,1846.51,105.3,0.001,3508.01
2020-08-31,12110.7,1969.0,105.84,0.0011,3500.31
2020-09-01,12292.86,1969.0,106.0,0.0012,3526.65
2020-09-02,12420.54,1969.0,106.15,0.0012,3580.84
2020-09-03,11771.37,1969.0,106.14,0.0011,3455.06
2020-09-04,11622.13,1969.0,106.34,0.0011,3426.96
2020-09-08,11068.26,1969.0,105.97,0.0013,3331.84
2020-09-09,11395.85,1969.0,106.23,0.0012,3398.96
2020-09-10,11154.12,1969.0,106.19,0.0012,3339.19
2020-09-11,11087.4,1969.0,106.17,0.0011,3340.97
2020-09-14,11277.76,1969.0,105.68,0.0011,3383.54
2020-09-15,11438.87,1969.0,105.5,0.0011,3401.2
2020-09-16,11247.6,1969.0,104.94,0.0012,3385.49
2020-09-17,11080.95,1969.0,104.77,0.0009,3357.01
2020-09-18,10936.98,1969.0,104.44,0.001,3319.47
2020-09-21,10980.22,1969.0,104.69,0.001,3281.06
2020-09-22,11186.37,1969.0,105.05,0.001,3315.57
2020-09-23,10833.33,1969.0,105.34,0.0011,3236.92
2020-09-24,10896.47,1969.0,105.42,0.001,3246.59
2020-09-25,11151.13,1969.0,105.59,0.001,3298.46
2020-09-28,11364.45,1969.0,105.5,0.0011,3351.6
2020-09-29,11322.95,1969.0,105.68,0.0009,3335.47
2020-09-30,11418.06,1922.0,105.58,0.001,3363.0
2020-10-01,11583.2,1922.0,105.53,0.0009,3380.8
2020-10-02,11255.69,1922.0,105.36,0.0009,3348.44
2020-10-05,11509.06,1922.0,105.7,0.001,3408.63
2020-10-06,11291.27,1922.0,105.64,0.001,3360.95
2020-10-07,11503.19,1922.0,105.97,0.001,3419.45
2020-10-08,11550.94,1922.0,105.98,0.0009,3446.83
2020-10-09,11725.85,1922.0,105.72,0.001,3477.13
2020-10-12,12088.11,1922.0,105.72,0.001,3534.22
2020-10-13,12083.17,1922.0,105.55,0.0011,3511.93
2020-10-14,11985.36,1922.0,105.08,0.0012,3488.67
2020-10-15,11898.57,1922.0,105.38,0.0011,3483.34
2020-10-16,11852.17,1922.0,105.41,0.0011,3483.81
2020-10-19,11634.35,1922.0,105.42,0.0011,3426.92
2020-10-20,11677.84,1922.0,105.56,0.001,3443.12
2020-10-21,11665.37,1922.0,104.58,0.001,3435.56
2020-10-22,11662.91,1922.0,104.88,0.0009,3453.49
2020-10-23,11692.57,1922.0,104.78,0.001,3465.39
2020-10-26,11504.52,1922.0,104.86,0.0011,3400.97
2020-10-27,11598.95,1922.0,104.44,0.001,3390.68
2020-10-28,11142.76,1922.0,104.33,0.001,3271.03
2020-10-29,11350.74,1922.0,104.69,0.0009,3310.11
2020-10-30,11052.95,1922.0,104.54,0.0009,3269.96
2020-11-02,11084.76,1922.0,104.8,0.0009,3310.24
2020-11-03,11279.91,1922.0,104.5,0.001,3369.16
2020-11-04,11777.02,1922.0,104.39,0.001,3443.44
2020-11-05,12078.07,1922.0,103.67,0.001,3510.45
2020-11-06,12091.35,1922.0,103.32,0.001,3509.44
2020-11-09,11830.39,1922.0,105.58,0.0011,3550.5
2020-11-10,11624.29,1922.0,105.36,0.001,3545.53
2020-11-11,11892.93,1922.0,105.36,0.001,3572.66
2020-11-12,11827.14,1922.0,105.16,0.001,3537.01
2020-11-13,11937.84,1922.0,104.61,0.0009,3585.15
2020-11-16,12013.38,1922.0,104.54,0.0009,3626.91
2020-11-17,11977.49,1922.0,104.2,0.0009,3609.53
2020-11-18,11894.71,1922.0,103.72,0.0009,3567.79
2020-11-19,11985.43,1922.0,103.85,0.0007000000000000001,3581.87
2020-11-20,11906.44,1922.0,103.81,0.0007000000000000001,3557.54
2020-11-23,11905.94,1922.0,104.42,0.0008,3577.59
2020-11-24,12079.81,1922.0,104.61,0.0009,3635.41
2020-11-25,12152.22,1922.0,104.39,0.0009,3629.65
2020-11-27,12258.21,1922.0,104.39,0.0009,3638.35
2020-11-30,12268.32,1866.0,104.38,0.0008,3621.63
2020-12-01,12455.33,1866.0,104.4,0.0009,3662.45
2020-12-02,12456.41,1866.0,104.52,0.0009,3669.01
2020-12-03,12467.13,1866.0,103.77,0.0008,3666.72
2020-12-04,12528.48,1866.0,104.16,0.0009,3699.12
2020-12-07,12596.47,1866.0,104.01,0.0008,3691.96
2020-12-08,12635.72,1866.0,104.14,0.0009,3702.25
2020-12-09,12364.64,1866.0,104.28,0.0008,3672.82
2020-12-10,12401.74,1866.0,104.3,0.0008,3668.1
2020-12-11,12375.41,1866.0,103.88,0.0008,3663.46
2020-12-14,12462.21,1866.0,104.06,0.0009,3647.49
2020-12-15,12595.92,1866.0,103.69,0.0008,3694.62
2020-12-16,12668.16,1866.0,103.59,0.0009,3701.17
2020-12-17,12752.06,1866.0,103.13,0.0008,3722.48
2020-12-18,12738.18,1866.0,103.35,0.0008,3709.41
2020-12-21,12690.26,1866.0,103.44,0.0009,3694.92
2020-12-22,12717.56,1866.0,103.62,0.0009,3687.26
2020-12-23,12653.14,1866.0,103.52,0.0009,3690.01
2020-12-24,12711.01,1866.0,103.52,0.0009,3703.06
2020-12-28,12838.86,1866.0,103.84,0.0011,3735.36
2020-12-29,12843.49,1866.0,103.5,0.001,3727.04
2020-12-30,12845.36,1866.0,103.31,0.0008,3732.04
2020-12-31,12888.28,1858.0,103.19,0.0009,3756.07
2021-01-04,12694.66,1858.0,103.19,0.0009,3700.65
2021-01-05,12802.38,1858.0,102.7,0.0009,3726.86
2021-01-06,12623.35,1858.0,103.25,0.0009,3748.14
2021-01-07,12939.57,1858.0,103.84,0.0009,3803.79
2021-01-08,13105.2,1858.0,103.89,0.0008,3824.68
2021-01-11,12902.49,1858.0,104.16,0.0008,3799.61
2021-01-12,12892.09,1858.0,104.09,0.0009,3801.19
2021-01-13,12973.63,1858.0,103.91,0.0009,3809.84
2021-01-14,12898.69,1858.0,103.66,0.0009,3795.54
2021-01-15,12803.93,1858.0,103.8,0.0009,3768.25
2021-01-19,12996.54,1858.0,103.86,0.0009,3798.91
2021-01-20,13296.45,1858.0,103.86,0.0008,3851.85
2021-01-21,13404.99,1858.0,103.57,0.0009,3853.07
2021-01-22,13366.4,1858.0,103.76,0.0008,3841.47
2021-01-25,13483.29,1858.0,103.78,0.0009,3855.36
2021-01-26,13490.19,1858.0,103.69,0.0007000000000000001,3849.62
2021-01-27,13112.65,1858.0,104.09,0.0008,3750.77
2021-01-28,13201.53,1858.0,104.31,0.0007000000000000001,3787.38
2021-01-29,12925.38,1858.0,104.64,0.0006,3714.24
2021-02-01,13248.9,1858.0,104.97,0.0007000000000000001,3773.86
2021-02-02,13456.12,1858.0,105.09,0.0007000000000000001,3826.31
2021-02-03,13402.37,1858.0,105.05,0.0004,3830.17
2021-02-04,13560.89,1858.0,105.43,0.0004,3871.74
2021-02-05,13603.96,1858.0,105.44,0.0003,3886.83
2021-02-08,13695.02,1858.0,105.19,0.0005,3915.59
2021-02-09,13687.08,1858.0,104.62,0.0004,3911.23
2021-02-10,13655.27,1858.0,104.67,0.0005,3909.88
2021-02-11,13734.35,1858.0,104.75,0.0005,3916.38
2021-02-12,13807.7,1858.0,104.94,0.0004,3934.83
2021-02-16,13773.77,1858.0,105.88,0.0004,3932.59
2021-02-17,13699.71,1858.0,105.83,0.0004,3931.33
2021-02-18,13637.51,1858.0,105.69,0.0003,3913.97
2021-02-19,13580.78,1858.0,105.58,0.0004,3906.71
2021-02-22,13223.74,1858.0,105.06,0.0003,3876.5
2021-02-23,13194.71,1858.0,105.21,0.0004,3881.37
2021-02-24,13302.19,1858.0,105.91,0.0003,3925.43
2021-02-25,12828.31,1858.0,106.22,0.0004,3829.34
2021-02-26,12909.44,1858.0,106.64,0.0004,3811.15
2021-03-01,13282.95,1858.0,106.68,0.0005,3901.82
2021-03-02,13059.95,1858.0,106.75,0.0004,3870.29
2021-03-03,12683.33,1858.0,106.92,0.0005,3819.72
2021-03-04,12464.0,1858.0,107.58,0.0004,3768.47
2021-03-05,12668.51,1858.0,108.24,0.0004,3841.94
2021-03-08,12299.08,1858.0,108.92,0.0005,3821.35
2021-03-09,12794.49,1858.0,108.64,0.0005,3875.44
2021-03-10,12752.07,1858.0,108.58,0.0004,3898.81
2021-03-11,13052.9,1858.0,108.44,0.0004,3939.34
2021-03-12,12937.29,1858.0,108.87,0.0004,3943.34
2021-03-15,13082.54,1858.0,109.11,0.0004,3968.94
2021-03-16,13152.28,1858.0,109.01,0.0002,3962.71
2021-03-17,13202.38,1858.0,109.22,0.0002,3974.12
2021-03-18,12789.14,1858.0,108.97,0.0001,3915.46
2021-03-19,12866.99,1858.0,108.85,0.0001,3913.1
2021-03-22,13086.51,1858.0,108.67,0.0003,3940.59
2021-03-23,13017.79,1858.0,108.61,0.0001,3910.52
2021-03-24,12798.88,1858.0,108.81,0.0002,3889.14
2021-03-25,12780.51,1858.0,109.13,0.0002,3909.52
2021-03-26,12979.12,1858.0,109.55,0.0002,3974.54
2021-03-29,12965.74,1858.0,109.73,0.0003,3971.09
2021-03-30,12896.53,1858.0,110.19,0.0002,3958.55
2021-03-31,13091.44,1718.0,110.61,0.0003,3972.89
2021-04-01,13329.51,1718.0,110.61,0.0002,4019.87
2021-04-05,13598.16,1718.0,110.08,0.0003,4077.91
2021-04-06,13578.46,1718.0,109.83,0.0002,4073.94
2021-04-07,13616.7,1718.0,109.67,0.0002,4079.95
2021-04-08,13758.51,1718.0,109.25,0.0001,4097.17
2021-04-09,13845.05,1718.0,109.64,0.0002,4128.8
2021-04-12,13819.35,1718.0,109.43,0.0002,4127.99
2021-04-13,13986.49,1718.0,109.19,0.0003,4141.59
2021-04-14,13803.91,1718.0,108.93,0.0002,4124.66
2021-04-15,14026.19,1718.0,108.78,0.0002,4170.42
2021-04-16,14041.91,1718.0,108.78,0.0002,4185.47
2021-04-19,13907.67,1718.0,108.09,0.0002,4163.26
2021-04-20,13809.3,1718.0,108.07,0.0003,4134.94
2021-04-21,13935.15,1718.0,108.09,0.0003,4173.42
2021-04-22,13762.36,1718.0,108.17,0.0003,4134.98
2021-04-23,13941.44,1718.0,107.94,0.0003,4180.17
2021-04-26,14026.16,1718.0,108.12,0.0003,4187.62
2021-04-27,13960.28,1718.0,108.56,0.0001,4186.72
2021-04-28,13901.62,1718.0,108.81,0.0001,4183.18
2021-04-29,13970.2,1718.0,108.94,0.0001,4211.47
2021-04-30,13860.76,1760.0,109.33,0.0001,4181.17
2021-05-03,13799.72,1760.0,109.08,0.0004,4192.66
2021-05-04,13544.67,1760.0,109.34,0.0002,4164.66
2021-05-05,13503.37,1760.0,109.27,0.0002,4167.59
2021-05-06,13613.73,1760.0,109.17,0.0002,4201.62
2021-05-07,13719.63,1760.0,108.52,0.0002,4232.6
2021-05-10,13359.08,1760.0,108.7,0.0002,4188.43
2021-05-11,13351.27,1760.0,108.53,0.0001,4152.1
2021-05-12,13001.63,1760.0,109.53,0.0002,4063.04
2021-05-13,13109.15,1760.0,109.56,0.0002,4112.5
2021-05-14,13393.12,1760.0,109.37,0.0001,4173.85
2021-05-17,13312.91,1760.0,109.17,0.0002,4163.29
2021-05-18,13217.68,1760.0,109.01,0.0002,4127.83
2021-05-19,13237.91,1760.0,108.76,0.0001,4115.68
2021-05-20,13494.09,1760.0,108.79,0.0001,4159.12
2021-05-21,13411.74,1760.0,108.94,0.0001,4155.86
2021-05-24,13641.75,1760.0,108.81,0.0002,4197.05
2021-05-25,13657.73,1760.0,108.95,0.0002,4188.13
2021-05-26,13702.74,1760.0,109.1,0.0002,4195.99
2021-05-27,13657.85,1760.0,109.81,0.0002,4200.88
2021-05-28,13686.51,1760.0,109.83,0.0001,4204.11
2021-06-01,13654.59,1760.0,109.43,0.0002,4202.04
2021-06-02,13675.79,1760.0,109.59,0.0002,4208.12
2021-06-03,13529.68,1760.0,110.28,0.0002,4192.85
2021-06-04,13770.77,1760.0,109.42,0.0002,4229.89
2021-06-07,13802.89,1760.0,109.25,0.0002,4226.52
2021-06-08,13810.86,1760.0,109.47,0.0002,4227.26
2021-06-09,13814.94,1760.0,109.61,0.0003,4219.55
2021-06-10,13960.35,1760.0,109.49,0.0003,4239.18
2021-06-11,13998.3,1760.0,109.75,0.0003,4247.44
2021-06-14,14128.2,1760.0,109.98,0.0003,4255.15
2021-06-15,14030.41,1760.0,110.12,0.0003,4246.59
2021-06-16,13983.01,1760.0,109.88,0.0004,4223.7
2021-06-17,14163.81,1760.0,110.28,0.0004,4221.86
2021-06-18,14049.58,1760.0,110.21,0.0005,4166.45
2021-06-21,14137.23,1760.0,110.22,0.0005,4224.79
2021-06-22,14270.42,1760.0,110.75,0.0004,4246.44
2021-06-23,14274.24,1760.0,110.86,0.0005,4241.84
2021-06-24,14365.96,1760.0,110.91,0.0005,4266.49
2021-06-25,14345.18,1760.0,110.78,0.0006,4280.7
2021-06-28,14524.98,1760.0,110.5,0.0005,4290.61
2021-06-29,14572.75,1760.0,110.53,0.0004,4291.8
2021-06-30,14554.8,1835.0,111.05,0.0005,4297.5
2021-07-01,14560.05,1835.0,111.56,0.0005,4319.94
2021-07-02,14727.63,1835.0,111.28,0.0005,4352.34
2021-07-06,14786.36,1835.0,110.66,0.0005,4343.54
2021-07-07,14810.54,1835.0,110.62,0.0005,4358.13
2021-07-08,14722.14,1835.0,109.82,0.0006,4320.82
2021-07-09,14826.09,1835.0,110.18,0.0006,4369.55
2021-07-12,14877.89,1835.0,110.36,0.0005,4384.63
2021-07-13,14874.54,1835.0,110.36,0.0005,4369.21
2021-07-14,14900.44,1835.0,110.03,0.0006,4374.3
2021-07-15,14794.69,1835.0,110.05,0.0005,4360.03
2021-07-16,14681.38,1835.0,110.13,0.0005,4327.16
2021-07-19,14549.09,1835.0,109.45,0.0005,4258.49
2021-07-20,14728.21,1835.0,109.92,0.0005,4323.06
2021-07-21,14842.63,1835.0,110.22,0.0005,4358.69
2021-07-22,14940.17,1835.0,110.1,0.0005,4367.48
2021-07-23,15111.79,1835.0,110.52,0.0005,4411.79
2021-07-26,15125.95,1835.0,110.31,0.0005,4422.3
2021-07-27,14956.97,1835.0,109.64,0.0005,4401.46
2021-07-28,15018.1,1835.0,110.06,0.0005,4400.64
2021-07-29,15048.36,1835.0,109.53,0.0006,4419.15
2021-07-30,14959.9,1835.0,109.7,0.0006,4395.26
2021-08-02,14963.62,1835.0,109.22,0.0005,4387.16
2021-08-03,15061.42,1835.0,109.09,0.0005,4423.15
2021-08-04,15083.39,1835.0,109.44,0.0005,4402.66
2021-08-05,15181.64,1835.0,109.75,0.0005,4429.1
2021-08-06,15109.36,1835.0,110.22,0.0006,4436.52
2021-08-09,15133.11,1835.0,110.25,0.0006,4432.35
2021-08-10,15053.58,1835.0,110.54,0.0005,4436.75
2021-08-11,15027.76,1835.0,110.47,0.0005,4447.7
2021-08-12,15088.98,1835.0,110.36,0.0006,4460.83
2021-08-13,15136.68,1835.0,109.75,0.0006,4468.0
2021-08-16,15140.77,1835.0,109.26,0.0006,4479.71
2021-08-17,15002.83,1835.0,109.59,0.0007000000000000001,4448.08
2021-08-18,14857.92,1835.0,109.92,0.0007000000000000001,4400.27
2021-08-19,14933.94,1835.0,109.75,0.0006,4405.8
2021-08-20,15092.57,1835.0,109.77,0.0005,4441.67
2021-08-23,15312.82,1835.0,109.78,0.0005,4479.53
2021-08-24,15357.68,1835.0,109.68,0.0005,4486.23
2021-08-25,15368.92,1835.0,110.03,0.0006,4496.19
2021-08-26,15278.52,1835.0,110.09,0.0005,4470.0
2021-08-27,15432.95,1835.0,109.84,0.0005,4509.37
2021-08-30,15605.09,1835.0,109.91,0.0005,4528.79
2021-08-31,15582.51,1785.0,110.05,0.0004,4522.68
2021-09-01,15611.57,1785.0,110.03,0.0005,4524.09
2021-09-02,15604.25,1785.0,110.01,0.0005,4536.95
2021-09-03,15652.86,1785.0,109.64,0.0005,4535.43
2021-09-07,15675.76,1785.0,110.17,0.0005,4520.03
2021-09-08,15620.85,1785.0,110.32,0.0005,4514.07
2021-09-09,15561.05,1785.0,109.76,0.0004,4493.28
2021-09-10,15440.75,1785.0,109.93,0.0005,4458.58
2021-09-13,15434.5,1785.0,109.94,0.0006,4468.73
2021-09-14,15382.9,1785.0,109.66,0.0004,4443.05
2021-09-15,15503.53,1785.0,109.4,0.0004,4480.7
2021-09-16,15515.91,1785.0,109.67,0.0004,4473.75
2021-09-17,15333.47,1785.0,109.94,0.0004,4432.99
2021-09-20,15012.19,1785.0,109.47,0.0004,4357.73
2021-09-21,15027.77,1785.0,109.33,0.0003,4354.19
2021-09-22,15176.51,1785.0,109.59,0.0003,4395.64
2021-09-23,15316.58,1785.0,110.17,0.0003,4448.98
2021-09-24,15329.68,1785.0,110.72,0.0003,4455.48
2021-09-27,15204.82,1785.0,110.97,0.0004,4443.11
2021-09-28,14770.3,1785.0,111.33,0.0004,4352.63
2021-09-29,14752.89,1785.0,111.83,0.0004,4359.46
2021-09-30,14689.62,1775.14,111.5,0.0004,4307.54
2021-10-01,14791.87,1775.14,110.97,0.0004,4357.04
2021-10-04,14472.12,1775.14,110.94,0.0004,4300.46
2021-10-05,14674.15,1775.14,111.39,0.0004,4345.72
2021-10-06,14766.75,1775.14,111.33,0.0004,4363.55
2021-10-07,14897.13,1775.14,111.5,0.0005,4399.76
2021-10-08,14820.75,1775.14,112.15,0.0005,4391.34
2021-10-11,14713.73,1775.14,112.15,0.0005,4361.19
2021-10-12,14662.11,1775.14,113.69,0.0006,4350.65
2021-10-13,14774.6,1775.14,113.49,0.0005,4363.8
2021-10-14,15052.42,1775.14,113.59,0.0005,4438.26
2021-10-15,15146.92,1775.14,114.31,0.0005,4471.37
2021-10-18,15300.89,1775.14,114.22,0.0006,4486.46
2021-10-19,15410.72,1775.14,114.27,0.0005,4519.63
2021-10-20,15388.71,1775.14,114.24,0.0005,4536.19
2021-10-21,15489.59,1775.14,113.75,0.0006,4549.78
2021-10-22,15355.07,1775.14,113.54,0.0006,4544.9
2021-10-25,15514.19,1775.14,113.7,0.0006,4566.48
2021-10-26,15559.49,1775.14,114.19,0.0006,4574.79
2021-10-27,15598.39,1775.14,113.75,0.0006,4551.68
2021-10-28,15778.16,1775.14,113.38,0.0006,4596.42
2021-10-29,15850.47,1775.14,114.03,0.0005,4605.38
2021-11-01,15905.28,1775.14,114.19,0.0005,4613.67
2021-11-02,15972.49,1775.14,113.78,0.0005,4630.65
2021-11-03,16144.5,1775.14,114.06,0.0005,4660.57
2021-11-04,16346.24,1775.14,113.63,0.0004,4680.06
2021-11-05,16359.38,1775.14,113.45,0.0005,4697.53
2021-11-08,16336.03,1775.14,113.15,0.0006,4701.7
2021-11-09,16219.94,1775.14,112.87,0.0004,4685.25
2021-11-10,15985.57,1775.14,113.89,0.0005,4646.71
2021-11-11,16032.47,1775.14,113.89,0.0005,4649.27
2021-11-12,16199.89,1775.14,113.9,0.0005,4682.85
2021-11-15,16189.12,1775.14,113.96,0.0005,4682.8
2021-11-16,16309.77,1775.14,114.62,0.0005,4700.9
2021-11-17,16308.07,1775.14,114.33,0.0005,4688.67
2021-11-18,16482.97,1775.14,114.22,0.0005,4704.54
2021-11-19,16573.34,1775.14,113.81,0.0005,4697.96
2021-11-22,16380.98,1775.14,114.69,0.0005,4682.94
2021-11-23,16306.72,1775.14,114.98,0.0006,4690.7
2021-11-24,16367.81,1775.14,115.34,0.0006,4701.46
2021-11-26,16025.58,1775.14,113.46,0.0006,4594.62
2021-11-29,16399.24,1775.14,113.75,0.0006,4655.27
2021-11-30,16135.92,1822.0,113.22,0.0005,4567.0
2021-12-01,15877.72,1822.0,112.82,0.0006,4513.04
2021-12-02,15990.76,1822.0,113.1,0.0005,4577.1
2021-12-03,15712.04,1822.0,112.88,0.0006,4538.43
2021-12-06,15846.16,1822.0,113.31,0.0006,4591.67
2021-12-07,16325.66,1822.0,113.61,0.0006,4686.75
2021-12-08,16394.34,1822.0,113.83,0.0007000000000000001,4701.21
2021-12-09,16149.57,1822.0,113.53,0.0006,4667.45
2021-12-10,16331.98,1822.0,113.36,0.0006,4712.02
2021-12-13,16082.55,1822.0,113.42,0.0005,4668.97
2021-12-14,15914.9,1822.0,113.63,0.0005,4634.09
2021-12-15,16289.59,1822.0,113.83,0.0006,4709.85
2021-12-16,15863.94,1822.0,113.67,0.0005,4668.67
2021-12-17,15801.46,1822.0,113.56,0.0005,4620.64
2021-12-20,15627.64,1822.0,113.45,0.0007000000000000001,4568.02
2021-12-21,15986.28,1822.0,114.11,0.0007000000000000001,4649.23
2021-12-22,16180.14,1822.0,114.22,0.0008,4696.56
2021-12-23,16308.21,1822.0,114.42,0.0008,4725.79
2021-12-27,16567.5,1822.0,114.85,0.0006,4791.19
2021-12-28,16488.66,1822.0,114.75,0.0006,4786.35
2021-12-29,16491.01,1822.0,114.97,0.0005,4793.06
2021-12-30,16429.1,1822.0,115.17,0.0005,4778.73
2021-12-31,16320.08,1790.0,115.17,0.0006,4766.18
2022-01-03,16501.77,1790.0,115.27,0.0009,4796.56
2022-01-04,16279.73,1790.0,116.12,0.0008,4793.54
2022-01-05,15771.78,1790.0,115.91,0.0009,4700.58
2022-01-06,15765.36,1790.0,115.78,0.001,4696.05
2022-01-07,15592.19,1790.0,115.61,0.001,4677.03
2022-01-10,15614.43,1790.0,115.14,0.0013,4670.29
2022-01-11,15844.12,1790.0,115.38,0.0012,4713.07
2022-01-12,15905.1,1790.0,114.74,0.0012,4726.35
2022-01-13,15495.62,1790.0,114.06,0.0012,4659.03
2022-01-14,15611.59,1790.0,113.89,0.0013,4662.85
2022-01-18,15210.76,1790.0,114.6,0.0017000000000000001,4577.11
2022-01-19,15047.84,1790.0,114.28,0.0017000000000000001,4532.76
2022-01-20,14846.46,1790.0,114.08,0.0018,4482.73
2022-01-21,14438.4,1790.0,113.72,0.0017000000000000001,4397.94
2022-01-24,14509.58,1790.0,113.82,0.002,4410.13
2022-01-25,14149.12,1790.0,113.88,0.002,4356.45
2022-01-26,14172.76,1790.0,114.33,0.0019,4349.93
2022-01-27,14003.11,1790.0,115.47,0.002,4326.51
2022-01-28,14454.61,1790.0,115.21,0.0019,4431.85
2022-01-31,14930.05,1816.02,115.22,0.0024,4515.55
2022-02-01,15019.68,1816.02,114.77,0.002,4546.54
2022-02-02,15139.74,1816.02,114.36,0.002,4589.38
2022-02-03,14501.11,1816.02,114.88,0.0021,4477.44
2022-02-04,14694.35,1816.02,115.22,0.0023,4500.53
2022-02-07,14571.25,1816.02,115.09,0.0028000000000000004,4483.87
2022-02-08,14747.03,1816.02,115.62,0.0027,4521.54
2022-02-09,15056.96,1816.02,115.44,0.0027,4587.18
2022-02-10,14705.64,1816.02,115.84,0.0040999999999999995,4504.08
2022-02-11,14253.84,1816.02,115.91,0.0037,4418.64
2022-02-14,14268.59,1816.02,115.72,0.0045000000000000005,4401.67
2022-02-15,14620.82,1816.02,115.64,0.0040999999999999995,4471.07
2022-02-16,14603.64,1816.02,115.41,0.0039000000000000003,4475.01
2022-02-17,14171.74,1816.02,115.03,0.0037,4380.26
2022-02-18,14009.54,1816.02,115.08,0.0034999999999999996,4348.87
2022-02-22,13870.53,1816.02,114.94,0.0039000000000000003,4304.76
2022-02-23,13509.43,1816.02,115.12,0.0036,4225.5
2022-02-24,13974.67,1816.02,115.45,0.0033,4288.7
2022-02-25,14189.16,1816.02,115.62,0.0033,4384.65
2022-02-28,14237.81,1856.0,115.11,0.0037,4373.94
2022-03-01,14005.99,1856.0,114.87,0.0032,4306.26
2022-03-02,14243.69,1856.0,115.59,0.0033,4386.54
2022-03-03,14035.21,1856.0,115.67,0.0037,4363.49
2022-03-04,13837.83,1856.0,114.65,0.0033,4328.87
2022-03-07,13319.38,1856.0,115.41,0.0038,4201.09
2022-03-08,13267.6,1856.0,115.64,0.0036,4170.7
2022-03-09,13742.2,1856.0,115.87,0.0038,4277.88
2022-03-10,13591.0,1856.0,116.05,0.0038,4259.52
2022-03-11,13301.83,1856.0,117.08,0.0039000000000000003,4204.31
2022-03-14,13046.64,1856.0,118.0,0.0045000000000000005,4173.11
2022-03-15,13458.56,1856.0,118.19,0.0046,4262.45
2022-03-16,13956.79,1856.0,118.48,0.0043,4357.86
2022-03-17,14118.6,1856.0,118.45,0.004,4411.67
2022-03-18,14420.08,1856.0,119.17,0.0040999999999999995,4463.12
2022-03-21,14376.09,1856.0,119.15,0.0055000000000000005,4461.18
2022-03-22,14654.33,1856.0,120.66,0.0051,4511.61
2022-03-23,14447.55,1856.0,121.02,0.005,4456.24
2022-03-24,14765.69,1856.0,122.08,0.005,4520.16
2022-03-25,14754.31,1856.0,121.98,0.0053,4543.06
2022-03-28,14987.4,1856.0,123.25,0.006,4575.52
2022-03-29,15239.32,1856.0,122.61,0.005600000000000001,4631.6
2022-03-30,15071.55,1856.0,121.97,0.0055000000000000005,4602.45
2022-03-31,14838.49,1947.83,121.44,0.0051,4530.41
2022-04-01,14861.21,1947.83,122.6,0.0052,4545.86
2022-04-04,15159.58,1947.83,122.7,0.0067,4582.64
2022-04-05,14820.64,1947.83,123.48,0.006500000000000001,4525.12
2022-04-06,14498.88,1947.83,123.7,0.0067,4481.15
2022-04-07,14531.81,1947.83,123.8,0.0068000000000000005,4500.21
2022-04-08,14327.26,1947.83,124.31,0.0069,4488.28
2022-04-11,13990.21,1947.83,125.55,0.0078000000000000005,4412.53
2022-04-12,13940.24,1947.83,125.25,0.0074,4397.45
2022-04-13,14217.29,1947.83,125.51,0.0075,4446.59
2022-04-14,13893.21,1947.83,125.92,0.0078000000000000005,4392.59
2022-04-18,13910.76,1947.83,126.77,0.008199999999999999,4391.69
2022-04-19,14210.26,1947.83,128.55,0.008199999999999999,4462.21
2022-04-20,13998.53,1947.83,127.76,0.008199999999999999,4459.45
2022-04-21,13720.45,1947.83,128.62,0.008199999999999999,4393.66
2022-04-22,13356.87,1947.83,128.78,0.008199999999999999,4271.78
2022-04-25,13533.22,1947.83,127.66,0.009300000000000001,4296.12
2022-04-26,13009.71,1947.83,127.37,0.0084,4175.2
2022-04-27,13003.36,1947.83,128.44,0.008199999999999999,4183.96
2022-04-28,13456.06,1947.83,130.94,0.008100000000000001,4287.5
2022-04-29,12854.8,1947.83,129.84,0.0083,4131.93
2022-05-02,13075.85,1947.83,130.18,0.009000000000000001,4155.38
2022-05-03,13089.9,1947.83,130.09,0.009000000000000001,4175.48
2022-05-04,13535.71,1947.83,129.97,0.0088,4300.17
2022-05-05,12850.55,1947.83,130.41,0.0084,4146.87
2022-05-06,12693.53,1947.83,130.35,0.0084,4123.34
2022-05-09,12187.72,1947.83,130.37,0.0092,3991.24
2022-05-10,12345.86,1947.83,130.21,0.0089,4001.05
2022-05-11,11967.56,1947.83,130.2,0.009000000000000001,3935.18
2022-05-12,11945.5,1947.83,128.1,0.0095,3930.08
2022-05-13,12387.4,1947.83,129.23,0.0101,4023.89
2022-05-16,12243.58,1947.83,129.15,0.010700000000000001,4008.01
2022-05-17,12564.1,1947.83,129.31,0.0106,4088.85
2022-05-18,11928.31,1947.83,128.22,0.0102,3923.68
2022-05-19,11875.63,1947.83,127.62,0.0104,3900.79
2022-05-20,11835.62,1947.83,127.86,0.0101,3901.36
2022-05-23,12034.28,1947.83,127.78,0.010700000000000001,3973.75
2022-05-24,11769.84,1947.83,126.56,0.0105,3941.48
2022-05-25,11943.93,1947.83,127.31,0.0105,3978.73
2022-05-26,12276.79,1947.83,127.23,0.0106,4057.84
2022-05-27,12681.42,1947.83,127.14,0.0106,4158.24
2022-05-31,12642.1,1849.0,128.53,0.0113,4132.15
2022-06-01,12548.36,1849.0,130.09,0.011200000000000002,4101.23
2022-06-02,12892.89,1849.0,129.83,0.0113,4176.82
2022-06-03,12548.03,1849.0,130.71,0.011699999999999999,4108.54
2022-06-06,12599.63,1849.0,131.55,0.0123,4121.43
2022-06-07,12711.68,1849.0,132.53,0.0124,4160.68
2022-06-08,12615.13,1849.0,134.06,0.0125,4115.77
2022-06-09,12269.78,1849.0,134.06,0.0126,4017.82
2022-06-10,11832.82,1849.0,134.19,0.0134,3900.86
2022-06-13,11288.32,1849.0,134.12,0.0169,3749.63
2022-06-14,11311.69,1849.0,134.89,0.0178,3735.48
2022-06-15,11593.77,1849.0,134.5,0.0169,3789.99
2022-06-16,11127.57,1849.0,131.65,0.0154,3666.77
2022-06-17,11265.99,1849.0,135.14,0.0158,3674.84
2022-06-21,11546.76,1849.0,136.25,0.0166,3764.79
2022-06-22,11527.71,1849.0,136.05,0.015700000000000002,3759.89
2022-06-23,11697.68,1849.0,134.72,0.0159,3795.73
2022-06-24,12105.85,1849.0,135.22,0.0166,3911.74
2022-06-27,12008.24,1849.0,135.26,0.0175,3900.11
2022-06-28,11637.77,1849.0,136.19,0.0175,3821.55
2022-06-29,11658.26,1849.0,136.5,0.0173,3818.83
2022-06-30,11503.72,1837.0,135.69,0.0166,3785.38
2022-07-01,11585.68,1837.0,135.09,0.0166,3825.33
2022-07-05,11779.9,1837.0,135.72,0.018600000000000002,3831.39
2022-07-06,11852.59,1837.0,135.66,0.018500000000000003,3845.08
2022-07-07,12109.05,1837.0,135.99,0.0189,3902.62
2022-07-08,12125.69,1837.0,136.16,0.0191,3899.38
2022-07-11,11860.28,1837.0,137.29,0.0213,3854.43
2022-07-12,11744.99,1837.0,136.68,0.0216,3818.8
2022-07-13,11728.53,1837.0,137.34,0.0233,3801.78
2022-07-14,11768.4,1837.0,138.94,0.0233,3790.38
2022-07-15,11983.62,1837.0,138.57,0.0229,3863.16
2022-07-18,11877.5,1837.0,138.23,0.024399999999999998,3830.85
2022-07-19,12249.42,1837.0,137.94,0.0246,3936.69
2022-07-20,12439.68,1837.0,138.16,0.024399999999999998,3959.9
2022-07-21,12619.41,1837.0,137.94,0.024,3998.95
2022-07-22,12396.47,1837.0,136.12,0.0241,3961.63
2022-07-25,12328.41,1837.0,136.72,0.0255,3966.84
2022-07-26,12086.9,1837.0,136.62,0.0248,3921.05
2022-07-27,12601.47,1837.0,137.31,0.023700000000000002,4023.61
2022-07-28,12717.87,1837.0,134.45,0.0235,4072.43
2022-07-29,12947.97,1837.0,133.25,0.023399999999999997,4130.29
2022-08-01,12940.78,1837.0,131.8,0.0248,4118.63
2022-08-02,12901.6,1837.0,132.32,0.0248,4091.19
2022-08-03,13253.26,1837.0,134.18,0.024399999999999998,4155.17
2022-08-04,13311.04,1837.0,133.28,0.0241,4151.94
2022-08-05,13207.69,1837.0,135.33,0.0248,4145.19
2022-08-08,13159.16,1837.0,134.73,0.025699999999999997,4140.06
2022-08-09,13008.17,1837.0,134.95,0.0258,4122.47
2022-08-10,13378.32,1837.0,132.58,0.0256,4210.24
2022-08-11,13291.99,1837.0,132.66,0.0252,4207.27
2022-08-12,13565.87,1837.0,133.57,0.0253,4280.15
2022-08-15,13667.18,1837.0,133.13,0.0263,4297.14
2022-08-16,13635.21,1837.0,134.38,0.026099999999999998,4305.2
2022-08-17,13470.86,1837.0,135.4,0.0259,4274.04
2022-08-18,13505.99,1837.0,135.29,0.026099999999999998,4283.74
2022-08-19,13242.9,1837.0,137.01,0.0264,4228.48
2022-08-22,12890.54,1837.0,137.57,0.0274,4137.99
2022-08-23,12881.79,1837.0,136.36,0.0271,4128.73
2022-08-24,12917.86,1837.0,136.92,0.0273,4140.77
2022-08-25,13143.58,1837.0,136.83,0.0278,4199.12
2022-08-26,12605.17,1837.0,137.07,0.0278,4057.66
2022-08-29,12484.32,1837.0,138.74,0.028900000000000002,4030.61
2022-08-30,12342.7,1837.0,138.73,0.0288,3986.16
2022-08-31,12272.03,1765.0,138.69,0.0287,3955.0
2022-09-01,12274.62,1765.0,139.93,0.0288,3966.85
2022-09-02,12098.44,1765.0,140.03,0.0285,3924.26
2022-09-06,12011.31,1765.0,142.95,0.0296,3908.19
2022-09-07,12259.39,1765.0,144.39,0.0298,3979.87
2022-09-08,12321.19,1765.0,144.05,0.0297,4006.18
2022-09-09,12588.29,1765.0,142.44,0.0298,4067.36
2022-09-12,12739.72,1765.0,142.41,0.030899999999999997,4110.41
2022-09-13,12033.62,1765.0,144.3,0.0319,3932.69
2022-09-14,12134.4,1765.0,142.93,0.031400000000000004,3946.01
2022-09-15,11927.49,1765.0,143.57,0.031200000000000002,3901.35
2022-09-16,11861.38,1765.0,143.04,0.031,3873.33
2022-09-19,11953.27,1765.0,143.34,0.0329,3899.89
2022-09-20,11851.54,1765.0,143.64,0.0326,3855.93
2022-09-21,11637.79,1765.0,144.14,0.0321,3789.93
2022-09-22,11501.65,1765.0,142.16,0.0319,3757.99
2022-09-23,11311.24,1765.0,143.18,0.031200000000000002,3693.23
2022-09-26,11254.11,1765.0,144.45,0.033,3655.04
2022-09-27,11271.75,1765.0,144.71,0.0326,3647.29
2022-09-28,11493.83,1765.0,144.15,0.0329,3719.04
2022-09-29,11164.78,1765.0,144.45,0.0326,3640.47
2022-09-30,10971.22,1680.78,144.71,0.0322,3585.62
2022-10-03,11229.73,1680.78,144.5,0.0334,3678.43
2022-10-04,11582.54,1680.78,144.32,0.0332,3790.93
2022-10-05,11573.18,1680.78,144.73,0.0333,3783.28
2022-10-06,11485.5,1680.78,144.94,0.0332,3744.52
2022-10-07,11039.47,1680.78,145.19,0.0331,3639.66
2022-10-10,10926.97,1680.78,145.19,0.0331,3612.39
2022-10-11,10791.35,1680.78,145.55,0.0353,3588.84
2022-10-12,10785.62,1680.78,146.87,0.0356,3577.03
2022-10-13,11033.58,1680.78,147.15,0.0364,3669.91
2022-10-14,10692.06,1680.78,148.46,0.0365,3583.07
2022-10-17,11062.53,1680.78,148.71,0.0382,3677.95
2022-10-18,11147.74,1680.78,149.23,0.038900000000000004,3719.98
2022-10-19,11103.38,1680.78,149.77,0.0391,3695.16
2022-10-20,11046.71,1680.78,149.82,0.0391,3665.78
2022-10-21,11310.33,1680.78,146.35,0.039,3752.75
2022-10-24,11430.26,1680.78,148.76,0.04,3797.34
2022-10-25,11669.99,1680.78,147.85,0.0397,3859.11
2022-10-26,11405.9,1680.78,146.5,0.0394,3830.6
2022-10-27,11191.63,1680.78,146.02,0.0395,3807.3
2022-10-28,11546.21,1680.78,147.68,0.039900000000000005,3901.06
2022-10-31,11405.57,1664.0,148.63,0.0406,3871.98
2022-11-01,11288.95,1664.0,148.11,0.0406,3856.1
2022-11-02,10906.34,1664.0,147.11,0.0404,3759.69
2022-11-03,10690.6,1664.0,148.18,0.0406,3719.89
2022-11-04,10857.03,1664.0,147.22,0.04019999999999999,3770.55
2022-11-07,10977.0,1664.0,146.64,0.0412,3806.8
2022-11-08,11059.5,1664.0,145.38,0.040999999999999995,3828.11
2022-11-09,10797.55,1664.0,146.15,0.041100000000000005,3748.57
2022-11-10,11605.96,1664.0,141.78,0.0409,3956.37
2022-11-11,11817.01,1664.0,141.78,0.0409,3992.93
2022-11-14,11700.94,1664.0,140.43,0.0416,3957.25
2022-11-15,11871.15,1664.0,139.36,0.0414,3991.73
2022-11-16,11699.09,1664.0,139.59,0.0414,3958.79
2022-11-17,11676.86,1664.0,140.45,0.041299999999999996,3946.56
2022-11-18,11677.02,1664.0,140.03,0.0415,3965.34
2022-11-21,11553.45,1664.0,141.95,0.042300000000000004,3949.94
2022-11-22,11724.84,1664.0,141.29,0.0421,4003.58
2022-11-23,11838.72,1664.0,139.76,0.0421,4027.26
2022-11-25,11756.03,1664.0,139.21,0.042199999999999994,4026.12
2022-11-28,11587.75,1664.0,138.67,0.043,3963.94
2022-11-29,11503.45,1664.0,138.28,0.042699999999999995,3957.63
2022-11-30,12030.06,1725.0,139.31,0.042699999999999995,4080.11
2022-12-01,12041.89,1725.0,135.55,0.042199999999999994,4076.57
2022-12-02,11994.26,1725.0,134.89,0.042199999999999994,4071.7
2022-12-05,11786.8,1725.0,136.55,0.042699999999999995,3998.84
2022-12-06,11549.69,1725.0,136.67,0.042699999999999995,3941.26
2022-12-07,11497.39,1725.0,136.57,0.042,3933.92
2022-12-08,11637.5,1725.0,136.45,0.0417,3963.51
2022-12-09,11563.33,1725.0,136.4,0.04190000000000001,3934.38
2022-12-12,11706.44,1725.0,137.47,0.0429,3990.56
2022-12-13,11834.21,1725.0,135.14,0.0426,4019.65
2022-12-14,11740.92,1725.0,134.95,0.042300000000000004,3995.32
2022-12-15,11345.22,1725.0,137.92,0.042199999999999994,3895.75
2022-12-16,11243.72,1725.0,136.55,0.042,3852.36
2022-12-19,11084.59,1725.0,136.87,0.042800000000000005,3817.66
2022-12-20,11072.42,1725.0,131.08,0.0425,3821.62
2022-12-21,11235.88,1725.0,132.36,0.042199999999999994,3878.44
2022-12-22,10956.14,1725.0,132.34,0.0424,3822.39
2022-12-23,10985.45,1725.0,132.78,0.042300000000000004,3844.82
2022-12-27,10822.51,1725.0,133.43,0.0435,3829.25
2022-12-28,10679.34,1725.0,134.27,0.0435,3783.22
2022-12-29,10951.05,1725.0,133.16,0.0434,3849.28
2022-12-30,10939.76,1725.0,131.81,0.043,3839.5
2023-01-03,10862.64,1725.0,130.83,0.044000000000000004,3824.14
2023-01-04,10914.8,1725.0,132.0,0.0441,3852.97
2023-01-05,10741.22,1725.0,133.57,0.0451,3808.1
2023-01-06,11040.35,1725.0,132.21,0.0451,3895.08
2023-01-09,11108.45,1725.0,131.58,0.0455,3892.09
2023-01-10,11205.78,1725.0,132.25,0.045700000000000005,3919.25
2023-01-11,11402.52,1725.0,132.58,0.045700000000000005,3969.61
2023-01-12,11459.61,1725.0,129.75,0.045,3983.17
2023-01-13,11541.48,1725.0,127.85,0.0451,3999.09
2023-01-17,11557.19,1725.0,128.18,0.045599999999999995,3990.97
2023-01-18,11410.29,1725.0,128.45,0.0454,3928.86
2023-01-19,11295.67,1725.0,128.48,0.0455,3898.85
2023-01-20,11619.03,1725.0,129.97,0.045700000000000005,3972.61
2023-01-23,11872.54,1725.0,130.69,0.0458,4019.81
2023-01-24,11846.64,1725.0,130.07,0.045700000000000005,4016.95
2023-01-25,11814.69,1725.0,129.64,0.045599999999999995,4016.22
2023-01-26,12051.48,1725.0,130.4,0.0455,4060.43
2023-01-27,12166.6,1725.0,129.94,0.045700000000000005,4070.56
2023-01-30,11912.39,1725.0,130.34,0.045899999999999996,4017.77
2023-01-31,12101.93,1897.71,130.17,0.0458,4076.6
2023-02-01,12363.1,1897.71,129.27,0.0454,4119.21
2023-02-02,12803.14,1897.71,128.45,0.0453,4179.76
2023-02-03,12573.36,1897.71,131.07,0.045700000000000005,4136.48
2023-02-06,12464.51,1897.71,132.76,0.045899999999999996,4111.08
2023-02-07,12728.27,1897.71,131.37,0.045899999999999996,4164.0
2023-02-08,12495.38,1897.71,131.27,0.045899999999999996,4117.86
2023-02-09,12381.17,1897.71,130.98,0.0464,4081.5
2023-02-10,12304.92,1897.71,131.5,0.0466,4090.46
2023-02-13,12502.31,1897.71,132.71,0.046799999999999994,4137.29
2023-02-14,12590.89,1897.71,133.05,0.0467,4136.13
2023-02-15,12687.89,1897.71,134.22,0.0466,4147.6
2023-02-16,12442.48,1897.71,133.95,0.047,4090.41
2023-02-17,12358.18,1897.71,134.21,0.047,4079.09
2023-02-21,12060.3,1897.71,134.87,0.0472,3997.34
2023-02-22,12066.27,1897.71,134.77,0.0471,3991.05
2023-02-23,12180.14,1897.71,134.8,0.0471,4012.32
2023-02-24,11969.65,1897.71,136.36,0.0472,3970.04
2023-02-27,12057.79,1897.71,136.18,0.047400000000000005,3982.24
2023-02-28,12042.12,1855.0,136.09,0.0472,3970.15
2023-03-01,11938.57,1855.0,135.82,0.0473,3951.39
2023-03-02,12044.87,1855.0,136.84,0.047400000000000005,3981.35
2023-03-03,12290.81,1855.0,136.09,0.047400000000000005,4045.64
2023-03-06,12302.48,1855.0,135.93,0.047599999999999996,4048.42
2023-03-07,12152.17,1855.0,136.9,0.0487,3986.37
2023-03-08,12215.33,1855.0,137.18,0.0489,3992.01
2023-03-09,11995.88,1855.0,136.41,0.0487,3918.32
2023-03-10,11830.28,1855.0,135.05,0.0483,3861.59
2023-03-13,11923.17,1855.0,133.13,0.047,3855.76
2023-03-14,12199.79,1855.0,134.33,0.0471,3919.29
2023-03-15,12251.32,1855.0,132.81,0.045899999999999996,3891.93
2023-03-16,12581.39,1855.0,133.01,0.045700000000000005,3960.28
2023-03-17,12519.88,1855.0,132.01,0.0436,3916.64
2023-03-20,12562.61,1855.0,131.59,0.04650000000000001,3951.57
2023-03-21,12741.44,1855.0,132.27,0.0462,4002.87
2023-03-22,12567.15,1855.0,132.67,0.0463,3936.97
2023-03-23,12729.23,1855.0,130.99,0.045700000000000005,3948.72
2023-03-24,12767.05,1855.0,130.64,0.045700000000000005,3970.99
2023-03-27,12673.07,1855.0,131.49,0.0475,3977.53
2023-03-28,12610.57,1855.0,130.97,0.0464,3971.27
2023-03-29,12846.03,1855.0,132.69,0.0464,4027.81
2023-03-30,12963.14,1855.0,132.71,0.048,4050.83
2023-03-31,13181.35,1913.0,132.75,0.046799999999999994,4109.31
2023-04-03,13148.35,1913.0,132.35,0.04769999999999999,4124.51
2023-04-04,13100.07,1913.0,131.6,0.047400000000000005,4100.6
2023-04-05,12967.2,1913.0,131.11,0.0472,4090.38
2023-04-06,13062.6,1913.0,131.67,0.04769999999999999,4105.02
2023-04-10,13051.23,1913.0,133.75,0.049400000000000006,4109.11
2023-04-11,12964.15,1913.0,133.63,0.0489,4108.94
2023-04-12,12848.35,1913.0,133.25,0.0487,4091.95
2023-04-13,13109.39,1913.0,132.37,0.0495,4146.22
2023-04-14,13079.52,1913.0,133.74,0.049800000000000004,4137.64
2023-04-17,13087.71,1913.0,134.51,0.0506,4151.32
2023-04-18,13091.79,1913.0,134.11,0.0504,4154.87
2023-04-19,13088.71,1913.0,134.79,0.0501,4154.52
2023-04-20,12985.98,1913.0,134.1,0.049699999999999994,4129.79
2023-04-21,13000.77,1913.0,134.28,0.049800000000000004,4133.52
2023-04-24,12969.76,1913.0,134.41,0.0504,4137.04
2023-04-25,12725.11,1913.0,133.96,0.049699999999999994,4071.63
2023-04-26,12806.48,1913.0,133.72,0.05,4055.99
2023-04-27,13160.03,1913.0,134.04,0.050300000000000004,4135.35
2023-04-28,13245.99,1913.0,135.99,0.0495,4169.48
2023-05-01,13231.47,1913.0,137.35,0.051,4167.87
2023-05-02,13113.66,1913.0,136.46,0.0508,4119.58
2023-05-03,13030.21,1913.0,135.31,0.0509,4090.75
2023-05-04,12982.48,1913.0,133.76,0.051,4061.22
2023-05-05,13259.13,1913.0,134.85,0.051,4136.25
2023-05-08,13291.64,1913.0,134.83,0.051500000000000004,4138.12
2023-05-09,13201.11,1913.0,135.15,0.0513,4119.17
2023-05-10,13347.83,1913.0,134.52,0.0508,4137.64
2023-05-11,13389.78,1913.0,134.46,0.0504,4130.62
2023-05-12,13340.18,1913.0,135.63,0.0508,4124.08
2023-05-15,13413.51,1913.0,136.07,0.0506,4136.28
2023-05-16,13426.01,1913.0,136.62,0.0507,4109.9
2023-05-17,13589.26,1913.0,137.51,0.051,4158.77
2023-05-18,13834.62,1913.0,138.5,0.051399999999999994,4198.05
2023-05-19,13803.49,1913.0,137.67,0.0512,4191.98
2023-05-22,13849.74,1913.0,138.65,0.0524,4192.63
2023-05-23,13672.54,1913.0,138.74,0.0518,4145.58
2023-05-24,13604.48,1913.0,139.14,0.0521,4115.24
2023-05-25,13938.53,1913.0,139.81,0.0521,4151.28
2023-05-26,14298.41,1913.0,140.53,0.0516,4205.45
2023-05-30,14354.99,1913.0,139.83,0.0528,4205.52
2023-05-31,14254.09,1992.0,139.78,0.0526,4179.83
2023-06-01,14441.51,1992.0,138.74,0.0524,4221.02
2023-06-02,14546.64,1992.0,139.76,0.052300000000000006,4282.37
2023-06-05,14556.5,1992.0,139.64,0.052000000000000005,4273.79
2023-06-06,14558.09,1992.0,139.67,0.0518,4283.85
2023-06-07,14303.29,1992.0,139.98,0.0516,4267.52
2023-06-08,14484.54,1992.0,138.83,0.0512,4293.93
2023-06-09,14528.36,1992.0,139.35,0.051100000000000007,4298.86
2023-06-12,14784.3,1992.0,139.72,0.051399999999999994,4338.93
2023-06-13,14900.85,1992.0,140.0,0.051100000000000007,4369.01
2023-06-14,15005.69,1992.0,139.33,0.051,4372.59
2023-06-15,15185.48,1992.0,140.49,0.0507,4425.84
2023-06-16,15083.92,1992.0,141.82,0.0509,4409.59
2023-06-20,15070.15,1992.0,141.46,0.051399999999999994,4388.71
2023-06-21,14867.45,1992.0,142.09,0.051500000000000004,4365.69
2023-06-22,15042.32,1992.0,142.89,0.051500000000000004,4381.89
2023-06-23,14891.48,1992.0,143.78,0.051500000000000004,4348.33
2023-06-26,14689.02,1992.0,143.55,0.0524,4328.82
2023-06-27,14945.91,1992.0,144.0,0.0519,4378.41
2023-06-28,14964.57,1992.0,144.23,0.0518,4376.86
2023-06-29,14939.95,1992.0,144.72,0.052000000000000005,4396.44
2023-06-30,15179.21,1943.0,144.47,0.051699999999999996,4450.38
2023-07-03,15208.69,1943.0,144.5,0.0521,4455.59
2023-07-05,15203.78,1943.0,144.56,0.0521,4446.82
2023-07-06,15089.45,1943.0,144.09,0.052300000000000006,4411.59
2023-07-07,15036.85,1943.0,142.21,0.052199999999999996,4398.95
2023-07-10,15045.64,1943.0,141.56,0.0525,4409.53
2023-07-11,15119.06,1943.0,140.51,0.0525,4439.26
2023-07-12,15307.23,1943.0,138.21,0.0524,4472.16
2023-07-13,15571.98,1943.0,138.14,0.0524,4510.04
2023-07-14,15565.6,1943.0,138.74,0.0525,4505.42
2023-07-17,15713.28,1943.0,138.92,0.0526,4522.79
2023-07-18,15841.35,1943.0,138.94,0.0525,4554.98
2023-07-19,15826.35,1943.0,139.76,0.0526,4565.72
2023-07-20,15466.09,1943.0,140.39,0.0526,4534.87
2023-07-21,15425.67,1943.0,141.75,0.0527,4536.34
2023-07-24,15448.02,1943.0,141.19,0.0528,4554.64
2023-07-25,15561.42,1943.0,140.91,0.0528,4567.46
2023-07-26,15499.26,1943.0,140.41,0.0528,4566.75
2023-07-27,15464.93,1943.0,141.03,0.0528,4537.41
2023-07-28,15750.93,1943.0,140.72,0.0528,4582.23
2023-07-31,15757.0,1951.0,142.18,0.0528,4588.96
2023-08-01,15718.01,1951.0,143.34,0.0527,4576.73
2023-08-02,15370.74,1951.0,143.21,0.0527,4513.39
2023-08-03,15353.54,1951.0,142.42,0.0527,4501.89
2023-08-04,15274.92,1951.0,141.79,0.0528,4478.03
2023-08-07,15407.85,1951.0,142.45,0.0529,4518.44
2023-08-08,15273.05,1951.0,143.17,0.053,4499.38
2023-08-09,15101.71,1951.0,143.58,0.0528,4467.71
2023-08-10,15128.84,1951.0,144.4,0.0528,4468.83
2023-08-11,15028.07,1951.0,144.94,0.0528,4464.05
2023-08-14,15205.59,1951.0,145.3,0.0529,4489.72
2023-08-15,15037.65,1951.0,145.4,0.0529,4437.86
2023-08-16,14876.47,1951.0,145.81,0.0529,4404.33
2023-08-17,14715.81,1951.0,146.16,0.0529,4370.36
2023-08-18,14694.84,1951.0,145.15,0.0528,4369.71
2023-08-21,14936.69,1951.0,146.26,0.053,4399.77
2023-08-22,14908.96,1951.0,145.79,0.053,4387.55
2023-08-23,15148.06,1951.0,144.62,0.053,4436.01
2023-08-24,14816.44,1951.0,145.75,0.053099999999999994,4376.31
2023-08-25,14941.83,1951.0,146.38,0.053399999999999996,4405.71
2023-08-28,15052.46,1951.0,146.4,0.053399999999999996,4433.31
2023-08-29,15376.55,1951.0,146.01,0.0533,4497.63
2023-08-30,15462.43,1951.0,145.94,0.053200000000000004,4514.87
2023-08-31,15501.07,1919.0,145.68,0.053200000000000004,4507.66
2023-09-01,15490.86,1919.0,146.2,0.053,4515.77
2023-09-05,15508.24,1919.0,147.63,0.053200000000000004,4496.83
2023-09-06,15371.44,1919.0,147.65,0.053099999999999994,4465.48
2023-09-07,15258.52,1919.0,147.13,0.053,4451.14
2023-09-08,15280.23,1919.0,147.7,0.053099999999999994,4457.49
2023-09-11,15461.87,1919.0,146.46,0.053200000000000004,4487.46
2023-09-12,15289.74,1919.0,147.12,0.053200000000000004,4461.9
2023-09-13,15348.53,1919.0,147.45,0.053099999999999994,4467.44
2023-09-14,15473.89,1919.0,147.17,0.053099999999999994,4505.1
2023-09-15,15202.4,1919.0,147.83,0.053200000000000004,4450.32
2023-09-18,15225.37,1919.0,147.63,0.053099999999999994,4453.53
2023-09-19,15191.23,1919.0,147.8,0.053099999999999994,4443.95
2023-09-20,14969.92,1919.0,147.74,0.0533,4402.2
2023-09-21,14694.24,1919.0,147.42,0.0533,4330.0
2023-09-22,14701.1,1919.0,148.24,0.053200000000000004,4320.06
2023-09-25,14768.9,1919.0,148.74,0.0535,4337.44
2023-09-26,14545.83,1919.0,148.9,0.053399999999999996,4273.53
2023-09-27,14580.16,1919.0,149.48,0.053399999999999996,4274.51
2023-09-28,14702.77,1919.0,149.18,0.053200000000000004,4299.7
2023-09-29,14715.24,1919.0,149.43,0.053200000000000004,4288.05
2023-10-02,14837.57,1919.0,149.8,0.0535,4288.39
2023-10-03,14565.62,1919.0,149.16,0.0535,4229.45
2023-10-04,14776.25,1919.0,148.83,0.053399999999999996,4263.75
2023-10-05,14723.22,1919.0,148.49,0.053399999999999996,4258.19
2023-10-06,14973.24,1919.0,149.08,0.0536,4308.5
2023-10-09,15047.15,1919.0,149.08,0.0536,4335.66
2023-10-10,15131.52,1919.0,148.62,0.053399999999999996,4358.24
2023-10-11,15241.12,1919.0,149.17,0.053399999999999996,4376.95
2023-10-12,15184.1,1919.0,149.71,0.0535,4349.61
2023-10-13,14995.12,1919.0,149.62,0.0535,4327.78
2023-10-16,15172.73,1919.0,149.57,0.053399999999999996,4373.63
2023-10-17,15122.01,1919.0,149.71,0.0535,4373.2
2023-10-18,14909.26,1919.0,149.86,0.053399999999999996,4314.6
2023-10-19,14783.13,1919.0,149.92,0.0533,4278.0
2023-10-20,14560.88,1919.0,149.85,0.053099999999999994,4224.16
2023-10-23,14604.85,1919.0,149.78,0.053200000000000004,4217.04
2023-10-24,14745.85,1919.0,149.84,0.053099999999999994,4247.68
2023-10-25,14381.64,1919.0,149.94,0.053200000000000004,4186.77
2023-10-26,14109.57,1919.0,150.44,0.053200000000000004,4137.23
2023-10-27,14180.42,1919.0,149.6,0.053200000000000004,4117.37
2023-10-30,14335.51,1919.0,149.01,0.0533,4166.82
2023-10-31,14409.78,1916.0,151.46,0.0533,4193.8
2023-11-01,14664.91,1916.0,150.96,0.053099999999999994,4237.86
2023-11-02,14919.55,1916.0,150.48,0.0528,4317.78
2023-11-03,15099.49,1916.0,149.36,0.0527,4358.34
2023-11-06,15154.93,1916.0,149.77,0.0529,4365.98
2023-11-07,15296.02,1916.0,150.47,0.0528,4378.38
2023-11-08,15313.24,1916.0,150.77,0.0528,4382.78
2023-11-09,15187.9,1916.0,151.04,0.0527,4347.35
2023-11-10,15529.12,1916.0,151.04,0.0526,4415.24
2023-11-13,15482.79,1916.0,151.56,0.0528,4411.55
2023-11-14,15812.47,1916.0,150.75,0.0526,4495.7
2023-11-15,15817.18,1916.0,151.07,0.0526,4502.88
2023-11-16,15833.17,1916.0,150.59,0.0525,4508.24
2023-11-17,15837.99,1916.0,149.82,0.0525,4514.02
2023-11-20,16027.06,1916.0,148.26,0.0527,4547.38
2023-11-21,15933.62,1916.0,147.88,0.0526,4538.19
2023-11-22,16001.39,1916.0,149.67,0.0527,4556.62
2023-11-24,15982.01,1916.0,149.57,0.0528,4559.34
2023-11-27,15961.98,1916.0,148.89,0.0528,4550.43
2023-11-28,16010.43,1916.0,147.41,0.0527,4554.89
2023-11-29,15987.6,1916.0,147.39,0.0525,4550.58
2023-11-30,15947.87,1984.0,147.87,0.0525,4567.8
2023-12-01,15997.58,1984.0,147.0,0.052300000000000006,4594.63
2023-12-04,15839.67,1984.0,147.15,0.0526,4569.78
2023-12-05,15877.71,1984.0,147.26,0.0525,4567.18
2023-12-06,15788.05,1984.0,147.16,0.0525,4549.34
2023-12-07,16022.49,1984.0,144.1,0.0524,4585.59
2023-12-08,16084.69,1984.0,144.88,0.0524,4604.37
2023-12-11,16221.73,1984.0,146.41,0.0526,4622.44
2023-12-12,16354.25,1984.0,145.45,0.0526,4643.7
2023-12-13,16562.37,1984.0,145.17,0.0524,4707.09
2023-12-14,16537.83,1984.0,141.53,0.052300000000000006,4719.55
2023-12-15,16623.45,1984.0,141.8,0.0524,4719.19
2023-12-18,16729.8,1984.0,143.04,0.0526,4740.56
2023-12-19,16811.85,1984.0,143.62,0.052300000000000006,4768.37
2023-12-20,16554.16,1984.0,143.77,0.0524,4698.35
2023-12-21,16757.41,1984.0,142.16,0.052199999999999996,4746.75
2023-12-22,16777.4,1984.0,142.6,0.0524,4754.63
2023-12-26,16878.46,1984.0,142.48,0.0525,4774.75
2023-12-27,16906.8,1984.0,142.05,0.0524,4781.58
2023-12-28,16898.47,1984.0,141.08,0.0525,4783.35
2023-12-29,16825.93,1984.0,140.92,0.052000000000000005,4769.83
2024-01-02,16543.94,1984.0,141.89,0.052199999999999996,4742.83
2024-01-03,16368.49,1984.0,143.55,0.0524,4704.81
2024-01-04,16282.01,1984.0,144.59,0.0524,4688.68
2024-01-05,16305.98,1984.0,144.52,0.0524,4697.24
2024-01-08,16649.87,1984.0,143.89,0.0525,4763.54
2024-01-09,16678.7,1984.0,144.35,0.0524,4756.5
2024-01-10,16793.05,1984.0,145.68,0.052300000000000006,4783.45
2024-01-11,16820.9,1984.0,146.03,0.052300000000000006,4780.24
2024-01-12,16832.92,1984.0,144.86,0.052199999999999996,4783.83
2024-01-16,16830.71,1984.0,147.01,0.052199999999999996,4765.98
2024-01-17,16736.28,1984.0,148.39,0.0524,4739.21
2024-01-18,16982.29,1984.0,148.15,0.052199999999999996,4780.94
2024-01-19,17314.0,1984.0,148.21,0.052199999999999996,4839.81
2024-01-22,17330.38,1984.0,147.95,0.052199999999999996,4850.43
2024-01-23,17404.21,1984.0,148.55,0.0521,4864.6
2024-01-24,17499.3,1984.0,147.31,0.0521,4868.55
2024-01-25,17516.99,1984.0,147.69,0.0521,4894.16
2024-01-26,17421.01,1984.0,147.94,0.0521,4890.97
2024-01-29,17596.27,1984.0,147.65,0.052199999999999996,4927.93
2024-01-30,17476.71,1984.0,147.71,0.0521,4924.97
2024-01-31,17137.24,2034.04,146.26,0.052199999999999996,4845.65
2024-02-01,17344.71,2034.04,146.18,0.052199999999999996,4906.19
2024-02-02,17642.73,2034.04,148.54,0.052300000000000006,4958.61
2024-02-05,17613.04,2034.04,148.79,0.052199999999999996,4942.81
2024-02-06,17572.73,2034.04,148.03,0.052300000000000006,4954.23
2024-02-07,17755.07,2034.04,148.04,0.052300000000000006,4995.06
2024-02-08,17783.17,2034.04,149.25,0.052300000000000006,4997.91
2024-02-09,17962.41,2034.04,149.38,0.0524,5026.61
2024-02-12,17882.66,2034.04,149.37,0.052300000000000006,5021.84
2024-02-13,17600.42,2034.04,150.72,0.0525,4953.17
2024-02-14,17807.63,2034.04,150.5,0.052300000000000006,5000.62
2024-02-15,17845.72,2034.04,150.19,0.052300000000000006,5029.73
2024-02-16,17685.98,2034.04,150.34,0.0524,5005.57
2024-02-20,17546.1,2034.04,149.87,0.0524,4975.51
2024-02-21,17478.91,2034.04,150.29,0.0524,4981.8
2024-02-22,18004.7,2034.04,150.62,0.0525,5087.03
2024-02-23,17937.61,2034.04,150.36,0.0526,5088.8
2024-02-26,17933.33,2034.04,150.79,0.0526,5069.53
2024-02-27,17971.05,2034.04,150.46,0.0525,5078.18
2024-02-28,17874.5,2034.04,150.68,0.0524,5069.76
2024-02-29,18043.85,2023.0,149.9,0.0525,5096.27
2024-03-01,18302.91,2023.0,150.2,0.052300000000000006,5137.08
2024-03-04,18226.48,2023.0,150.44,0.0524,5130.95
2024-03-05,17897.87,2023.0,150.14,0.052300000000000006,5078.65
2024-03-06,18017.57,2023.0,149.17,0.0524,5104.76
2024-03-07,18297.99,2023.0,148.08,0.0524,5157.36
2024-03-08,18018.45,2023.0,147.17,0.0524,5123.69
2024-03-11,17951.69,2023.0,146.86,0.0524,5117.94
2024-03-12,18219.11,2023.0,147.69,0.0525,5175.27
2024-03-13,18068.47,2023.0,147.73,0.0525,5165.31
2024-03-14,18014.81,2023.0,148.19,0.0525,5150.48
2024-03-15,17808.25,2023.0,149.14,0.0525,5117.09
2024-03-18,17985.01,2023.0,149.13,0.0525,5149.42
2024-03-19,18032.2,2023.0,150.73,0.0524,5178.51
2024-03-20,18240.11,2023.0,151.66,0.0524,5224.62
2024-03-21,18320.38,2023.0,151.59,0.0525,5241.53
2024-03-22,18339.44,2023.0,151.35,0.0524,5234.18
2024-03-25,18277.06,2023.0,151.42,0.052300000000000006,5218.19
2024-03-26,18210.54,2023.0,151.58,0.052199999999999996,5203.58
2024-03-27,18280.84,2023.0,151.35,0.052199999999999996,5248.49
2024-03-28,18254.69,2023.0,151.35,0.052300000000000006,5254.35
2024-04-01,18293.2,2023.0,151.72,0.052300000000000006,5243.77
2024-04-02,18121.78,2023.0,151.55,0.052199999999999996,5205.81
2024-04-03,18160.19,2023.0,151.67,0.052199999999999996,5211.49
2024-04-04,17878.78,2023.0,151.66,0.0521,5147.21
2024-04-05,18108.46,2023.0,151.59,0.052300000000000006,5204.34
2024-04-08,18100.19,2023.0,151.78,0.052300000000000006,5202.39
2024-04-09,18169.9,2023.0,151.73,0.052300000000000006,5209.91
2024-04-10,18011.65,2023.0,152.9,0.0525,5160.64
2024-04-11,18307.98,2023.0,153.19,0.0525,5199.06
2024-04-12,18003.49,2023.0,153.12,0.0525,5123.41
2024-04-15,17706.83,2023.0,154.25,0.0525,5061.82
2024-04-16,17713.66,2023.0,154.57,0.0525,5051.41
2024-04-17,17493.62,2023.0,154.61,0.0525,5022.21
2024-04-18,17394.31,2023.0,154.61,0.0525,5011.12
2024-04-19,17037.65,2023.0,154.55,0.0525,4967.23
2024-04-22,17210.89,2023.0,154.77,0.052199999999999996,5010.6
2024-04-23,17471.47,2023.0,154.81,0.0525,5070.55
2024-04-24,17526.8,2023.0,155.11,0.0526,5071.63
2024-04-25,17430.5,2023.0,155.52,0.0526,5048.42
2024-04-26,17718.3,2023.0,157.62,0.0525,5099.96
2024-04-29,17782.72,2023.0,156.71,0.0525,5116.17
2024-04-30,17440.69,2331.45,157.54,0.0525,5035.69
2024-05-01,17318.55,2331.45,157.65,0.0526,5018.39
2024-05-02,17541.54,2331.45,153.77,0.0525,5064.2
2024-05-03,17890.8,2331.45,152.85,0.0525,5127.79
2024-05-06,18093.57,2331.45,153.85,0.0525,5180.74
2024-05-07,18091.45,2331.45,154.59,0.0525,5187.7
2024-05-08,18085.01,2331.45,155.42,0.0525,5187.67
2024-05-09,18113.46,2331.45,155.68,0.0525,5214.08
2024-05-10,18161.18,2331.45,155.85,0.0526,5222.68
2024-05-13,18198.61,2331.45,156.17,0.0525,5221.42
2024-05-14,18322.77,2331.45,156.5,0.0524,5246.68
2024-05-15,18596.65,2331.45,155.02,0.0525,5308.15
2024-05-16,18557.96,2331.45,155.25,0.0525,5297.1
2024-05-17,18546.23,2331.45,155.57,0.0525,5303.27
2024-05-20,18674.19,2331.45,156.09,0.0525,5308.13
2024-05-21,18713.8,2331.45,156.08,0.0525,5321.41
2024-05-22,18705.2,2331.45,156.49,0.0525,5307.01
2024-05-23,18623.39,2331.45,157.05,0.0526,5267.84
2024-05-24,18808.35,2331.45,156.9,0.0526,5304.72
2024-05-28,18869.44,2331.45,156.9,0.0526,5306.04
2024-05-29,18736.75,2331.45,157.62,0.0526,5266.95
2024-05-30,18538.66,2331.45,156.63,0.0526,5235.48
2024-05-31,18536.65,2351.0,157.19,0.0525,5277.51
2024-06-03,18600.97,2351.0,156.04,0.0526,5283.4
2024-06-04,18654.84,2351.0,154.87,0.0525,5291.34
2024-06-05,19035.05,2351.0,156.21,0.0525,5354.03
2024-06-06,19021.19,2351.0,155.98,0.0525,5352.96
2024-06-07,19000.95,2351.0,156.58,0.0526,5346.99
2024-06-10,19074.67,2351.0,156.93,0.0525,5360.79
2024-06-11,19210.18,2351.0,157.32,0.0525,5375.32
2024-06-12,19465.18,2351.0,155.88,0.0525,5421.03
2024-06-13,19576.92,2351.0,156.77,0.0525,5433.74
2024-06-14,19659.8,2351.0,157.28,0.0525,5431.6
2024-06-17,19902.75,2351.0,157.8,0.0525,5473.23
2024-06-18,19908.86,2351.0,157.81,0.0524,5487.03
2024-06-20,19752.3,2351.0,158.77,0.0524,5473.17
2024-06-21,19700.43,2351.0,159.45,0.052300000000000006,5464.62
2024-06-24,19474.62,2351.0,159.71,0.0524,5447.87
2024-06-25,19701.13,2351.0,159.68,0.052300000000000006,5469.3
2024-06-26,19751.05,2351.0,160.68,0.0524,5477.9
2024-06-27,19789.03,2351.0,160.7,0.052300000000000006,5482.87
2024-06-28,19682.87,2351.0,160.88,0.052199999999999996,5460.48
2024-07-01,19812.22,2351.0,161.55,0.0524,5475.09
2024-07-02,20011.89,2351.0,161.53,0.0524,5509.01
2024-07-03,20186.63,2351.0,161.48,0.0524,5537.02
2024-07-05,20391.97,2351.0,160.73,0.052300000000000006,5567.19
2024-07-08,20439.54,2351.0,160.77,0.052300000000000006,5572.85
2024-07-09,20453.02,2351.0,161.4,0.052300000000000006,5576.98
2024-07-10,20675.38,2351.0,161.73,0.052300000000000006,5633.91
2024-07-11,20211.36,2351.0,158.58,0.0521,5584.54
2024-07-12,20331.49,2351.0,157.88,0.0521,5615.35
2024-07-15,20386.88,2351.0,157.89,0.052000000000000005,5631.22
2024-07-16,20398.62,2351.0,158.57,0.052000000000000005,5667.2
2024-07-17,19799.14,2351.0,156.56,0.052000000000000005,5588.27
2024-07-18,19705.09,2351.0,156.97,0.0521,5544.59
2024-07-19,19522.62,2351.0,157.38,0.052000000000000005,5505.0
2024-07-22,19822.87,2351.0,157.08,0.0519,5564.41
2024-07-23,19754.34,2351.0,156.02,0.0518,5555.74
2024-07-24,19032.39,2351.0,153.39,0.0518,5427.13
2024-07-25,18830.58,2351.0,153.97,0.051699999999999996,5399.22
2024-07-26,19023.66,2351.0,153.86,0.0516,5459.1
2024-07-29,19059.49,2351.0,153.96,0.051500000000000004,5463.54
2024-07-30,18796.27,2351.0,153.72,0.051399999999999994,5436.44
2024-07-31,19362.43,2398.0,150.38,0.051500000000000004,5522.3
2024-08-01,18890.39,2398.0,150.06,0.0512,5446.68
2024-08-02,18440.84,2398.0,146.98,0.050499999999999996,5346.56
2024-08-05,17895.16,2398.0,143.95,0.0509,5186.33
2024-08-06,18077.92,2398.0,145.11,0.0509,5240.03
2024-08-07,17867.37,2398.0,147.42,0.0509,5199.5
2024-08-08,18413.82,2398.0,147.08,0.0509,5319.31
2024-08-09,18513.1,2398.0,146.49,0.0509,5344.16
2024-08-12,18542.03,2398.0,147.54,0.0507,5344.39
2024-08-13,19006.43,2398.0,146.97,0.0506,5434.43
2024-08-14,19022.68,2398.0,146.86,0.0507,5455.21
2024-08-15,19490.15,2398.0,148.91,0.0509,5543.22
2024-08-16,19508.52,2398.0,148.13,0.0508,5554.25
2024-08-19,19766.49,2398.0,146.42,0.0506,5608.25
2024-08-20,19719.82,2398.0,145.7,0.0504,5597.12
2024-08-21,19824.84,2398.0,145.19,0.050199999999999995,5620.85
2024-08-22,19491.84,2398.0,145.97,0.0504,5570.64
2024-08-23,19720.87,2398.0,144.86,0.0501,5634.61
2024-08-26,19516.44,2398.0,144.51,0.049800000000000004,5616.84
2024-08-27,19581.52,2398.0,144.26,0.049800000000000004,5625.8
2024-08-28,19350.78,2398.0,144.47,0.0496,5592.18
2024-08-29,19325.45,2398.0,144.98,0.049800000000000004,5591.96
2024-08-30,19574.64,2398.0,145.95,0.049800000000000004,5648.4
2024-09-03,18958.73,2398.0,145.82,0.049699999999999994,5528.93
2024-09-04,18921.4,2398.0,144.31,0.0496,5520.07
2024-09-05,18930.33,2398.0,143.43,0.049400000000000006,5503.41
2024-09-06,18421.31,2398.0,142.13,0.0493,5408.42
2024-09-09,18660.78,2398.0,142.92,0.0489,5471.05
2024-09-10,18829.14,2398.0,142.28,0.048499999999999995,5495.52
2024-09-11,19237.3,2398.0,141.72,0.0489,5554.13
2024-09-12,19423.07,2398.0,142.24,0.048499999999999995,5595.76
2024-09-13,19514.58,2398.0,140.66,0.0478,5626.02
2024-09-16,19423.06,2398.0,140.79,0.0475,5633.09
2024-09-17,19432.4,2398.0,141.77,0.0475,5634.58
2024-09-18,19344.49,2398.0,141.93,0.04650000000000001,5618.26
2024-09-19,19839.83,2398.0,142.88,0.0461,5713.64
2024-09-20,19791.49,2398.0,143.9,0.045599999999999995,5702.55
2024-09-23,19852.2,2398.0,143.59,0.0453,5718.57
2024-09-24,19944.84,2398.0,143.77,0.045,5732.93
2024-09-25,19972.61,2398.0,144.41,0.0451,5722.26
2024-09-26,20115.54,2398.0,144.68,0.045,5745.37
2024-09-27,20008.62,2398.0,142.6,0.045,5738.17
2024-09-30,20060.69,2571.0,143.25,0.0452,5762.48
2024-10-01,19773.3,2571.0,143.66,0.045,5708.75
2024-10-02,19802.58,2571.0,146.05,0.044800000000000006,5709.54
2024-10-03,19793.34,2571.0,146.82,0.044800000000000006,5699.94
2024-10-04,20035.02,2571.0,148.69,0.0453,5751.07
2024-10-07,19800.74,2571.0,148.13,0.0455,5695.94
2024-10-08,20107.78,2571.0,148.22,0.0453,5751.13
2024-10-09,20268.86,2571.0,149.2,0.0454,5792.04
2024-10-10,20241.76,2571.0,148.56,0.0454,5780.05
2024-10-11,20271.97,2571.0,149.12,0.0453,5815.03
2024-10-14,20439.05,2571.0,149.12,0.0453,5859.85
2024-10-15,20159.83,2571.0,149.22,0.0452,5815.26
2024-10-16,20174.05,2571.0,149.71,0.0451,5842.47
2024-10-17,20190.42,2571.0,150.12,0.0454,5841.47
2024-10-18,20324.04,2571.0,149.58,0.0453,5864.67
2024-10-21,20361.47,2571.0,150.47,0.0451,5853.98
2024-10-22,20383.65,2571.0,151.11,0.0451,5851.2
2024-10-23,20066.96,2571.0,152.81,0.0452,5797.42
2024-10-24,20232.87,2571.0,151.87,0.045,5809.86
2024-10-25,20352.02,2571.0,152.08,0.0452,5808.12
2024-10-28,20351.07,2571.0,153.21,0.0449,5823.52
2024-10-29,20550.65,2571.0,153.47,0.0449,5832.92
2024-10-30,20387.7,2571.0,153.15,0.0447,5813.67
2024-10-31,19890.42,2690.0,152.35,0.0444,5705.45
2024-11-01,20033.14,2690.0,152.94,0.0441,5728.8
2024-11-04,19963.6,2690.0,152.02,0.0444,5712.69
2024-11-05,20227.46,2690.0,151.96,0.0443,5782.76
2024-11-06,20781.33,2690.0,154.58,0.0444,5929.04
2024-11-07,21101.57,2690.0,153.13,0.0443,5973.1
2024-11-08,21117.18,2690.0,152.58,0.0443,5995.54
2024-11-11,21106.59,2690.0,152.58,0.0443,6001.35
2024-11-12,21070.79,2690.0,154.73,0.0443,5983.99
2024-11-13,21036.16,2690.0,155.28,0.044000000000000004,5985.38
2024-11-14,20896.67,2690.0,155.96,0.0441,5949.17
2024-11-15,20394.13,2690.0,154.59,0.0441,5870.62
2024-11-18,20539.19,2690.0,154.78,0.044199999999999996,5893.62
2024-11-19,20684.59,2690.0,154.34,0.0441,5916.98
2024-11-20,20667.1,2690.0,155.38,0.044199999999999996,5917.11
2024-11-21,20740.78,2690.0,154.66,0.0443,5948.71
2024-11-22,20776.23,2690.0,154.73,0.0443,5969.34
2024-11-25,20804.89,2690.0,154.29,0.044199999999999996,5987.37
2024-11-26,20922.9,2690.0,153.49,0.044000000000000004,6021.63
2024-11-27,20744.49,2690.0,150.69,0.044000000000000004,5998.74
2024-11-29,20930.37,2690.0,150.41,0.043899999999999995,6032.38
2024-12-02,21164.6,2690.0,149.26,0.0438,6047.15
2024-12-03,21229.32,2690.0,149.12,0.0436,6049.88
2024-12-04,21492.36,2690.0,150.18,0.0435,6086.49
2024-12-05,21425.22,2690.0,150.19,0.0434,6075.11
2024-12-06,21622.25,2690.0,149.78,0.0431,6090.27
2024-12-09,21440.82,2690.0,151.24,0.043,6052.85
2024-12-10,21368.18,2690.0,152.05,0.0429,6034.91
2024-12-11,21763.98,2690.0,152.34,0.0426,6084.19
2024-12-12,21615.27,2690.0,152.07,0.042300000000000004,6051.25
2024-12-13,21780.25,2690.0,153.74,0.042300000000000004,6051.09
2024-12-16,22096.66,2690.0,154.18,0.0425,6074.08
2024-12-17,22001.08,2690.0,153.41,0.0426,6050.61
2024-12-18,21209.31,2690.0,154.0,0.0425,5872.16
2024-12-19,21110.51,2690.0,157.73,0.042300000000000004,5867.08
2024-12-20,21289.15,2690.0,156.11,0.042300000000000004,5930.85
2024-12-23,21503.17,2690.0,157.04,0.0424,5974.07
2024-12-24,21797.65,2690.0,157.29,0.042800000000000005,6040.04
2024-12-26,21768.31,2690.0,158.01,0.0424,6037.59
2024-12-27,21473.01,2690.0,157.73,0.04190000000000001,5970.84
2024-12-30,21197.09,2690.0,157.26,0.042300000000000004,5906.94
2024-12-31,21012.17,2648.0,157.37,0.042300000000000004,5881.63
2025-01-02,20975.62,2648.0,157.65,0.042199999999999994,5868.55
2025-01-03,21326.16,2648.0,157.2,0.042,5942.47
2025-01-06,21559.5,2648.0,157.54,0.0421,5975.38
2025-01-07,21173.04,2648.0,157.82,0.0421,5909.03
2025-01-08,21180.96,2648.0,158.31,0.0421,5918.25
2025-01-10,20847.58,2648.0,157.68,0.042199999999999994,5827.04
2025-01-13,20784.72,2648.0,157.51,0.042300000000000004,5836.22
2025-01-14,20757.41,2648.0,157.95,0.042199999999999994,5842.91
2025-01-15,21237.85,2648.0,156.6,0.0421,5949.91
2025-01-16,21091.25,2648.0,155.44,0.0421,5937.34
2025-01-17,21441.15,2648.0,156.3,0.042,5996.66
2025-01-21,21566.51,2648.0,155.49,0.042199999999999994,6049.24
2025-01-22,21853.0,2648.0,156.62,0.042199999999999994,6086.37
2025-01-23,21900.93,2648.0,156.0,0.042199999999999994,6118.71
2025-01-24,21774.01,2648.0,155.58,0.0421,6101.24
2025-01-27,21127.28,2648.0,154.22,0.042,6012.28
2025-01-28,21463.04,2648.0,155.65,0.042,6067.7
2025-01-29,21411.46,2648.0,155.22,0.042,6039.31
2025-01-30,21508.12,2648.0,154.42,0.04190000000000001,6071.17
2025-01-31,21478.05,2710.0,154.91,0.042,6040.53
2025-02-03,21297.58,2710.0,154.68,0.042199999999999994,5994.57
2025-02-04,21566.92,2710.0,154.56,0.042199999999999994,6037.88
2025-02-05,21658.16,2710.0,152.33,0.042199999999999994,6061.48
2025-02-06,21774.07,2710.0,152.04,0.042199999999999994,6083.57
2025-02-07,21491.31,2710.0,151.3,0.0424,6025.99
2025-02-10,21756.73,2710.0,151.72,0.042300000000000004,6066.44
2025-02-11,21693.52,2710.0,152.37,0.042300000000000004,6068.5
2025-02-12,21719.26,2710.0,154.62,0.042300000000000004,6051.97
2025-02-13,22030.71,2710.0,153.18,0.042199999999999994,6115.07
2025-02-14,22114.69,2710.0,152.25,0.042199999999999994,6114.63
2025-02-18,22164.61,2710.0,151.79,0.042300000000000004,6129.58
2025-02-19,22175.6,2710.0,151.67,0.042199999999999994,6144.15
2025-02-20,22068.06,2710.0,149.63,0.0421,6117.52
2025-02-21,21614.08,2710.0,149.49,0.0421,6013.13
2025-02-24,21352.08,2710.0,149.57,0.04190000000000001,5983.25
2025-02-25,21087.25,2710.0,149.09,0.04190000000000001,5955.25
2025-02-26,21132.92,2710.0,149.13,0.042,5956.06
2025-02-27,20550.95,2710.0,149.8,0.042,5861.57
2025-02-28,20884.41,2894.73,150.64,0.042,5954.5
2025-03-03,20425.58,2894.73,150.16,0.0421,5849.72
2025-03-04,20352.53,2894.73,148.81,0.042,5778.15
2025-03-05,20628.46,2894.73,148.82,0.0421,5842.63
2025-03-06,20052.63,2894.73,147.9,0.042,5738.52
2025-03-07,20201.37,2894.73,147.13,0.042,5770.2
2025-03-10,19430.95,2894.73,147.15,0.04190000000000001,5614.56
2025-03-11,19376.96,2894.73,147.48,0.042,5572.07
2025-03-12,19596.02,2894.73,148.32,0.0421,5599.3
2025-03-13,19225.48,2894.73,147.71,0.042,5521.52
2025-03-14,19704.64,2894.73,148.51,0.042,5638.94
2025-03-17,19812.24,2894.73,148.56,0.042,5675.12
2025-03-18,19483.36,2894.73,149.49,0.042,5614.66
2025-03-19,19736.66,2894.73,150.02,0.042,5675.29
2025-03-20,19677.61,2894.73,148.84,0.04190000000000001,5662.89
2025-03-21,19753.97,2894.73,148.98,0.04190000000000001,5667.56
2025-03-24,20180.44,2894.73,150.74,0.04190000000000001,5767.57
2025-03-25,20287.83,2894.73,149.77,0.04190000000000001,5776.65
2025-03-26,19916.99,2894.73,150.69,0.042,5712.2
2025-03-27,19798.62,2894.73,150.97,0.042,5693.31
2025-03-28,19281.4,2894.73,150.26,0.042,5580.94
2025-03-31,19278.45,2983.0,149.9,0.0421,5611.85
2025-04-01,19436.42,2983.0,149.4,0.042,5633.07
2025-04-02,19581.78,2983.0,149.98,0.0421,5670.97
2025-04-03,18521.48,2983.0,146.04,0.042,5396.52
2025-04-04,17397.7,2983.0,145.93,0.0417,5074.08
2025-04-07,17430.68,2983.0,147.96,0.0417,5062.25
2025-04-08,17090.4,2983.0,147.02,0.04190000000000001,4982.77
2025-04-09,19145.06,2983.0,145.09,0.0424,5456.9
2025-04-10,18343.57,2983.0,144.34,0.042199999999999994,5268.05
2025-04-11,18690.05,2983.0,143.57,0.042300000000000004,5363.36
2025-04-14,18796.02,2983.0,142.96,0.042199999999999994,5405.97
2025-04-15,18830.23,2983.0,143.1,0.042199999999999994,5396.63
2025-04-16,18257.64,2983.0,142.56,0.0421,5275.7
2025-04-17,18258.09,2983.0,142.33,0.042300000000000004,5282.7
2025-04-21,17808.3,2983.0,140.81,0.042199999999999994,5158.2
2025-04-22,18276.41,2983.0,140.87,0.042199999999999994,5287.76
2025-04-23,18693.26,2983.0,142.64,0.042199999999999994,5375.86
2025-04-24,19214.4,2983.0,142.64,0.0421,5484.77
2025-04-25,19432.56,2983.0,143.75,0.0421,5525.21
2025-04-28,19427.29,2983.0,142.7,0.042,5528.75
2025-04-29,19544.95,2983.0,142.29,0.042,5560.83
2025-04-30,19571.02,3218.0,142.63,0.042,5569.06
2025-05-01,19786.71,3218.0,145.48,0.042,5604.14
2025-05-02,20102.61,3218.0,144.52,0.042199999999999994,5686.67
2025-05-05,19967.94,3218.0,143.98,0.042199999999999994,5650.38
2025-05-06,19791.34,3218.0,142.76,0.042199999999999994,5606.91
2025-05-07,19867.97,3218.0,143.47,0.042199999999999994,5631.28
2025-05-08,20063.57,3218.0,145.46,0.042300000000000004,5663.94
2025-05-09,20061.45,3218.0,145.15,0.042199999999999994,5659.91
2025-05-12,20868.15,3218.0,148.09,0.0431,5844.19
2025-05-13,21197.7,3218.0,147.75,0.0429,5886.55
2025-05-14,21319.21,3218.0,146.54,0.0429,5892.58
2025-05-15,21335.82,3218.0,145.61,0.042699999999999995,5916.93
2025-05-16,21427.94,3218.0,146.02,0.0425,5958.38
2025-05-19,21447.05,3218.0,144.99,0.042800000000000005,5963.6
2025-05-20,21367.37,3218.0,144.72,0.0426,5940.46
2025-05-21,21080.36,3218.0,143.68,0.0424,5844.61
2025-05-22,21112.47,3218.0,143.89,0.0425,5842.01
2025-05-23,20915.65,3218.0,142.61,0.0424,5802.82
2025-05-27,21414.99,3218.0,144.37,0.0424,5921.54
2025-05-28,21318.17,3218.0,145.04,0.0424,5888.55
2025-05-29,21363.95,3218.0,144.09,0.0425,5912.17
2025-05-30,21340.99,3218.0,144.18,0.0425,5911.69
2025-06-02,21491.75,3218.0,142.76,0.0425,5935.94
2025-06-03,21662.58,3218.0,143.93,0.0424,5970.37
2025-06-04,21721.92,3218.0,142.91,0.0425,5970.81
2025-06-05,21547.43,3218.0,143.87,0.0425,5939.3
2025-06-06,21761.79,3218.0,144.87,0.0425,6000.36
2025-06-09,21797.87,3218.0,144.37,0.0425,6005.88
2025-06-10,21941.92,3218.0,144.91,0.0426,6038.81
2025-06-11,21860.8,3218.0,144.48,0.0426,6022.24
2025-06-12,21913.32,3218.0,143.64,0.042699999999999995,6045.26
2025-06-13,21631.04,3218.0,144.04,0.0426,5976.97
2025-06-16,21937.57,3218.0,144.14,0.0424,6033.11
2025-06-17,21719.08,3218.0,145.04,0.042300000000000004,5982.72
2025-06-18,21719.69,3218.0,144.58,0.042300000000000004,5980.87
2025-06-20,21626.39,3218.0,145.92,0.0421,5967.84
2025-06-23,21856.33,3218.0,146.47,0.04190000000000001,6025.17
2025-06-24,22190.52,3218.0,144.9,0.04190000000000001,6092.18
2025-06-25,22237.74,3218.0,145.59,0.04190000000000001,6092.16
2025-06-26,22447.29,3218.0,144.34,0.0421,6141.02
2025-06-27,22534.2,3218.0,144.74,0.042,6173.07
2025-06-30,22679.01,3353.0,144.17,0.0424,6204.95
2025-07-01,22478.14,3353.0,143.58,0.0424,6198.01
2025-07-02,22641.89,3353.0,143.76,0.0424,6227.42
2025-07-03,22866.97,3353.0,144.96,0.0426,6279.35
2025-07-07,22685.57,3353.0,145.86,0.0426,6229.98
2025-07-08,22702.25,3353.0,146.81,0.0426,6225.52
2025-07-09,22864.91,3353.0,146.53,0.0426,6263.26
2025-07-10,22829.26,3353.0,146.46,0.0425,6280.46
2025-07-11,22780.6,3353.0,147.29,0.0425,6259.75
2025-07-14,22855.63,3353.0,147.69,0.0426,6268.56
2025-07-15,22884.59,3353.0,148.75,0.0425,6243.76
2025-07-16,22907.97,3353.0,148.08,0.0424,6263.7
2025-07-17,23081.05,3353.0,148.55,0.0424,6297.36
2025-07-18,23065.47,3353.0,148.55,0.0424,6296.79
2025-07-21,23180.06,3353.0,147.27,0.0424,6305.6
2025-07-22,23063.58,3353.0,146.36,0.0424,6309.62
2025-07-23,23162.41,3353.0,146.55,0.0425,6358.91
2025-07-24,23219.86,3353.0,146.92,0.0425,6363.35
2025-07-25,23272.25,3353.0,147.77,0.0425,6388.64
2025-07-28,23356.27,3353.0,148.45,0.0424,6389.77
2025-07-29,23308.3,3353.0,148.57,0.0424,6370.86
2025-07-30,23345.41,3353.0,149.07,0.0425,6362.9
2025-07-31,23218.12,3340.0,150.6,0.0424,6339.39
2025-08-01,22763.31,3340.0,148.06,0.04190000000000001,6238.01
2025-08-04,23188.61,3340.0,147.09,0.0416,6329.94
2025-08-05,23018.56,3340.0,147.49,0.0416,6299.19
2025-08-06,23315.04,3340.0,147.25,0.0414,6345.06
2025-08-07,23389.53,3340.0,147.35,0.0414,6340.0
2025-08-08,23611.27,3340.0,147.7,0.0414,6389.45
2025-08-11,23526.63,3340.0,147.99,0.0415,6373.45
2025-08-12,23839.2,3340.0,147.8,0.0414,6445.76
2025-08-13,23849.04,3340.0,147.25,0.041100000000000005,6466.58
2025-08-14,23832.44,3340.0,147.69,0.0412,6468.54
2025-08-15,23712.07,3340.0,147.0,0.0412,6449.8
2025-08-18,23713.76,3340.0,147.76,0.0414,6449.15
2025-08-19,23384.77,3340.0,147.72,0.0412,6411.37
2025-08-20,23249.57,3340.0,147.19,0.0412,6395.78
2025-08-21,23142.58,3340.0,148.35,0.0414,6370.17
2025-08-22,23498.12,3340.0,146.82,0.040999999999999995,6466.91
2025-08-25,23425.6,3340.0,147.61,0.040999999999999995,6439.32
2025-08-26,23525.29,3340.0,147.3,0.040999999999999995,6465.94
2025-08-27,23565.85,3340.0,147.75,0.0408,6481.4
2025-08-28,23703.45,3340.0,146.98,0.0408,6501.86
2025-08-29,23415.42,3340.0,146.9,0.0405,6460.26
2025-09-02,23231.11,3340.0,148.23,0.0405,6415.54
2025-09-03,23414.84,3340.0,147.97,0.0403,6448.26
2025-09-04,23633.01,3340.0,148.63,0.0401,6502.08
2025-09-05,23652.44,3340.0,146.84,0.0392,6481.5
2025-09-08,23762.3,3340.0,147.58,0.0395,6495.15
2025-09-09,23839.8,3340.0,147.23,0.0395,6512.61
2025-09-10,23849.27,3340.0,147.37,0.0394,6532.04
2025-09-11,23992.56,3340.0,147.17,0.0394,6587.47
2025-09-12,24092.19,3340.0,147.85,0.0394,6584.29
2025-09-15,24293.78,3340.0,147.27,0.0391,6615.28
2025-09-16,24274.25,3340.0,146.56,0.039,6606.76
2025-09-17,24223.69,3340.0,146.36,0.0388,6600.35
2025-09-18,24454.89,3340.0,148.02,0.038900000000000004,6631.96
2025-09-19,24626.25,3340.0,147.83,0.038900000000000004,6664.36
2025-09-22,24761.07,3340.0,147.83,0.038599999999999995,6693.75
2025-09-23,24580.17,3340.0,147.83,0.038599999999999995,6656.92
2025-09-24,24503.57,3340.0,148.71,0.0387,6637.97
2025-09-25,24397.31,3340.0,149.78,0.038900000000000004,6604.72
2025-09-26,24503.85,3340.0,149.52,0.0387,6643.7
2025-09-29,24611.35,3340.0,148.57,0.038599999999999995,6661.21
2025-09-30,24679.99,3667.68,147.97,0.038599999999999995,6688.46
2025-10-01,24800.86,3667.68,147.16,0.0385,6711.2
2025-10-02,24892.76,3667.68,147.35,0.038599999999999995,6715.35
2025-10-03,24785.52,3667.68,147.33,0.0387,6715.79
2025-10-06,24978.56,3667.68,150.02,0.038599999999999995,6740.28
2025-10-07,24840.23,3667.68,151.17,0.0385,6714.59
2025-10-08,25136.62,3667.68,152.72,0.0385,6753.72
2025-10-09,25098.18,3667.68,153.05,0.0387,6735.11
2025-10-10,24221.75,3667.68,151.94,0.038599999999999995,6552.51
2025-10-13,24750.25,3667.68,151.94,0.038599999999999995,6654.72
2025-10-14,24579.32,3667.68,151.77,0.0385,6644.31
2025-10-15,24745.36,3667.68,151.21,0.0387,6671.06
2025-10-16,24657.24,3667.68,150.75,0.038599999999999995,6629.07
2025-10-17,24817.95,3667.68,150.33,0.0384,6664.01
2025-10-20,25141.02,3667.68,150.59,0.0381,6735.13
2025-10-21,25127.13,3667.68,151.72,0.038,6735.35
2025-10-22,24879.0,3667.68,151.79,0.038,6699.4
2025-10-23,25097.42,3667.68,152.72,0.038,6738.44
2025-10-24,25358.16,3667.68,152.82,0.0377,6791.69
2025-10-27,25821.55,3667.68,153.09,0.0373,6875.16
2025-10-28,26012.16,3667.68,152.14,0.0373,6890.89
2025-10-29,26119.85,3667.68,151.91,0.0377,6890.59
2025-10-30,25734.81,3667.68,154.17,0.037599999999999995,6822.34
2025-10-31,25858.13,4058.33,154.05,0.0373,6840.2
2025-11-03,25972.94,4058.33,154.13,0.0382,6851.97
2025-11-04,25435.7,4058.33,153.55,0.038,6771.55
2025-11-05,25620.03,4058.33,154.11,0.038,6796.29
2025-11-06,25130.04,4058.33,152.97,0.0377,6720.32
2025-11-07,25059.81,4058.33,153.06,0.0377,6728.8
2025-11-10,25611.74,4058.33,153.99,0.0379,6832.43
2025-11-11,25533.49,4058.33,153.99,0.0379,6846.61
2025-11-12,25517.33,4058.33,154.64,0.0379,6850.92
2025-11-13,24993.46,4058.33,154.4,0.038,6737.49
2025-11-14,25008.24,4058.33,154.64,0.038,6734.11
2025-11-17,24799.92,4058.33,155.2,0.038,6672.41
2025-11-18,24503.1,4058.33,155.44,0.0378,6617.32
2025-11-19,24640.52,4058.33,156.63,0.0379,6642.16
2025-11-20,24054.38,4058.33,157.41,0.0378,6538.76
2025-11-21,24239.57,4058.33,156.58,0.0375,6602.99
2025-11-24,24873.85,4058.33,156.94,0.0375,6705.12
2025-11-25,25018.36,4058.33,156.3,0.0374,6765.88
2025-11-26,25236.94,4058.33,156.38,0.037599999999999995,6812.61
2025-11-28,25434.89,4058.33,156.17,0.0373,6849.09
2025-12-01,25342.85,4058.33,155.28,0.0371,6812.63
2025-12-02,25555.86,4058.33,155.92,0.0368,6829.37
2025-12-03,25606.54,4058.33,155.17,0.0364,6849.72
2025-12-04,25581.7,4058.33,154.9,0.0363,6857.12
2025-12-05,25692.05,4058.33,155.3,0.0362,6870.4
2025-12-08,25627.95,4058.33,155.89,0.0364,6846.51
2025-12-09,25668.69,4058.33,156.85,0.0364,6840.51
2025-12-10,25776.44,4058.33,156.33,0.036000000000000004,6886.68
2025-12-11,25686.68,4058.33,155.15,0.0358,6901.0
2025-12-12,25196.73,4058.33,155.81,0.0354,6827.41
2025-12-15,25067.26,4058.33,155.29,0.0356,6816.51
2025-12-16,25132.94,4058.33,154.8,0.0356,6800.26
2025-12-17,24647.61,4058.33,155.6,0.0355,6721.43
2025-12-18,25019.37,4058.33,155.53,0.0353,6774.76
2025-12-19,25346.18,4058.33,157.43,0.0354,6834.5
2025-12-22,25461.7,4058.33,156.93,0.0356,6878.49
2025-12-23,25587.83,4058.33,156.33,0.0356,6909.79
2025-12-24,25656.15,4058.33,155.83,0.036000000000000004,6932.05
2025-12-26,25644.39,4058.33,156.63,0.0356,6929.94
2025-12-29,25525.56,4058.33,156.1,0.035699999999999996,6905.74
2025-12-30,25462.56,4058.33,156.26,0.0355,6896.24
2025-12-31,25249.85,4309.0,156.8,0.035699999999999996,6845.5
2026-01-02,25206.17,4309.0,156.72,0.0354,6858.47
2026-01-05,25401.32,4309.0,156.32,0.0354,6902.05
2026-01-06,25639.71,4309.0,156.7,0.0353,6944.82
2026-01-07,25653.9,4309.0,156.73,0.0352,6920.93
2026-01-08,25507.1,4309.0,156.9,0.0352,6921.46
2026-01-09,25766.26,4309.0,158.07,0.0352,6966.28
2026-01-12,25787.66,4309.0,158.15,0.0356,6977.27
2026-01-13,25741.95,4309.0,159.06,0.035699999999999996,6963.74
2026-01-14,25465.94,4309.0,158.13,0.035699999999999996,6926.6
2026-01-15,25547.08,4309.0,158.5,0.035699999999999996,6944.47
2026-01-16,25529.26,4309.0,158.02,0.035699999999999996,6940.01
2026-01-20,24987.57,4309.0,157.89,0.0359,6796.86
2026-01-21,25326.58,4309.0,158.16,0.0359,6875.62
2026-01-22,25518.35,4309.0,158.36,0.036000000000000004,6913.35
2026-01-23,25605.47,4309.0,157.57,0.0359,6915.61
2026-01-26,25713.21,4309.0,153.88,0.0359,6950.23
2026-01-27,25939.74,4309.0,153.03,0.0358,6978.6
2026-01-28,26022.79,4309.0,153.6,0.0359,6978.03
2026-01-29,25884.3,4309.0,152.88,0.0359,6969.01
2026-01-30,25552.39,4309.0,154.34,0.0358,6939.03
2026-02-02,25738.61,4309.0,155.5,0.036000000000000004,6976.44
2026-02-03,25338.62,4309.0,155.7,0.036000000000000004,6917.81
2026-02-04,24891.24,4309.0,156.61,0.036000000000000004,6882.72
2026-02-05,24548.69,4309.0,156.91,0.0359,6798.4
2026-02-06,25075.77,4309.0,157.1,0.036000000000000004,6932.3
2026-02-09,25268.14,4309.0,156.08,0.036000000000000004,6964.82
2026-02-10,25127.64,4309.0,154.28,0.036000000000000004,6941.81
2026-02-11,25201.26,4309.0,152.93,0.0361,6941.47
2026-02-12,24687.61,4309.0,152.64,0.0361,6832.76
2026-02-13,24732.73,4309.0,152.77,0.036000000000000004,6836.17
2026-02-17,24701.6,4309.0,153.57,0.0361,6843.22
2026-02-18,24898.87,4309.0,154.45,0.0361,6881.31
2026-02-19,24797.34,4309.0,154.96,0.0361,6861.89
2026-02-20,25012.62,4309.0,154.99,0.036000000000000004,6909.51
2026-02-23,24708.94,4309.0,154.3,0.036000000000000004,6837.75
2026-02-24,24977.04,4309.0,155.66,0.036000000000000004,6890.07
2026-02-25,25329.04,4309.0,156.3,0.036000000000000004,6946.13
2026-02-26,25034.37,4309.0,156.13,0.036000000000000004,6908.86
2026-02-27,24960.04,4309.0,156.05,0.0359,6878.88
2026-03-02,24992.6,4309.0,157.48,0.0361,6881.62
2026-03-03,24720.08,4309.0,157.69,0.036000000000000004,6816.63
2026-03-04,25093.68,4309.0,156.93,0.036000000000000004,6869.5
2026-03-05,25020.41,4309.0,157.58,0.0359,6830.71
2026-03-06,24643.01,4309.0,157.64,0.0358,6740.02
2026-03-09,24967.25,4309.0,158.08,0.0361,6795.99
2026-03-10,24956.47,4309.0,157.6,0.036000000000000004,6781.48
2026-03-11,24965.01,4309.0,158.83,0.0361,6775.8
2026-03-12,24533.58,4309.0,159.21,0.0361,6672.62
2026-03-13,24380.73,4309.0,159.54,0.0361,6632.19
2026-03-16,24655.34,4309.0,159.3,0.0361,6699.38
2026-03-17,24780.42,4309.0,159.03,0.0361,6716.09
2026-03-18,24425.09,4309.0,159.48,0.0362,6624.7
2026-03-19,24355.28,4309.0,158.19,0.0362,6606.49
2026-03-20,23898.15,4309.0,159.26,0.0363,6506.48
2026-03-23,24188.59,4309.0,158.7,0.0363,6581.0
2026-03-24,24002.45,4309.0,158.9,0.0363,6556.37
2026-03-25,24162.98,4309.0,159.2,0.0363,6591.9
2026-03-26,23586.99,4309.0,159.65,0.0363,6477.16
2026-03-27,23132.77,4309.0,160.16,0.0362,6368.85
2026-03-30,22953.38,4309.0,159.49,0.0362,6343.72
2026-03-31,23740.19,4856.0,159.08,0.0361,6528.52
2026-04-01,24019.99,4856.0,158.63,0.0361,6575.32
2026-04-02,24045.53,4856.0,159.34,0.0361,6582.69
2026-04-06,24192.17,4856.0,159.71,0.0364,6611.83
2026-04-07,24202.37,4856.0,159.9,0.0362,6616.85
2026-04-08,24903.17,4856.0,158.39,0.0361,6782.81
2026-04-09,25082.09,4856.0,158.87,0.036000000000000004,6824.66
2026-04-10,25116.34,4856.0,159.22,0.036000000000000004,6816.89
2026-04-13,25383.72,4856.0,159.74,0.0362,6886.24
2026-04-14,25842.0,4856.0,158.91,0.0362,6967.38
2026-04-15,26204.58,4856.0,159.02,0.0362,7022.95
2026-04-16,26333.0,4856.0,159.07,0.0362,7041.28
2026-04-17,26672.43,4856.0,158.1,0.0361,7126.06
2026-04-20,26590.34,4856.0,158.66,0.0362,7109.14
2026-04-21,26479.47,4856.0,159.39,0.036000000000000004,7064.01
2026-04-22,26937.27,4856.0,159.49,0.036000000000000004,7137.9
2026-04-23,26782.62,4856.0,159.44,0.036000000000000004,7108.4
2026-04-24,27303.67,4856.0,159.35,0.036000000000000004,7165.08
2026-04-27,27305.68,4856.0,159.29,0.036000000000000004,7173.91
2026-04-28,27029.01,4856.0,159.53,0.036000000000000004,7138.8
2026-04-29,27186.99,4856.0,160.23,0.036000000000000004,7135.95
2026-04-30,27452.12,4721.0,156.66,0.0359,7209.01
2026-05-01,27710.36,4721.0,156.76,0.0359,7230.12
2026-05-04,27651.82,4721.0,157.21,0.0361,7200.75
2026-05-05,28015.06,4721.0,157.68,0.0361,7259.22
2026-05-06,28599.17,4721.0,156.44,0.0361,7365.12
2026-05-07,28563.95,4721.0,156.48,0.0361,7337.11
2026-05-08,29234.99,4721.0,156.64,0.036000000000000004,7398.93
2026-05-11,29320.66,4721.0,157.04,0.0361,7412.84
2026-05-12,29064.8,4721.0,157.71,0.0361,7400.96
2026-05-13,29366.94,4721.0,157.84,0.0361,7444.25
2026-05-14,29580.3,4721.0,158.08,0.036000000000000004,7501.24
2026-05-15,29125.2,4721.0,158.69,0.036000000000000004,7408.5
2026-05-18,28994.37,4721.0,158.83,0.036000000000000004,7403.05
2026-05-19,28818.84,4721.0,159.11,0.0359,7353.61
2026-05-20,29297.7,4721.0,158.84,0.035699999999999996,7432.97
2026-05-21,29357.27,4721.0,159.16,0.0359,7445.72
2026-05-22,29481.64,4721.0,159.2,0.0359,7473.47
2026-05-26,30001.32,4721.0,159.36,0.036000000000000004,7519.12
2026-05-27,29973.57,4721.0,159.47,0.0359,7520.36
2026-05-28,30223.89,4721.0,159.29,0.036000000000000004,7563.63
2026-05-29,30333.18,4721.0,159.23,0.036000000000000004,7580.06
2026-06-01,30513.86,4721.0,159.66,0.0363,7599.96
2026-06-02,30660.6,4721.0,159.86,0.0363,7609.78
2026-06-03,30571.24,4721.0,159.97,0.0363,7553.68
2026-06-04,30407.81,4721.0,159.97,0.0363,7584.31
2026-06-05,28957.6,4721.0,160.26,0.0363,7383.74
2026-06-08,29414.26,4721.0,160.12,0.0365,7405.73
2026-06-09,29084.5,4721.0,160.23,0.0364,7386.65
2026-06-10,28508.03,4721.0,160.47,0.0364,7266.99
2026-06-11,29446.18,4721.0,160.51,0.0363,7394.3
2026-06-12,29635.95,4721.0,160.24,0.0363,7431.46
2026-06-15,30543.92,4721.0,160.2,0.0364,7554.29
2026-06-16,29968.13,4721.0,160.39,0.0364,7511.35
2026-06-17,29670.95,4721.0,160.22,0.0368,7420.1
2026-06-18,30406.19,4721.0,161.37,0.036699999999999997,7500.58
2026-06-22,30347.08,4721.0,161.51,0.037000000000000005,7472.79
2026-06-23,29347.27,4721.0,161.55,0.037000000000000005,7365.46
2026-06-24,29220.06,4721.0,161.76,0.037000000000000005,7358.22
2026-06-25,29440.32,4721.0,161.67,0.0369,7357.49
2026-06-26,29118.24,4721.0,161.67,0.036699999999999997,7354.02
2026-06-29,29774.75,4721.0,161.67,0.0374,7440.43
2026-06-30,30276.35,4228.0,161.67,0.0374,7499.36
2026-07-01,29809.13,4228.0,161.67,0.0371,7483.23
2026-07-02,29329.21,4228.0,161.67,0.0371,7483.24
